;FLAVOR:Marlin
;TIME:2158
;Filament used: 1.46893m
;Layer height: 0.2
;MINX:73.979
;MINY:89
;MINZ:0.2
;MAXX:134.856
;MAXY:131
;MAXZ:29.6
;TARGET_MACHINE.NAME:Creality Ender-3 Pro
;Generated with Cura_SteamEngine 5.11.0
; Ender 3 Custom Start G-code
G92 E0 ; Reset Extruder
G28 ; Home all axes
G1 Z5.0 F3000 ; Move Z Axis up a bit during heating to not damage bed
M104 S175 ; Start heating up the nozzle most of the way
M190 S60 ; Start heating the bed, wait until target temperature reached
M109 S200 ; Finish heating the nozzle
G1 Z2.0 F3000 ; Move Z Axis up little to prevent scratching of Heat Bed
G1 X0.1 Y20 Z0.3 F5000.0 ; Move to start position
G1 X0.1 Y200.0 Z0.3 F1500.0 E15 ; Draw the first line
G1 X0.4 Y200.0 Z0.3 F5000.0 ; Move to side a little
G1 X0.4 Y20 Z0.3 F1500.0 E30 ; Draw the second line
G92 E0 ; Reset Extruder
G1 Z2.0 F3000 ; Move Z Axis up little to prevent scratching of Heat Bed
G1 X5 Y20 Z0.3 F5000.0 ; Move over to prevent blob squish
M82 ;absolute extrusion mode
G92 E0
G92 E0
G1 F1500 E-6.5
;LAYER_COUNT:148
;LAYER:0
M107
G0 F6000 X78.158 Y91.387 Z0.2
;TYPE:SKIRT
G1 F1500 E0
G1 F1200 X78.977 Y90.797 E0.03357
G1 X79.816 Y90.301 E0.06599
G1 X80.63 Y89.91 E0.09602
G1 X81.607 Y89.542 E0.13075
G1 X82.511 Y89.292 E0.16194
G1 X83.513 Y89.109 E0.19582
G1 X84.684 Y89.013 E0.2349
G1 X85.291 Y89 E0.25509
G1 X94.827 Y89 E0.57226
G1 X95.707 Y89.013 E0.60153
G1 X96.679 Y89.072 E0.63392
G1 X97.642 Y89.218 E0.66632
G1 X98.589 Y89.449 E0.69874
G1 X99.477 Y89.749 E0.72991
G1 X100.369 Y90.139 E0.76229
G1 X101.252 Y90.626 E0.79583
G1 X102.003 Y91.128 E0.82588
G1 X102.818 Y91.786 E0.86072
G1 X103.516 Y92.464 E0.89308
G1 X104.152 Y93.201 E0.92546
G1 X104.722 Y93.991 E0.95786
G1 X105.184 Y94.767 E0.9879
G1 X105.638 Y95.709 E1.02268
G1 X105.967 Y96.587 E1.05386
G1 X106.236 Y97.56 E1.08744
G1 X106.413 Y98.527 E1.12014
G1 X106.509 Y99.682 E1.15868
G1 X106.523 Y100.33 E1.18024
G1 X106.524 Y119.283 E1.81062
G1 X106.511 Y120.179 E1.84043
G1 X106.452 Y121.151 E1.87281
G1 X106.306 Y122.114 E1.90521
G1 X106.076 Y123.062 E1.93766
G1 X105.788 Y123.918 E1.96769
G1 X105.37 Y124.874 E2.0024
G1 X104.9 Y125.725 E2.03473
G1 X104.398 Y126.476 E2.06478
G1 X103.741 Y127.29 E2.09957
G1 X103.063 Y127.989 E2.13196
G1 X102.326 Y128.626 E2.16436
G1 X101.536 Y129.195 E2.19674
G1 X100.76 Y129.658 E2.22679
G1 X99.819 Y130.111 E2.26153
G1 X98.907 Y130.452 E2.29391
G1 X97.969 Y130.711 E2.32628
G1 X97.001 Y130.889 E2.35901
G1 X95.81 Y130.986 E2.39876
G1 X95.27 Y130.998 E2.41672
G1 X85.675 Y131 E2.73585
G1 X84.795 Y130.987 E2.76513
G1 X83.823 Y130.928 E2.79751
G1 X82.86 Y130.782 E2.82991
G1 X81.913 Y130.551 E2.86233
G1 X81.025 Y130.251 E2.89351
G1 X80.133 Y129.861 E2.92589
G1 X79.25 Y129.374 E2.95943
G1 X78.499 Y128.872 E2.98947
G1 X77.684 Y128.214 E3.02431
G1 X76.986 Y127.536 E3.05667
G1 X76.35 Y126.799 E3.08905
G1 X75.78 Y126.009 E3.12145
G1 X75.318 Y125.233 E3.15149
G1 X74.864 Y124.291 E3.18627
G1 X74.535 Y123.413 E3.21746
G1 X74.266 Y122.44 E3.25103
G1 X74.089 Y121.473 E3.28373
G1 X73.993 Y120.308 E3.32261
G1 X73.979 Y119.658 E3.34423
G1 X73.98 Y100.509 E3.98113
G1 X73.992 Y99.808 E4.00445
G1 X74.052 Y98.835 E4.03687
G1 X74.199 Y97.874 E4.06921
G1 X74.43 Y96.926 E4.10166
G1 X74.732 Y96.037 E4.13289
G1 X75.139 Y95.115 E4.16641
G1 X75.61 Y94.263 E4.19879
G1 X76.155 Y93.454 E4.23123
G1 X76.746 Y92.726 E4.26242
G1 X77.448 Y92.001 E4.29599
G1 X78.158 Y91.387 E4.32721
G0 F6000 X78.42 Y91.69
G1 F1200 X79.181 Y91.141 E4.35842
G1 X79.989 Y90.662 E4.38966
G1 X80.803 Y90.271 E4.41969
G1 X81.714 Y89.928 E4.45207
G1 X82.618 Y89.678 E4.48326
G1 X83.546 Y89.508 E4.51464
G1 X84.693 Y89.413 E4.55292
G1 X85.3 Y89.4 E4.57312
G1 X94.821 Y89.4 E4.88979
G1 X95.683 Y89.412 E4.91846
G1 X96.62 Y89.468 E4.94968
G1 X97.548 Y89.607 E4.98089
G1 X98.461 Y89.828 E5.01213
G1 X99.317 Y90.116 E5.04217
G1 X100.209 Y90.506 E5.07455
G1 X101.03 Y90.959 E5.10574
G1 X101.781 Y91.461 E5.13578
G1 X102.54 Y92.073 E5.16821
G1 X103.214 Y92.726 E5.19943
G1 X103.828 Y93.435 E5.23062
G1 X104.378 Y94.196 E5.26185
G1 X104.84 Y94.972 E5.29189
G1 X105.263 Y95.849 E5.32427
G1 X105.592 Y96.727 E5.35546
G1 X105.843 Y97.632 E5.3867
G1 X106.014 Y98.56 E5.41808
G1 X106.11 Y99.715 E5.45663
G1 X106.123 Y100.33 E5.47709
G1 X106.124 Y119.278 E6.1073
G1 X106.112 Y120.155 E6.13647
G1 X106.056 Y121.092 E6.16769
G1 X105.917 Y122.02 E6.1989
G1 X105.697 Y122.934 E6.23017
G1 X105.409 Y123.79 E6.26021
G1 X105.019 Y124.681 E6.29256
G1 X104.567 Y125.503 E6.32376
G1 X104.065 Y126.254 E6.3538
G1 X103.453 Y127.012 E6.38621
G1 X102.801 Y127.687 E6.41742
G1 X102.092 Y128.302 E6.44864
G1 X101.331 Y128.851 E6.47985
G1 X100.555 Y129.314 E6.5099
G1 X99.678 Y129.737 E6.54229
G1 X98.8 Y130.067 E6.57348
G1 X97.896 Y130.318 E6.60469
G1 X96.968 Y130.49 E6.63608
G1 X95.801 Y130.586 E6.67503
G1 X95.27 Y130.598 E6.69269
G1 X85.681 Y130.6 E7.01162
G1 X84.819 Y130.588 E7.0403
G1 X83.882 Y130.532 E7.07152
G1 X82.954 Y130.393 E7.10273
G1 X82.041 Y130.172 E7.13397
G1 X81.185 Y129.884 E7.16401
G1 X80.293 Y129.494 E7.19639
G1 X79.472 Y129.041 E7.22758
G1 X78.721 Y128.539 E7.25762
G1 X77.962 Y127.927 E7.29005
G1 X77.288 Y127.274 E7.32126
G1 X76.674 Y126.565 E7.35246
G1 X76.124 Y125.804 E7.38369
G1 X75.662 Y125.028 E7.41372
G1 X75.239 Y124.151 E7.44611
G1 X74.91 Y123.273 E7.47729
G1 X74.659 Y122.368 E7.50853
G1 X74.488 Y121.44 E7.53992
G1 X74.392 Y120.275 E7.5788
G1 X74.379 Y119.658 E7.59932
G1 X74.38 Y100.515 E8.23602
G1 X74.391 Y99.832 E8.25874
G1 X74.448 Y98.895 E8.28996
G1 X74.588 Y97.968 E8.32114
G1 X74.809 Y97.055 E8.35239
G1 X75.111 Y96.166 E8.38362
G1 X75.489 Y95.308 E8.4148
G1 X75.942 Y94.486 E8.44602
G1 X76.466 Y93.706 E8.47727
G1 X77.057 Y92.978 E8.50846
G1 X77.71 Y92.304 E8.53967
G1 X78.42 Y91.69 E8.57089
G0 F6000 X78.654 Y92.014
G1 F1200 X79.386 Y91.485 E8.60093
G1 X80.162 Y91.023 E8.63097
G1 X80.976 Y90.632 E8.661
G1 X81.821 Y90.313 E8.69104
G1 X82.691 Y90.071 E8.72108
G1 X83.579 Y89.907 E8.75111
G1 X84.702 Y89.813 E8.78859
G1 X85.309 Y89.8 E8.80879
G1 X94.816 Y89.8 E9.12499
G1 X95.66 Y89.811 E9.15307
G1 X96.562 Y89.864 E9.18312
G1 X97.455 Y89.996 E9.21314
G1 X98.333 Y90.207 E9.24318
G1 X99.189 Y90.495 E9.27321
G1 X100.016 Y90.857 E9.30324
G1 X100.808 Y91.292 E9.33329
G1 X101.559 Y91.794 E9.36334
G1 X102.262 Y92.361 E9.39338
G1 X102.912 Y92.988 E9.42342
G1 X103.504 Y93.67 E9.45345
G1 X104.034 Y94.401 E9.48348
G1 X104.496 Y95.177 E9.51352
G1 X104.889 Y95.99 E9.54356
G1 X105.207 Y96.835 E9.57359
G1 X105.45 Y97.705 E9.60363
G1 X105.615 Y98.593 E9.63367
G1 X105.71 Y99.724 E9.67142
G1 X105.723 Y100.33 E9.69158
G1 X105.724 Y119.273 E10.32163
G1 X105.713 Y120.132 E10.3502
G1 X105.66 Y121.034 E10.38025
G1 X105.528 Y121.927 E10.41028
G1 X105.318 Y122.806 E10.44033
G1 X105.03 Y123.662 E10.47037
G1 X104.668 Y124.489 E10.5004
G1 X104.234 Y125.281 E10.53044
G1 X103.732 Y126.032 E10.56048
G1 X103.165 Y126.735 E10.59052
G1 X102.539 Y127.385 E10.62054
G1 X101.857 Y127.978 E10.65059
G1 X101.126 Y128.507 E10.68061
G1 X100.35 Y128.97 E10.71066
G1 X99.537 Y129.363 E10.7407
G1 X98.692 Y129.682 E10.77074
G1 X97.822 Y129.925 E10.80078
G1 X96.935 Y130.091 E10.83079
G1 X95.791 Y130.186 E10.86897
G1 X95.265 Y130.199 E10.88647
G1 X85.686 Y130.2 E11.20507
G1 X84.842 Y130.189 E11.23315
G1 X83.94 Y130.136 E11.2632
G1 X83.047 Y130.004 E11.29322
G1 X82.169 Y129.793 E11.32326
G1 X81.313 Y129.505 E11.3533
G1 X80.486 Y129.143 E11.38332
G1 X79.694 Y128.708 E11.41338
G1 X78.943 Y128.206 E11.44342
G1 X78.24 Y127.639 E11.47346
G1 X77.59 Y127.012 E11.5035
G1 X76.998 Y126.33 E11.53354
G1 X76.468 Y125.599 E11.56357
G1 X76.006 Y124.823 E11.5936
G1 X75.613 Y124.01 E11.62364
G1 X75.295 Y123.165 E11.65367
G1 X75.052 Y122.295 E11.68371
G1 X74.887 Y121.407 E11.71375
G1 X74.792 Y120.266 E11.75183
G1 X74.779 Y119.658 E11.77206
G1 X74.78 Y100.521 E12.40856
G1 X74.79 Y99.856 E12.43068
G1 X74.844 Y98.954 E12.46073
G1 X74.977 Y98.061 E12.49076
G1 X75.188 Y97.183 E12.5208
G1 X75.477 Y96.327 E12.55085
G1 X75.84 Y95.5 E12.58089
G1 X76.274 Y94.709 E12.61089
G1 X76.777 Y93.958 E12.64096
G1 X77.345 Y93.256 E12.67099
G1 X77.972 Y92.606 E12.70103
G1 X78.654 Y92.014 E12.73107
G1 F1500 E6.23107
;MESH:testprint.stl
G0 F6000 X85.403 Y99.335
G0 X94.376 Y119.4
;TYPE:WALL-INNER
G1 F1500 E12.73107
G1 F1200 X94.376 Y100.6 E13.35636
G1 X85.576 Y100.6 E13.64905
G1 X85.576 Y119.4 E14.27434
G1 X94.376 Y119.4 E14.56703
G0 F6000 X94.776 Y119.8
;TYPE:WALL-OUTER
G1 F1200 X94.776 Y100.2 E15.21892
G1 X85.176 Y100.2 E15.53822
G1 X85.176 Y119.8 E16.19012
G1 X94.776 Y119.8 E16.50942
G0 F6000 X94.499 Y119.52
G0 X94.276 Y119.04
G0 X94.016 Y119.04
;TYPE:SKIN
G1 F1200 X85.936 Y119.04 E16.77816
G1 X85.936 Y100.96 E17.3795
G1 X94.016 Y100.96 E17.64825
G1 X94.016 Y119.04 E18.24959
G0 F6000 X94.276 Y119.04
G0 X85.748 Y119.228
G0 X85.676 Y118.38
G0 X86.136 Y118.38
G1 F1200 X86.596 Y118.84 E18.27123
G0 F6000 X87.162 Y118.84
G1 F1200 X86.136 Y117.814 E18.31949
G0 F6000 X86.136 Y117.248
G1 F1200 X87.727 Y118.84 E18.39434
G0 F6000 X88.293 Y118.84
G1 F1200 X86.136 Y116.683 E18.4958
G0 F6000 X86.136 Y116.117
G1 F1200 X88.859 Y118.84 E18.62388
G0 F6000 X89.424 Y118.84
G1 F1200 X86.136 Y115.551 E18.77857
G0 F6000 X86.136 Y114.985
G1 F1200 X89.99 Y118.84 E18.95987
G0 F6000 X90.556 Y118.84
G1 F1200 X86.136 Y114.42 E19.16777
G0 F6000 X86.136 Y113.854
G1 F1200 X91.121 Y118.84 E19.40228
G0 F6000 X91.687 Y118.84
G1 F1200 X86.136 Y113.288 E19.6634
G0 F6000 X86.136 Y112.723
G1 F1200 X92.253 Y118.84 E19.95113
G0 F6000 X92.818 Y118.84
G1 F1200 X86.136 Y112.157 E20.26545
G0 F6000 X86.136 Y111.591
G1 F1200 X93.384 Y118.84 E20.6064
G0 F6000 X93.816 Y118.706
G1 F1200 X86.136 Y111.026 E20.96764
G0 F6000 X86.136 Y110.46
G1 F1200 X93.816 Y118.141 E21.32891
G0 F6000 X93.816 Y117.575
G1 F1200 X86.136 Y109.894 E21.69018
G0 F6000 X86.136 Y109.329
G1 F1200 X93.816 Y117.009 E22.05142
G0 F6000 X93.816 Y116.444
G1 F1200 X86.136 Y108.763 E22.41269
G0 F6000 X86.136 Y108.197
G1 F1200 X93.816 Y115.878 E22.77395
G0 F6000 X93.816 Y115.312
G1 F1200 X86.136 Y107.632 E23.1352
G0 F6000 X86.136 Y107.066
G1 F1200 X93.816 Y114.746 E23.49644
G0 F6000 X93.816 Y114.181
G1 F1200 X86.136 Y106.5 E23.85771
G0 F6000 X86.136 Y105.934
G1 F1200 X93.816 Y113.615 E24.21898
G0 F6000 X93.816 Y113.049
G1 F1200 X86.136 Y105.369 E24.58022
G0 F6000 X86.136 Y104.803
G1 F1200 X93.816 Y112.484 E24.94149
G0 F6000 X93.816 Y111.918
G1 F1200 X86.136 Y104.237 E25.30275
G0 F6000 X86.136 Y103.672
G1 F1200 X93.816 Y111.352 E25.664
G0 F6000 X93.816 Y110.787
G1 F1200 X86.136 Y103.106 E26.02526
G0 F6000 X86.136 Y102.54
G1 F1200 X93.816 Y110.221 E26.38653
G0 F6000 X93.816 Y109.655
G1 F1200 X86.136 Y101.975 E26.74777
G0 F6000 X86.136 Y101.409
G1 F1200 X93.816 Y109.09 E27.10904
G0 F6000 X93.816 Y108.524
G1 F1200 X86.452 Y101.16 E27.45542
G0 F6000 X87.018 Y101.16
G1 F1200 X93.816 Y107.958 E27.77518
G0 F6000 X93.816 Y107.393
G1 F1200 X87.584 Y101.16 E28.06834
G0 F6000 X88.149 Y101.16
G1 F1200 X93.816 Y106.827 E28.3349
G0 F6000 X93.816 Y106.261
G1 F1200 X88.715 Y101.16 E28.57483
G0 F6000 X89.281 Y101.16
G1 F1200 X93.816 Y105.695 E28.78814
G0 F6000 X93.816 Y105.13
G1 F1200 X89.846 Y101.16 E28.97488
G0 F6000 X90.412 Y101.16
G1 F1200 X93.816 Y104.564 E29.13499
G0 F6000 X93.816 Y103.998
G1 F1200 X90.978 Y101.16 E29.26848
G0 F6000 X91.543 Y101.16
G1 F1200 X93.816 Y103.433 E29.3754
G0 F6000 X93.816 Y102.867
G1 F1200 X92.109 Y101.16 E29.45569
G0 F6000 X92.675 Y101.16
G1 F1200 X93.816 Y102.301 E29.50936
G0 F6000 X93.816 Y101.736
G1 F1200 X93.241 Y101.16 E29.53643
M104 S200
G1 F1500 E23.03643
;MESH:NONMESH
G0 F300 X93.241 Y101.16 Z0.4
G0 F6000 X93.241 Y100.7
G0 X85.403 Y100.424
G0 X85.403 Y99.335
G0 X78.654 Y92.014
;TIME_ELAPSED:54.898107
;LAYER:1
M106 S85
;TYPE:SKIRT
G1 F1500 E29.53643
G1 F1200 X79.386 Y91.485 E29.56647
G1 X80.162 Y91.023 E29.59651
G1 X80.976 Y90.632 E29.62654
G1 X81.821 Y90.313 E29.65658
G1 X82.691 Y90.071 E29.68662
G1 X83.579 Y89.907 E29.71665
G1 X84.702 Y89.813 E29.75413
G1 X85.309 Y89.8 E29.77433
G1 X94.816 Y89.8 E30.09053
G1 X95.66 Y89.811 E30.11861
G1 X96.562 Y89.864 E30.14866
G1 X97.455 Y89.996 E30.17868
G1 X98.333 Y90.207 E30.20872
G1 X99.189 Y90.495 E30.23875
G1 X100.016 Y90.857 E30.26878
G1 X100.808 Y91.292 E30.29883
G1 X101.559 Y91.794 E30.32888
G1 X102.262 Y92.361 E30.35892
G1 X102.912 Y92.988 E30.38896
G1 X103.504 Y93.67 E30.41899
G1 X104.034 Y94.401 E30.44902
G1 X104.496 Y95.177 E30.47906
G1 X104.889 Y95.99 E30.5091
G1 X105.207 Y96.835 E30.53913
G1 X105.45 Y97.705 E30.56917
G1 X105.615 Y98.593 E30.59921
G1 X105.71 Y99.724 E30.63696
G1 X105.723 Y100.33 E30.65712
G1 X105.724 Y119.273 E31.28717
G1 X105.713 Y120.132 E31.31574
G1 X105.66 Y121.034 E31.34579
G1 X105.528 Y121.927 E31.37582
G1 X105.318 Y122.806 E31.40587
G1 X105.03 Y123.662 E31.43591
G1 X104.668 Y124.489 E31.46594
G1 X104.234 Y125.281 E31.49598
G1 X103.732 Y126.032 E31.52602
G1 X103.165 Y126.735 E31.55606
G1 X102.539 Y127.385 E31.58608
G1 X101.857 Y127.978 E31.61613
G1 X101.126 Y128.507 E31.64615
G1 X100.35 Y128.97 E31.6762
G1 X99.537 Y129.363 E31.70624
G1 X98.692 Y129.682 E31.73628
G1 X97.822 Y129.925 E31.76632
G1 X96.935 Y130.091 E31.79633
G1 X95.791 Y130.186 E31.83451
G1 X95.265 Y130.199 E31.85201
G1 X85.686 Y130.2 E32.17061
G1 X84.842 Y130.189 E32.19869
G1 X83.94 Y130.136 E32.22874
G1 X83.047 Y130.004 E32.25876
G1 X82.169 Y129.793 E32.2888
G1 X81.313 Y129.505 E32.31884
G1 X80.486 Y129.143 E32.34886
G1 X79.694 Y128.708 E32.37892
G1 X78.943 Y128.206 E32.40896
G1 X78.24 Y127.639 E32.439
G1 X77.59 Y127.012 E32.46904
G1 X76.998 Y126.33 E32.49908
G1 X76.468 Y125.599 E32.52911
G1 X76.006 Y124.823 E32.55914
G1 X75.613 Y124.01 E32.58918
G1 X75.295 Y123.165 E32.61921
G1 X75.052 Y122.295 E32.64925
G1 X74.887 Y121.407 E32.67929
G1 X74.792 Y120.266 E32.71737
G1 X74.779 Y119.658 E32.7376
G1 X74.78 Y100.521 E33.3741
G1 X74.79 Y99.856 E33.39622
G1 X74.844 Y98.954 E33.42627
G1 X74.977 Y98.061 E33.4563
G1 X75.188 Y97.183 E33.48634
G1 X75.477 Y96.327 E33.51639
G1 X75.84 Y95.5 E33.54643
G1 X76.274 Y94.709 E33.57643
G1 X76.777 Y93.958 E33.6065
G1 X77.345 Y93.256 E33.63653
G1 X77.972 Y92.606 E33.66657
G1 X78.654 Y92.014 E33.69661
G1 F1500 E27.19661
;MESH:testprint.stl
G0 F7500 X85.676 Y99.335
G0 X94.651 Y119.399
;TYPE:WALL-INNER
G1 F1500 E33.69661
G1 F1350 X94.648 Y100.6 E34.32186
G1 X85.852 Y100.6 E34.61442
G1 X85.853 Y119.399 E35.23968
G1 X94.651 Y119.399 E35.5323
G1 F1500 E29.0323
G0 F7500 X85.732 Y119.52
G0 X85.453 Y119.799
;TYPE:WALL-OUTER
G1 F1500 E35.5323
G1 F1350 X95.051 Y119.799 E35.85153
G1 X95.048 Y100.2 E36.5034
G1 X85.452 Y100.2 E36.82256
G1 X85.453 Y119.799 E37.47443
G0 F7500 X85.732 Y119.52
G0 X94.479 Y119.227
G0 X94.288 Y119.036
;TYPE:SKIN
G1 F1350 X86.212 Y119.036 E37.74303
G1 X86.212 Y100.96 E38.34424
G1 X94.288 Y100.96 E38.61285
G1 X94.288 Y119.036 E39.21406
G0 F7500 X93.862 Y118.836
G1 F1350 X94.088 Y118.61 E39.22469
G0 F7500 X94.088 Y118.044
G1 F1350 X93.296 Y118.836 E39.26195
G0 F7500 X92.731 Y118.836
G1 F1350 X94.088 Y117.479 E39.32578
G0 F7500 X94.088 Y116.913
G1 F1350 X92.165 Y118.836 E39.41623
G0 F7500 X91.599 Y118.836
G1 F1350 X94.088 Y116.347 E39.5333
G0 F7500 X94.088 Y115.782
G1 F1350 X91.034 Y118.836 E39.67695
G0 F7500 X90.468 Y118.836
G1 F1350 X94.088 Y115.216 E39.84723
G0 F7500 X94.088 Y114.65
G1 F1350 X89.902 Y118.836 E40.04412
G0 F7500 X89.337 Y118.836
G1 F1350 X94.088 Y114.085 E40.2676
G0 F7500 X94.088 Y113.519
G1 F1350 X88.771 Y118.836 E40.51769
G0 F7500 X88.205 Y118.836
G1 F1350 X94.088 Y112.953 E40.79441
G0 F7500 X94.088 Y112.388
G1 F1350 X87.64 Y118.836 E41.0977
G0 F7500 X87.074 Y118.836
G1 F1350 X94.088 Y111.822 E41.42762
G0 F7500 X94.088 Y111.256
G1 F1350 X86.508 Y118.836 E41.78416
G0 F7500 X86.412 Y118.366
G1 F1350 X94.088 Y110.69 E42.14522
G0 F7500 X94.088 Y110.125
G1 F1350 X86.412 Y117.8 E42.50625
G0 F7500 X86.412 Y117.235
G1 F1350 X94.088 Y109.559 E42.86731
G0 F7500 X94.088 Y108.993
G1 F1350 X86.412 Y116.669 E43.22836
G0 F7500 X86.412 Y116.103
G1 F1350 X94.088 Y108.428 E43.58939
G0 F7500 X94.088 Y107.862
G1 F1350 X86.412 Y115.538 E43.95045
G0 F7500 X86.412 Y114.972
G1 F1350 X94.088 Y107.296 E44.3115
G0 F7500 X94.088 Y106.731
G1 F1350 X86.412 Y114.406 E44.67254
G0 F7500 X86.412 Y113.841
G1 F1350 X94.088 Y106.165 E45.03359
G0 F7500 X94.088 Y105.599
G1 F1350 X86.412 Y113.275 E45.39465
G0 F7500 X86.412 Y112.709
G1 F1350 X94.088 Y105.034 E45.75568
G0 F7500 X94.088 Y104.468
G1 F1350 X86.412 Y112.144 E46.11673
G0 F7500 X86.412 Y111.578
G1 F1350 X94.088 Y103.902 E46.47779
G0 F7500 X94.088 Y103.337
G1 F1350 X86.412 Y111.012 E46.83882
G0 F7500 X86.412 Y110.447
G1 F1350 X94.088 Y102.771 E47.19988
G0 F7500 X94.088 Y102.205
G1 F1350 X86.412 Y109.881 E47.56093
G0 F7500 X86.412 Y109.315
G1 F1350 X94.088 Y101.64 E47.92196
G0 F7500 X94.002 Y101.159
G1 F1350 X86.412 Y108.749 E48.27897
G0 F7500 X86.412 Y108.184
G1 F1350 X93.436 Y101.159 E48.60939
G0 F7500 X92.871 Y101.159
G1 F1350 X86.412 Y107.618 E48.9132
G0 F7500 X86.412 Y107.052
G1 F1350 X92.305 Y101.159 E49.19039
G0 F7500 X91.739 Y101.159
G1 F1350 X86.412 Y106.487 E49.44098
G0 F7500 X86.412 Y105.921
G1 F1350 X91.174 Y101.159 E49.66497
G0 F7500 X90.608 Y101.159
G1 F1350 X86.412 Y105.355 E49.86233
G0 F7500 X86.412 Y104.79
G1 F1350 X90.042 Y101.159 E50.0331
G0 F7500 X89.477 Y101.159
G1 F1350 X86.412 Y104.224 E50.17727
G0 F7500 X86.412 Y103.658
G1 F1350 X88.911 Y101.159 E50.29481
G0 F7500 X88.345 Y101.159
G1 F1350 X86.412 Y103.093 E50.38576
G0 F7500 X86.412 Y102.527
G1 F1350 X87.78 Y101.159 E50.45011
G0 F7500 X87.214 Y101.159
G1 F1350 X86.412 Y101.961 E50.48783
G0 F7500 X86.412 Y101.396
G1 F1350 X86.648 Y101.159 E50.49895
G1 F1500 E43.99895
;MESH:NONMESH
G0 F300 X86.648 Y101.159 Z0.6
G0 F7500 X86.648 Y100.7
G0 X85.676 Y100.424
G0 X85.676 Y99.335
G0 X78.654 Y92.014
;TIME_ELAPSED:90.660945
;LAYER:2
M106 S170
;TYPE:SKIRT
G1 F1500 E50.49895
G1 F1200 X79.386 Y91.485 E50.52899
G1 X80.162 Y91.023 E50.55903
G1 X80.976 Y90.632 E50.58907
G1 X81.821 Y90.313 E50.61911
G1 X82.691 Y90.071 E50.64914
G1 X83.579 Y89.907 E50.67918
G1 X84.702 Y89.813 E50.71666
G1 X85.309 Y89.8 E50.73685
G1 X94.816 Y89.8 E51.05305
G1 X95.66 Y89.811 E51.08113
G1 X96.562 Y89.864 E51.11118
G1 X97.455 Y89.996 E51.14121
G1 X98.333 Y90.207 E51.17124
G1 X99.189 Y90.495 E51.20128
G1 X100.016 Y90.857 E51.2313
G1 X100.808 Y91.292 E51.26136
G1 X101.559 Y91.794 E51.2914
G1 X102.262 Y92.361 E51.32144
G1 X102.912 Y92.988 E51.35148
G1 X103.504 Y93.67 E51.38152
G1 X104.034 Y94.401 E51.41155
G1 X104.496 Y95.177 E51.44159
G1 X104.889 Y95.99 E51.47162
G1 X105.207 Y96.835 E51.50165
G1 X105.45 Y97.705 E51.53169
G1 X105.615 Y98.593 E51.56173
G1 X105.71 Y99.724 E51.59948
G1 X105.723 Y100.33 E51.61964
G1 X105.724 Y119.273 E52.24969
G1 X105.713 Y120.132 E52.27826
G1 X105.66 Y121.034 E52.30832
G1 X105.528 Y121.927 E52.33834
G1 X105.318 Y122.806 E52.3684
G1 X105.03 Y123.662 E52.39844
G1 X104.668 Y124.489 E52.42846
G1 X104.234 Y125.281 E52.4585
G1 X103.732 Y126.032 E52.48854
G1 X103.165 Y126.735 E52.51858
G1 X102.539 Y127.385 E52.5486
G1 X101.857 Y127.978 E52.57866
G1 X101.126 Y128.507 E52.60867
G1 X100.35 Y128.97 E52.63872
G1 X99.537 Y129.363 E52.66876
G1 X98.692 Y129.682 E52.6988
G1 X97.822 Y129.925 E52.72884
G1 X96.935 Y130.091 E52.75886
G1 X95.791 Y130.186 E52.79704
G1 X95.265 Y130.199 E52.81454
G1 X85.686 Y130.2 E53.13314
G1 X84.842 Y130.189 E53.16121
G1 X83.94 Y130.136 E53.19126
G1 X83.047 Y130.004 E53.22129
G1 X82.169 Y129.793 E53.25132
G1 X81.313 Y129.505 E53.28136
G1 X80.486 Y129.143 E53.31139
G1 X79.694 Y128.708 E53.34144
G1 X78.943 Y128.206 E53.37148
G1 X78.24 Y127.639 E53.40152
G1 X77.59 Y127.012 E53.43156
G1 X76.998 Y126.33 E53.4616
G1 X76.468 Y125.599 E53.49163
G1 X76.006 Y124.823 E53.52167
G1 X75.613 Y124.01 E53.5517
G1 X75.295 Y123.165 E53.58173
G1 X75.052 Y122.295 E53.61177
G1 X74.887 Y121.407 E53.64182
G1 X74.792 Y120.266 E53.6799
G1 X74.779 Y119.658 E53.70012
G1 X74.78 Y100.521 E54.33662
G1 X74.79 Y99.856 E54.35874
G1 X74.844 Y98.954 E54.3888
G1 X74.977 Y98.061 E54.41883
G1 X75.188 Y97.183 E54.44886
G1 X75.477 Y96.327 E54.47891
G1 X75.84 Y95.5 E54.50895
G1 X76.274 Y94.709 E54.53896
G1 X76.777 Y93.958 E54.56902
G1 X77.345 Y93.256 E54.59906
G1 X77.972 Y92.606 E54.62909
G1 X78.654 Y92.014 E54.65913
G1 F1500 E48.15913
;MESH:testprint.stl
G0 F9000 X85.948 Y99.335
G0 X94.923 Y119.399
;TYPE:WALL-INNER
G1 F1500 E54.65913
G1 X94.92 Y100.6 E55.28439
G1 X86.124 Y100.6 E55.57694
G1 X86.125 Y119.399 E56.2022
G1 X94.923 Y119.399 E56.49482
G1 F1500 E49.99482
G0 F9000 X86.004 Y119.52
G0 X85.725 Y119.799
;TYPE:WALL-OUTER
G1 F1500 E56.49482
G1 X95.323 Y119.799 E56.81405
G1 X95.32 Y100.2 E57.46592
G1 X85.724 Y100.2 E57.78508
G1 X85.725 Y119.799 E58.43695
G0 F9000 X86.004 Y119.52
G0 X94.751 Y119.227
G0 X94.56 Y119.036
;TYPE:SKIN
G1 F1500 X86.484 Y119.036 E58.70556
G1 X86.484 Y100.96 E59.30677
G1 X94.56 Y100.96 E59.57538
G1 X94.56 Y119.036 E60.17659
G0 F9000 X94.823 Y119.036
G0 X87.157 Y119.299
G0 X87.157 Y118.836
G1 F1500 X86.684 Y118.363 E60.19884
G0 F9000 X86.684 Y117.797
G1 F1500 X87.723 Y118.836 E60.24771
G0 F9000 X88.289 Y118.836
G1 F1500 X86.684 Y117.231 E60.3232
G0 F9000 X86.684 Y116.666
G1 F1500 X88.854 Y118.836 E60.42527
G0 F9000 X89.42 Y118.836
G1 F1500 X86.684 Y116.1 E60.55396
G0 F9000 X86.684 Y115.534
G1 F1500 X89.986 Y118.836 E60.70928
G0 F9000 X90.551 Y118.836
G1 F1500 X86.684 Y114.968 E60.8912
G0 F9000 X86.684 Y114.403
G1 F1500 X91.117 Y118.836 E61.09971
G0 F9000 X91.683 Y118.836
G1 F1500 X86.684 Y113.837 E61.33485
G0 F9000 X86.684 Y113.271
G1 F1500 X92.248 Y118.836 E61.59659
G0 F9000 X92.814 Y118.836
G1 F1500 X86.684 Y112.706 E61.88492
G0 F9000 X86.684 Y112.14
G1 F1500 X93.38 Y118.836 E62.19988
G0 F9000 X93.945 Y118.836
G1 F1500 X86.684 Y111.574 E62.54144
G0 F9000 X86.684 Y111.009
G1 F1500 X94.361 Y118.685 E62.90252
G0 F9000 X94.361 Y118.119
G1 F1500 X86.684 Y110.443 E63.2636
G0 F9000 X86.684 Y109.877
G1 F1500 X94.361 Y117.554 E63.6247
G0 F9000 X94.361 Y116.988
G1 F1500 X86.684 Y109.312 E63.98578
G0 F9000 X86.684 Y108.746
G1 F1500 X94.361 Y116.422 E64.34686
G0 F9000 X94.361 Y115.857
G1 F1500 X86.684 Y108.18 E64.70796
G0 F9000 X86.684 Y107.615
G1 F1500 X94.361 Y115.291 E65.06904
G0 F9000 X94.361 Y114.725
G1 F1500 X86.684 Y107.049 E65.43012
G0 F9000 X86.684 Y106.483
G1 F1500 X94.361 Y114.16 E65.79122
G0 F9000 X94.361 Y113.594
G1 F1500 X86.684 Y105.918 E66.1523
G0 F9000 X86.684 Y105.352
G1 F1500 X94.361 Y113.028 E66.51338
G0 F9000 X94.361 Y112.463
G1 F1500 X86.684 Y104.786 E66.87448
G0 F9000 X86.684 Y104.22
G1 F1500 X94.361 Y111.897 E67.23558
G0 F9000 X94.361 Y111.331
G1 F1500 X86.684 Y103.655 E67.59666
G0 F9000 X86.684 Y103.089
G1 F1500 X94.361 Y110.765 E67.95774
G0 F9000 X94.361 Y110.2
G1 F1500 X86.684 Y102.523 E68.31885
G0 F9000 X86.684 Y101.958
G1 F1500 X94.361 Y109.634 E68.67992
G0 F9000 X94.361 Y109.068
G1 F1500 X86.684 Y101.392 E69.041
G0 F9000 X87.018 Y101.16
G1 F1500 X94.361 Y108.503 E69.3864
G0 F9000 X94.361 Y107.937
G1 F1500 X87.584 Y101.16 E69.70516
G0 F9000 X88.149 Y101.16
G1 F1500 X94.361 Y107.371 E69.99733
G0 F9000 X94.361 Y106.806
G1 F1500 X88.715 Y101.16 E70.26291
G0 F9000 X89.281 Y101.16
G1 F1500 X94.361 Y106.24 E70.50185
G0 F9000 X94.361 Y105.674
G1 F1500 X89.846 Y101.16 E70.7142
G0 F9000 X90.412 Y101.16
G1 F1500 X94.361 Y105.109 E70.89995
G0 F9000 X94.361 Y104.543
G1 F1500 X90.978 Y101.16 E71.05908
G0 F9000 X91.543 Y101.16
G1 F1500 X94.361 Y103.977 E71.1916
G0 F9000 X94.361 Y103.412
G1 F1500 X92.109 Y101.16 E71.29753
G0 F9000 X92.675 Y101.16
G1 F1500 X94.361 Y102.846 E71.37683
G0 F9000 X94.361 Y102.28
G1 F1500 X93.241 Y101.16 E71.42952
G0 F9000 X93.806 Y101.16
G1 F1500 X94.361 Y101.714 E71.4556
;MESH:NONMESH
G0 F300 X94.361 Y101.714 Z0.8
G0 F9000 X94.821 Y101.714
G0 X95.013 Y119.4
G0 X95.196 Y119.4
;TIME_ELAPSED:124.341038
;LAYER:3
M106 S255
;TYPE:WALL-INNER
;MESH:testprint.stl
G1 F1500 X95.196 Y100.6 E72.08089
G1 X86.396 Y100.6 E72.37358
G1 X86.396 Y119.4 E72.99887
G1 X95.196 Y119.4 E73.29156
G1 F1500 E66.79156
G0 F9000 X86.277 Y119.52
G0 X85.996 Y119.8
;TYPE:WALL-OUTER
G1 F1500 E73.29156
G1 X95.596 Y119.8 E73.61085
G1 X95.596 Y100.2 E74.26275
G1 X85.996 Y100.2 E74.58205
G1 X85.996 Y119.8 E75.23395
G0 F9000 X86.277 Y119.52
G0 X95.024 Y119.228
G0 X94.836 Y119.04
;TYPE:SKIN
G1 F1500 X86.756 Y119.04 E75.50269
G1 X86.756 Y100.96 E76.10403
G1 X94.836 Y100.96 E76.37278
G1 X94.836 Y119.04 E76.97412
G0 F9000 X94.424 Y118.84
G1 F1500 X94.636 Y118.628 E76.98409
G0 F9000 X94.636 Y118.062
G1 F1500 X93.858 Y118.84 E77.02069
G0 F9000 X93.292 Y118.84
G1 F1500 X94.636 Y117.496 E77.0839
G0 F9000 X94.636 Y116.931
G1 F1500 X92.726 Y118.84 E77.17372
G0 F9000 X92.161 Y118.84
G1 F1500 X94.636 Y116.365 E77.29014
G0 F9000 X94.636 Y115.799
G1 F1500 X91.595 Y118.84 E77.43318
G0 F9000 X91.029 Y118.84
G1 F1500 X94.636 Y115.234 E77.60281
G0 F9000 X94.636 Y114.668
G1 F1500 X90.464 Y118.84 E77.79905
G0 F9000 X89.898 Y118.84
G1 F1500 X94.636 Y114.102 E78.02191
G0 F9000 X94.636 Y113.537
G1 F1500 X89.332 Y118.84 E78.27137
G0 F9000 X88.767 Y118.84
G1 F1500 X94.636 Y112.971 E78.54743
G0 F9000 X94.636 Y112.405
G1 F1500 X88.201 Y118.84 E78.85012
G0 F9000 X87.635 Y118.84
G1 F1500 X94.636 Y111.84 E79.1794
G0 F9000 X94.636 Y111.274
G1 F1500 X87.07 Y118.84 E79.53528
G0 F9000 X86.956 Y118.387
G1 F1500 X94.636 Y110.708 E79.8965
G0 F9000 X94.636 Y110.142
G1 F1500 X86.956 Y117.822 E80.25774
G0 F9000 X86.956 Y117.256
G1 F1500 X94.636 Y109.577 E80.61896
G0 F9000 X94.636 Y109.011
G1 F1500 X86.956 Y116.69 E80.98018
G0 F9000 X86.956 Y116.125
G1 F1500 X94.636 Y108.445 E81.34143
G0 F9000 X94.636 Y107.88
G1 F1500 X86.956 Y115.559 E81.70265
G0 F9000 X86.956 Y114.993
G1 F1500 X94.636 Y107.314 E82.06387
G0 F9000 X94.636 Y106.748
G1 F1500 X86.956 Y114.428 E82.42511
G0 F9000 X86.956 Y113.862
G1 F1500 X94.636 Y106.183 E82.78633
G0 F9000 X94.636 Y105.617
G1 F1500 X86.956 Y113.296 E83.14755
G0 F9000 X86.956 Y112.73
G1 F1500 X94.636 Y105.051 E83.50877
G0 F9000 X94.636 Y104.486
G1 F1500 X86.956 Y112.165 E83.86999
G0 F9000 X86.956 Y111.599
G1 F1500 X94.636 Y103.92 E84.23121
G0 F9000 X94.636 Y103.354
G1 F1500 X86.956 Y111.033 E84.59243
G0 F9000 X86.956 Y110.468
G1 F1500 X94.636 Y102.789 E84.95365
G0 F9000 X94.636 Y102.223
G1 F1500 X86.956 Y109.902 E85.31487
G0 F9000 X86.956 Y109.336
G1 F1500 X94.636 Y101.657 E85.67609
G0 F9000 X94.567 Y101.16
G1 F1500 X86.956 Y108.771 E86.03409
G0 F9000 X86.956 Y108.205
G1 F1500 X94.001 Y101.16 E86.36547
G0 F9000 X93.436 Y101.16
G1 F1500 X86.956 Y107.639 E86.67024
G0 F9000 X86.956 Y107.074
G1 F1500 X92.87 Y101.16 E86.94842
G0 F9000 X92.304 Y101.16
G1 F1500 X86.956 Y106.508 E87.19997
G0 F9000 X86.956 Y105.942
G1 F1500 X91.739 Y101.16 E87.42493
G0 F9000 X91.173 Y101.16
G1 F1500 X86.956 Y105.377 E87.62328
G0 F9000 X86.956 Y104.811
G1 F1500 X90.607 Y101.16 E87.79501
G0 F9000 X90.042 Y101.16
G1 F1500 X86.956 Y104.245 E87.94015
G0 F9000 X86.956 Y103.68
G1 F1500 X89.476 Y101.16 E88.05868
G0 F9000 X88.91 Y101.16
G1 F1500 X86.956 Y103.114 E88.15059
G0 F9000 X86.956 Y102.548
G1 F1500 X88.345 Y101.16 E88.2159
G0 F9000 X87.779 Y101.16
G1 F1500 X86.956 Y101.982 E88.25459
G0 F9000 X86.956 Y101.417
G1 F1500 X87.213 Y101.16 E88.26668
;MESH:NONMESH
G0 F300 X87.213 Y101.16 Z1
G0 F9000 X87.213 Y100.7
G0 X95.024 Y100.772
G0 X95.286 Y119.4
G0 X95.468 Y119.4
;TIME_ELAPSED:150.335007
;LAYER:4
;note -- min layer time used
;TYPE:WALL-INNER
;MESH:testprint.stl
G1 F1500 X95.468 Y100.6 E88.89197
G1 X86.668 Y100.6 E89.18466
G1 X86.668 Y119.4 E89.80995
G1 X95.468 Y119.4 E90.10264
G1 F1500 E83.60264
G0 F9000 X86.55 Y119.52
G0 X86.268 Y119.8
;TYPE:WALL-OUTER
G1 F1500 E90.10264
G1 X95.868 Y119.8 E90.42193
G1 X95.868 Y100.2 E91.07383
G1 X86.268 Y100.2 E91.39313
G1 X86.268 Y119.8 E92.04503
G0 F9000 X86.55 Y119.52
G0 X87.988 Y119.228
G0 X88.135 Y119.321
;TYPE:FILL
G1 F2062.6 X93.13 Y100.679 E92.68693
G1 X93.195 Y100.68
G1 X94.298 Y101.784 E92.73884
G0 F9000 X94.298 Y102.515
G1 F2062.6 X87.841 Y104.245 E92.96117
G0 F9000 X87.84 Y103.81
G1 F2062.6 X94.298 Y110.269 E93.26496
G0 F9000 X94.078 Y110.269
G0 X94.078 Y108.726
G0 X94.299 Y108.726
G1 F2062.6 X87.84 Y110.457 E93.48737
G0 F9000 X88.06 Y110.457
G0 X88.06 Y112.296
G0 X87.84 Y112.296
G1 F2062.6 X94.298 Y118.754 E93.79114
G0 F9000 X94.078 Y118.754
G0 X94.078 Y114.938
G0 X94.298 Y114.938
G1 F2062.6 X87.841 Y116.668 E94.01347
G0 F9000 X88.06 Y116.668
G0 X88.06 Y118.947
G0 X87.707 Y118.947
;TYPE:SKIN
G1 F1023.9 X87.121 Y118.947 E94.04202
G1 X87.121 Y101.053 E94.91393
G1 X87.707 Y101.053 E94.94248
G1 X87.707 Y118.947 E95.81439
G0 F9000 X88.06 Y118.947
G0 X94.078 Y118.947
G0 X95.015 Y118.947
G1 F1023.9 X94.429 Y118.947 E95.84294
G1 X94.429 Y101.053 E96.71485
G1 X95.015 Y101.053 E96.7434
G1 X95.015 Y118.947 E97.6153
G0 F9000 X93.778 Y118.79
;MESH:NONMESH
G0 F300 X93.778 Y118.79 Z1.2
G0 F9000 X94.151 Y119.228
G0 X95.559 Y119.4
G0 X95.74 Y119.4
;TIME_ELAPSED:163.795614
;LAYER:5
;note -- min layer time used
;TYPE:WALL-INNER
;MESH:testprint.stl
G1 F1500 X95.74 Y100.6 E98.24059
G1 X86.94 Y100.6 E98.53328
G1 X86.94 Y119.4 E99.15857
G1 X95.74 Y119.4 E99.45126
G1 F1500 E92.95126
G0 F9000 X86.822 Y119.52
G0 X86.54 Y119.8
;TYPE:WALL-OUTER
G1 F1500 E99.45126
G1 X96.14 Y119.8 E99.77056
G1 X96.14 Y100.2 E100.42246
G1 X86.54 Y100.2 E100.74176
G1 X86.54 Y119.8 E101.39366
G0 F9000 X86.822 Y119.52
G0 X88.261 Y119.228
G0 X88.333 Y118.856
G0 X88.113 Y118.856
;TYPE:FILL
G1 F1960.4 X92.984 Y100.679 E102.01956
G0 F9000 X93.394 Y100.68
G1 F1960.4 X94.571 Y101.857 E102.07492
G0 F9000 X94.571 Y102.588
G1 F1960.4 X88.114 Y104.318 E102.29725
G0 F9000 X88.113 Y103.884
G1 F1960.4 X94.572 Y110.343 E102.60107
G0 F9000 X94.351 Y110.343
G0 X94.351 Y108.8
G0 X94.571 Y108.8
G1 F1960.4 X88.114 Y110.53 E102.8234
G0 F9000 X88.333 Y110.53
G0 X88.333 Y112.369
G0 X88.113 Y112.369
G1 F1960.4 X94.572 Y118.829 E103.12724
G0 F9000 X94.2 Y119.321
G1 F1960.4 X94.572 Y117.934 E103.175
G0 F9000 X94.351 Y117.934
G0 X94.351 Y115.011
G0 X94.571 Y115.011
G1 F1960.4 X88.113 Y116.741 E103.39737
G0 F9000 X88.333 Y116.741
G0 X88.333 Y118.947
G0 X87.979 Y118.947
;TYPE:SKIN
G1 F1023.9 X87.393 Y118.947 E103.42592
G1 X87.393 Y101.053 E104.29782
G1 X87.979 Y101.053 E104.32638
G1 X87.979 Y118.947 E105.19828
G0 F9000 X88.333 Y118.947
G0 X94.351 Y118.948
G0 X95.288 Y118.948
G1 F1027.4 X94.704 Y118.948 E105.22664
G1 F1025.6 X94.701 Y101.053 E106.09711
G1 F1023.9 X95.287 Y101.053 E106.12566
G1 F1025.6 X95.288 Y118.948 E106.99613
G0 F9000 X94.051 Y118.79
;MESH:NONMESH
G0 F300 X94.051 Y118.79 Z1.4
G0 F9000 X94.424 Y119.228
G0 X95.831 Y119.4
G0 X96.012 Y119.4
;TIME_ELAPSED:177.512250
;LAYER:6
;note -- min layer time used
;TYPE:WALL-INNER
;MESH:testprint.stl
G1 F1500 X96.012 Y100.6 E107.62142
G1 X87.212 Y100.6 E107.91411
G1 X87.212 Y119.4 E108.5394
G1 X96.012 Y119.4 E108.83208
G1 F1500 E102.33208
G0 F9000 X87.095 Y119.52
G0 X86.812 Y119.8
;TYPE:WALL-OUTER
G1 F1500 E108.83208
G1 X96.412 Y119.8 E109.15138
G1 X96.412 Y100.2 E109.80328
G1 X86.812 Y100.2 E110.12258
G1 X86.812 Y119.8 E110.77448
G0 F9000 X87.095 Y119.52
G0 X88.533 Y119.228
G0 X88.605 Y117.296
G0 X88.385 Y117.296
;TYPE:FILL
G1 F1968.2 X92.838 Y100.68 E111.34663
G0 F9000 X93.593 Y100.68
G1 F1968.2 X94.844 Y101.931 E111.40547
G0 F9000 X94.842 Y102.661
G1 F1968.2 X88.385 Y104.391 E111.62781
G0 F9000 X88.385 Y103.957
G1 F1968.2 X94.844 Y110.416 E111.93162
G0 F9000 X94.623 Y110.416
G0 X94.623 Y108.873
G0 X94.843 Y108.873
G1 F1968.2 X88.385 Y110.603 E112.15399
G0 F9000 X88.605 Y110.603
G0 X88.605 Y112.442
G0 X88.385 Y112.442
G1 F1968.2 X94.844 Y118.901 E112.4578
G0 F9000 X94.054 Y119.321
G1 F1968.2 X94.844 Y116.374 E112.55928
G0 F9000 X94.623 Y116.374
G0 X94.623 Y115.084
G0 X94.844 Y115.084
G1 F1968.2 X88.385 Y116.815 E112.78168
G0 F9000 X88.605 Y116.815
G0 X88.605 Y118.947
G0 X88.251 Y118.947
;TYPE:SKIN
G1 F1023.9 X87.665 Y118.947 E112.81024
G1 X87.665 Y101.053 E113.68214
G1 X88.251 Y101.053 E113.7107
G1 X88.251 Y118.947 E114.5826
G0 F9000 X88.605 Y118.947
G0 X94.623 Y118.948
G0 X95.56 Y118.948
G1 F1027.4 X94.976 Y118.948 E114.61096
G1 F1025.6 X94.973 Y101.053 E115.48143
G1 F1023.9 X95.559 Y101.053 E115.50998
G1 F1025.6 X95.56 Y118.948 E116.38044
G0 F9000 X94.323 Y118.79
;MESH:NONMESH
G0 F300 X94.323 Y118.79 Z1.6
G0 F9000 X94.696 Y119.228
G0 X96.104 Y119.399
G0 X96.287 Y119.399
;TIME_ELAPSED:191.276614
;LAYER:7
;note -- min layer time used
;TYPE:WALL-INNER
;MESH:testprint.stl
G1 F1500 X96.284 Y100.6 E117.0057
G1 X87.488 Y100.6 E117.29826
G1 X87.489 Y119.399 E117.92352
G1 X96.287 Y119.399 E118.21614
G1 F1500 E111.71614
G0 F9000 X87.368 Y119.52
G0 X87.089 Y119.799
;TYPE:WALL-OUTER
G1 F1500 E118.21614
G1 X96.687 Y119.799 E118.53537
G1 X96.684 Y100.2 E119.18723
G1 X87.088 Y100.2 E119.5064
G1 X87.089 Y119.799 E120.15826
G0 F9000 X87.368 Y119.52
G0 X88.806 Y119.227
G0 X88.878 Y116.888
G0 X88.659 Y116.888
;TYPE:FILL
G1 F1982 X95.116 Y115.158 E120.3806
G0 F9000 X95.117 Y114.807
G1 F1982 X93.908 Y119.32 E120.536
G0 F9000 X93.908 Y119.09
G0 X94.896 Y118.974
G0 X95.117 Y118.974
G1 F1982 X88.658 Y112.514 E120.83983
G0 F9000 X88.878 Y112.514
G0 X88.878 Y110.677
G0 X88.658 Y110.677
G1 F1982 X95.115 Y108.947 E121.06217
G0 F9000 X94.896 Y108.947
G0 X94.896 Y110.488
G0 X95.117 Y110.488
G1 F1982 X88.658 Y104.029 E121.36598
G0 F9000 X88.659 Y104.465
G1 F1982 X95.116 Y102.735 E121.58831
G0 F9000 X95.117 Y102.003
G1 F1982 X93.794 Y100.68 E121.65054
G0 F9000 X93.794 Y100.91
G0 X92.691 Y100.91
G0 X92.691 Y100.68
G1 F1982 X88.658 Y115.729 E122.16874
G0 F9000 X88.878 Y115.729
G0 X88.878 Y118.944
G0 X88.524 Y118.944
;TYPE:SKIN
G1 F1027.4 X87.94 Y118.944 E122.1971
G1 X87.94 Y101.052 E123.06593
G1 X88.524 Y101.052 E123.09429
G1 X88.524 Y118.944 E123.96312
G0 F9000 X88.878 Y118.944
G0 X94.896 Y118.944
G0 X95.832 Y118.944
G1 F1027.4 X95.248 Y118.944 E123.99148
G1 X95.248 Y101.052 E124.86031
G1 X95.832 Y101.052 E124.88867
G1 X95.832 Y118.944 E125.7575
G0 F9000 X94.596 Y118.79
;MESH:NONMESH
G0 F300 X94.596 Y118.79 Z1.8
G0 F9000 X94.969 Y119.227
G0 X96.377 Y119.399
G0 X96.559 Y119.399
;TIME_ELAPSED:205.079716
;LAYER:8
;note -- min layer time used
;TYPE:WALL-INNER
;MESH:testprint.stl
G1 F1500 X96.556 Y100.6 E126.38276
G1 X87.76 Y100.6 E126.67531
G1 X87.761 Y119.399 E127.30057
G1 X96.559 Y119.399 E127.59319
G1 F1500 E121.09319
G0 F9000 X87.64 Y119.52
G0 X87.361 Y119.799
;TYPE:WALL-OUTER
G1 F1500 E127.59319
G1 X96.959 Y119.799 E127.91242
G1 X96.956 Y100.2 E128.56429
G1 X87.36 Y100.2 E128.88345
G1 X87.361 Y119.799 E129.53532
G0 F9000 X87.64 Y119.52
G0 X89.079 Y119.227
G0 X89.151 Y116.961
G0 X88.932 Y116.961
;TYPE:FILL
G1 F2045.7 X95.389 Y115.231 E129.75765
G0 F9000 X95.169 Y115.231
G0 X95.169 Y113.243
G0 X95.39 Y113.243
G1 F2045.7 X93.762 Y119.32 E129.9669
G0 F9000 X93.762 Y119.09
G0 X95.169 Y119.047
G0 X95.39 Y119.047
G1 F2045.7 X88.931 Y112.588 E130.27072
G0 F9000 X89.151 Y112.588
G0 X89.151 Y114.164
G0 X88.931 Y114.164
G1 F2045.7 X92.545 Y100.68 E130.73502
G0 F9000 X92.545 Y100.91
G0 X93.994 Y100.91
G0 X93.994 Y100.68
G1 F2045.7 X95.39 Y102.077 E130.80071
G0 F9000 X95.389 Y102.808
G1 F2045.7 X88.932 Y104.538 E131.02305
G0 F9000 X88.931 Y104.102
G1 F2045.7 X95.39 Y110.562 E131.32688
G0 F9000 X95.169 Y110.562
G0 X95.169 Y109.019
G0 X95.39 Y109.019
G1 F2045.7 X88.931 Y110.75 E131.54929
G0 F9000 X89.151 Y110.75
G0 X89.151 Y118.944
G0 X88.796 Y118.944
;TYPE:SKIN
G1 F1027.4 X88.212 Y118.944 E131.57765
G1 X88.212 Y101.052 E132.44648
G1 X88.796 Y101.052 E132.47484
G1 X88.796 Y118.944 E133.34367
G0 F9000 X89.151 Y118.944
G0 X95.169 Y118.944
G0 X96.104 Y118.944
G1 F1027.4 X95.52 Y118.944 E133.37203
G1 X95.52 Y101.052 E134.24086
G1 X96.104 Y101.052 E134.26922
G1 X96.104 Y118.944 E135.13805
G0 F9000 X94.869 Y118.79
;MESH:NONMESH
G0 F300 X94.869 Y118.79 Z2
G0 F9000 X95.242 Y119.227
G0 X96.649 Y119.4
G0 X96.832 Y119.4
;TIME_ELAPSED:219.073337
;LAYER:9
;note -- min layer time used
;TYPE:WALL-INNER
;MESH:testprint.stl
G1 F1500 X96.832 Y100.6 E135.76334
G1 X88.032 Y100.6 E136.05603
G1 X88.032 Y119.4 E136.68132
G1 X96.832 Y119.4 E136.97401
G1 F1500 E130.47401
G0 F9000 X87.913 Y119.52
G0 X87.632 Y119.8
;TYPE:WALL-OUTER
G1 F1500 E136.97401
G1 X97.232 Y119.8 E137.29331
G1 X97.232 Y100.2 E137.94521
G1 X87.632 Y100.2 E138.26451
G1 X87.632 Y119.8 E138.9164
G0 F9000 X87.913 Y119.52
G0 X89.351 Y119.228
G0 X89.423 Y117.035
G0 X89.204 Y117.035
;TYPE:FILL
G1 F2055.2 X95.662 Y115.305 E139.13877
G0 F9000 X95.441 Y115.305
G0 X95.441 Y111.68
G0 X95.662 Y111.68
G1 F2055.2 X93.614 Y119.321 E139.40188
G0 F9000 X93.614 Y119.09
G0 X95.441 Y119.118
G0 X95.662 Y119.118
G1 F2055.2 X89.203 Y112.659 E139.70569
G1 X89.203 Y112.601
G1 X92.398 Y100.68 E140.11618
G0 F9000 X92.398 Y100.91
G0 X94.194 Y100.91
G0 X94.194 Y100.68
G1 F2055.2 X95.662 Y102.147 E140.18521
G0 F9000 X95.661 Y102.882
G1 F2055.2 X89.204 Y104.612 E140.40754
G0 F9000 X89.203 Y104.174
G1 F2055.2 X95.662 Y110.633 E140.71136
G0 F9000 X95.441 Y110.633
G0 X95.441 Y109.093
G0 X95.661 Y109.093
G1 F2055.2 X89.204 Y110.824 E140.9337
G0 F9000 X89.423 Y110.824
G0 X89.423 Y118.948
G0 X89.068 Y118.948
;TYPE:SKIN
G1 F1027.4 X88.484 Y118.948 E140.96206
G1 X88.484 Y101.052 E141.83108
G1 X89.068 Y101.052 E141.85944
G1 X89.068 Y118.948 E142.72847
G0 F9000 X89.423 Y118.948
G0 X95.441 Y118.947
G0 X96.379 Y118.947
G1 F1023.9 X95.793 Y118.947 E142.75702
G1 X95.793 Y101.053 E143.62893
G1 X96.379 Y101.053 E143.65748
G1 X96.379 Y118.947 E144.52939
G0 F9000 X95.141 Y118.79
;MESH:NONMESH
G0 F300 X95.141 Y118.79 Z2.2
G0 F9000 X95.514 Y119.228
G0 X96.922 Y119.4
G0 X97.104 Y119.4
;TIME_ELAPSED:232.980481
;LAYER:10
;note -- min layer time used
;TYPE:WALL-INNER
;MESH:testprint.stl
G1 F1500 X97.104 Y100.6 E145.15468
G1 X88.304 Y100.6 E145.44737
G1 X88.304 Y119.4 E146.07266
G1 X97.104 Y119.4 E146.36535
G1 F1500 E139.86535
G0 F9000 X88.185 Y119.52
G0 X87.904 Y119.8
;TYPE:WALL-OUTER
G1 F1500 E146.36535
G1 X97.504 Y119.8 E146.68464
G1 X97.504 Y100.2 E147.33654
G1 X87.904 Y100.2 E147.65584
G1 X87.904 Y119.8 E148.30774
G0 F9000 X88.185 Y119.52
G0 X89.624 Y119.228
G0 X89.696 Y117.108
G0 X89.477 Y117.108
;TYPE:FILL
G1 F2137.1 X95.935 Y115.378 E148.5301
G0 F9000 X95.714 Y115.378
G0 X95.745 Y119.12
G0 X95.935 Y119.191
G1 F2137.1 X89.476 Y112.733 E148.83389
G0 F9000 X89.696 Y112.733
G0 X89.696 Y111.039
G0 X89.476 Y111.039
G1 F2137.1 X92.252 Y100.679 E149.19062
G0 F9000 X92.252 Y100.91
G0 X94.394 Y100.91
G0 X94.394 Y100.68
G1 F2137.1 X95.935 Y102.221 E149.26311
G0 F9000 X95.933 Y102.955
G1 F2137.1 X89.476 Y104.685 E149.48544
G0 F9000 X89.476 Y104.247
G1 F2137.1 X95.935 Y110.706 E149.78925
G0 F9000 X95.934 Y110.118
G1 F2137.1 X93.469 Y119.32 E150.1061
G0 F9000 X93.469 Y119.09
G0 X89.696 Y110.897
G0 X89.476 Y110.897
G1 F2137.1 X95.934 Y109.166 E150.32848
G0 F9000 X95.714 Y109.166
G0 X95.714 Y118.947
G0 X96.651 Y118.947
;TYPE:SKIN
G1 F1023.9 X96.065 Y118.947 E150.35703
G1 X96.065 Y101.053 E151.22894
G1 X96.651 Y101.053 E151.25749
G1 X96.651 Y118.947 E152.1294
G0 F9000 X95.714 Y118.947
G0 X89.696 Y118.947
G0 X89.343 Y118.947
G1 F1023.9 X88.757 Y118.947 E152.15795
G1 X88.757 Y101.053 E153.02986
G1 X89.343 Y101.053 E153.05841
G1 X89.343 Y118.947 E153.93031
G0 F9000 X89.996 Y118.79
;MESH:NONMESH
G0 F300 X89.996 Y118.79 Z2.4
G0 F9000 X97.194 Y119.4
G0 X97.376 Y119.4
;TIME_ELAPSED:247.198810
;LAYER:11
;note -- min layer time used
;TYPE:WALL-INNER
;MESH:testprint.stl
G1 F1500 X97.376 Y100.6 E154.5556
G1 X88.576 Y100.6 E154.84829
G1 X88.576 Y119.4 E155.47358
G1 X97.376 Y119.4 E155.76627
G1 F1500 E149.26627
G0 F9000 X88.458 Y119.52
G0 X88.176 Y119.8
;TYPE:WALL-OUTER
G1 F1500 E155.76627
G1 X97.776 Y119.8 E156.08557
G1 X97.776 Y100.2 E156.73747
G1 X88.176 Y100.2 E157.05677
G1 X88.176 Y119.8 E157.70867
G0 F9000 X88.458 Y119.52
G0 X89.897 Y119.228
G0 X89.969 Y117.182
G0 X89.75 Y117.182
;TYPE:FILL
G1 F2183.4 X96.208 Y115.451 E157.93104
G0 F9000 X95.987 Y115.451
G0 X96.018 Y119.12
G0 X96.208 Y119.263
G1 F2183.4 X89.749 Y112.805 E158.23483
G0 F9000 X89.969 Y112.805
G0 X89.969 Y110.97
G0 X89.749 Y110.97
G1 F2183.4 X96.208 Y109.24 E158.45723
G0 F9000 X96.207 Y108.55
G1 F2183.4 X93.321 Y119.321 E158.82811
G0 F9000 X93.321 Y119.09
G0 X95.987 Y110.778
G0 X96.208 Y110.778
G1 F2183.4 X89.749 Y104.319 E159.13192
G0 F9000 X89.75 Y104.759
G1 F2183.4 X96.207 Y103.028 E159.35427
G0 F9000 X96.208 Y102.293
G1 F2183.4 X94.595 Y100.68 E159.43014
G0 F9000 X94.595 Y100.91
G0 X92.104 Y100.91
G0 X92.104 Y100.68
G1 F2183.4 X89.749 Y109.471 E159.73284
G0 F9000 X89.969 Y109.471
G0 X89.969 Y118.947
G0 X89.615 Y118.947
;TYPE:SKIN
G1 F1023.9 X89.029 Y118.947 E159.76139
G1 X89.029 Y101.053 E160.63329
G1 X89.615 Y101.053 E160.66185
G1 X89.615 Y118.947 E161.53375
G0 F9000 X89.969 Y118.947
G0 X95.987 Y118.948
G0 X96.924 Y118.948
G1 F1027.4 X96.34 Y118.948 E161.56211
G1 F1025.6 X96.337 Y101.053 E162.43258
G1 F1023.9 X96.923 Y101.053 E162.46113
G1 F1025.6 X96.924 Y118.948 E163.3316
G0 F9000 X95.687 Y118.79
;MESH:NONMESH
G0 F300 X95.687 Y118.79 Z2.6
G0 F9000 X96.06 Y119.228
G0 X97.467 Y119.4
G0 X97.648 Y119.4
;TIME_ELAPSED:261.288453
;LAYER:12
;note -- min layer time used
;TYPE:WALL-INNER
;MESH:testprint.stl
G1 F1500 X97.648 Y100.6 E163.95689
G1 X88.848 Y100.6 E164.24958
G1 X88.848 Y119.4 E164.87487
G1 X97.648 Y119.4 E165.16756
G1 F1500 E158.66756
G0 F9000 X88.731 Y119.52
G0 X88.448 Y119.8
;TYPE:WALL-OUTER
G1 F1500 E165.16756
G1 X98.048 Y119.8 E165.48685
G1 X98.048 Y100.2 E166.13875
G1 X88.448 Y100.2 E166.45805
G1 X88.448 Y119.8 E167.10995
G0 F9000 X88.731 Y119.52
G0 X90.169 Y119.228
G0 X90.241 Y117.255
G0 X90.021 Y117.255
;TYPE:FILL
G1 F2081.1 X96.479 Y115.525 E167.33232
G0 F9000 X96.259 Y115.525
G0 X96.29 Y119.12
G0 X96.464 Y119.32
G1 F2081.1 X90.02 Y112.877 E167.6354
G0 F9000 X90.241 Y112.877
G0 X90.241 Y111.043
G0 X90.022 Y111.043
G1 F2081.1 X96.479 Y109.313 E167.85773
G0 F9000 X96.259 Y109.313
G0 X96.259 Y110.851
G0 X96.48 Y110.851
G1 F2081.1 X90.02 Y104.392 E168.16157
G0 F9000 X90.022 Y104.832
G1 F2081.1 X96.479 Y103.101 E168.38391
G0 F9000 X96.479 Y102.365
G1 F2081.1 X94.794 Y100.68 E168.46317
G0 F9000 X94.794 Y100.91
G0 X91.959 Y100.91
G0 X91.959 Y100.679
G1 F2081.1 X90.021 Y107.909 E168.71213
G0 F9000 X90.241 Y107.909
G0 X96.259 Y106.991
G0 X96.479 Y106.991
G1 F2081.1 X93.176 Y119.32 E169.13665
G0 F9000 X93.176 Y119.09
G0 X90.241 Y118.947
G0 X89.887 Y118.947
;TYPE:SKIN
G1 F1023.9 X89.301 Y118.947 E169.16521
G1 X89.301 Y101.053 E170.03711
G1 X89.887 Y101.053 E170.06567
G1 X89.887 Y118.947 E170.93757
G0 F9000 X90.241 Y118.947
G0 X96.259 Y118.948
G0 X97.196 Y118.948
G1 F1027.4 X96.612 Y118.948 E170.96593
G1 F1025.6 X96.609 Y101.053 E171.8364
G1 F1023.9 X97.195 Y101.053 E171.86495
G1 F1025.6 X97.196 Y118.948 E172.73541
G0 F9000 X95.959 Y118.79
;MESH:NONMESH
G0 F300 X95.959 Y118.79 Z2.8
G0 F9000 X96.332 Y119.228
G0 X97.74 Y119.4
G0 X97.92 Y119.4
;TIME_ELAPSED:275.325813
;LAYER:13
;note -- min layer time used
;TYPE:WALL-INNER
;MESH:testprint.stl
G1 F1500 X97.92 Y100.6 E173.36071
G1 X89.12 Y100.6 E173.65339
G1 X89.12 Y119.4 E174.27868
G1 X97.92 Y119.4 E174.57137
G1 F1500 E168.07137
G0 F9000 X89.003 Y119.52
G0 X88.72 Y119.8
;TYPE:WALL-OUTER
G1 F1500 E174.57137
G1 X98.32 Y119.8 E174.89067
G1 X98.32 Y100.2 E175.54257
G1 X88.72 Y100.2 E175.86187
G1 X88.72 Y119.8 E176.51377
G0 F9000 X89.003 Y119.52
G0 X90.442 Y119.228
G0 X90.514 Y117.328
G0 X90.294 Y117.328
;TYPE:FILL
G1 F2079 X96.753 Y115.597 E176.73617
G0 F9000 X96.532 Y115.597
G0 X96.563 Y119.12
G0 X96.662 Y119.319
G1 F2079 X90.294 Y112.951 E177.03571
G0 F9000 X90.514 Y112.951
G0 X90.514 Y111.116
G0 X90.295 Y111.116
G1 F2079 X96.752 Y109.386 E177.25804
G0 F9000 X96.532 Y109.386
G0 X96.532 Y110.925
G0 X96.753 Y110.925
G1 F2079 X90.294 Y104.466 E177.56185
G0 F9000 X90.294 Y104.905
G1 F2079 X96.751 Y103.175 E177.78419
G0 F9000 X96.753 Y102.439
G1 F2079 X94.994 Y100.681 E177.8669
G0 F9000 X94.994 Y100.91
G0 X91.813 Y100.91
G0 X91.813 Y100.679
G1 F2079 X90.294 Y106.347 E178.06207
G0 F9000 X90.514 Y106.347
G0 X96.532 Y105.428
G0 X96.752 Y105.428
G1 F2079 X93.029 Y119.321 E178.54046
G0 F9000 X93.029 Y119.09
G0 X90.514 Y118.947
G0 X90.159 Y118.947
;TYPE:SKIN
G1 F1023.9 X89.573 Y118.947 E178.56901
G1 X89.573 Y101.053 E179.44092
G1 X90.159 Y101.053 E179.46947
G1 X90.159 Y118.947 E180.34138
G0 F9000 X90.514 Y118.947
G0 X96.532 Y118.948
G0 X97.468 Y118.948
G1 F1027.4 X96.884 Y118.948 E180.36974
G1 X96.884 Y101.052 E181.23876
G1 X97.468 Y101.052 E181.26712
G1 X97.468 Y118.948 E182.13615
G0 F9000 X96.232 Y118.79
;MESH:NONMESH
G0 F300 X96.232 Y118.79 Z3
G0 F9000 X96.605 Y119.228
G0 X98.012 Y119.399
G0 X98.195 Y119.399
;TIME_ELAPSED:289.351485
;LAYER:14
;note -- min layer time used
;TYPE:WALL-INNER
;MESH:testprint.stl
G1 F1500 X98.192 Y100.6 E182.7614
G1 X89.396 Y100.6 E183.05396
G1 X89.397 Y119.399 E183.67922
G1 X98.195 Y119.399 E183.97184
G1 F1500 E177.47184
G0 F9000 X89.276 Y119.52
G0 X88.997 Y119.799
;TYPE:WALL-OUTER
G1 F1500 E183.97184
G1 X98.595 Y119.799 E184.29107
G1 X98.592 Y100.2 E184.94294
G1 X88.996 Y100.2 E185.2621
G1 X88.997 Y119.799 E185.91397
G0 F9000 X89.276 Y119.52
G0 X90.715 Y119.227
G0 X90.787 Y117.402
G0 X90.568 Y117.402
;TYPE:FILL
G1 F2073.7 X97.024 Y115.672 E186.13627
G0 F9000 X96.804 Y115.672
G0 X96.862 Y119.09
G0 X96.862 Y119.319
G1 F2073.7 X90.567 Y113.023 E186.43239
G0 F9000 X90.787 Y113.023
G0 X90.787 Y111.19
G0 X90.567 Y111.19
G1 F2073.7 X97.024 Y109.46 E186.65473
G0 F9000 X96.804 Y109.46
G0 X96.804 Y110.996
G0 X97.025 Y110.996
G1 F2073.7 X90.567 Y104.538 E186.95849
G0 F9000 X90.567 Y104.779
G1 F2073.7 X91.666 Y100.679 E187.09967
G0 F9000 X91.666 Y100.91
G0 X95.194 Y100.91
G0 X95.194 Y100.68
G1 F2073.7 X97.025 Y102.511 E187.1858
G0 F9000 X97.024 Y103.249
G1 F2073.7 X90.567 Y104.978 E187.40812
G0 F9000 X90.787 Y104.978
G0 X96.804 Y103.864
G0 X97.024 Y103.864
G1 F2073.7 X92.883 Y119.32 E187.94032
G0 F9000 X92.883 Y119.09
G0 X90.787 Y118.944
G0 X90.432 Y118.944
;TYPE:SKIN
G1 F1027.4 X89.848 Y118.944 E187.96868
G1 X89.848 Y101.052 E188.83751
G1 X90.432 Y101.052 E188.86587
G1 X90.432 Y118.944 E189.7347
G0 F9000 X90.787 Y118.944
G0 X96.804 Y118.944
G0 X97.74 Y118.944
G1 F1027.4 X97.156 Y118.944 E189.76306
G1 X97.156 Y101.052 E190.63189
G1 X97.74 Y101.052 E190.66025
G1 X97.74 Y118.944 E191.52908
G0 F9000 X96.504 Y118.79
;MESH:NONMESH
G0 F300 X96.504 Y118.79 Z3.2
G0 F9000 X96.877 Y119.227
G0 X98.285 Y119.4
G0 X98.468 Y119.4
;TIME_ELAPSED:303.352681
;LAYER:15
;note -- min layer time used
;TYPE:WALL-INNER
;MESH:testprint.stl
G1 F1500 X98.468 Y100.6 E192.15438
G1 X89.668 Y100.6 E192.44706
G1 X89.668 Y119.4 E193.07235
G1 X98.468 Y119.4 E193.36504
G1 F1500 E186.86504
G0 F9000 X89.549 Y119.52
G0 X89.268 Y119.8
;TYPE:WALL-OUTER
G1 F1500 E193.36504
G1 X98.868 Y119.8 E193.68434
G1 X98.868 Y100.2 E194.33624
G1 X89.268 Y100.2 E194.65554
G1 X89.268 Y119.8 E195.30744
G0 F9000 X89.549 Y119.52
G0 X90.987 Y119.228
G0 X91.059 Y117.475
G0 X90.839 Y117.475
;TYPE:FILL
G1 F2275.1 X97.297 Y115.745 E195.5298
G0 F9000 X97.077 Y115.745
G0 X97.063 Y119.09
G0 X97.063 Y119.32
G1 F2275.1 X90.838 Y113.095 E195.82261
G0 F9000 X91.059 Y113.095
G0 X91.059 Y111.263
G0 X90.839 Y111.263
G1 F2275.1 X97.297 Y109.533 E196.04498
G0 F9000 X97.077 Y109.533
G0 X97.077 Y111.07
G0 X97.298 Y111.07
G1 F2275.1 X90.838 Y104.61 E196.34883
G0 F9000 X90.84 Y105.052
G1 F2275.1 X97.297 Y103.321 E196.57118
G0 F9000 X97.298 Y102.584
G1 F2275.1 X95.394 Y100.68 E196.66074
G0 F9000 X95.394 Y100.91
G0 X97.077 Y102.299
G0 X97.297 Y102.299
G1 F2275.1 X92.736 Y119.321 E197.24686
G0 F9000 X92.736 Y119.09
G0 X91.059 Y103.219
G0 X90.839 Y103.219
G1 F2275.1 X91.52 Y100.68 E197.33429
G0 F9000 X91.52 Y100.91
G0 X91.059 Y118.948
G0 X90.704 Y118.948
;TYPE:SKIN
G1 F1027.4 X90.12 Y118.948 E197.36265
G1 X90.12 Y101.052 E198.23168
G1 X90.704 Y101.052 E198.26004
G1 X90.704 Y118.948 E199.12906
G0 F9000 X91.059 Y118.948
G0 X97.077 Y118.947
G0 X98.015 Y118.947
G1 F1023.9 X97.429 Y118.947 E199.15762
G1 X97.429 Y101.053 E200.02952
G1 X98.015 Y101.053 E200.05808
G1 X98.015 Y118.947 E200.92998
G0 F9000 X96.777 Y118.79
;MESH:NONMESH
G0 F300 X96.777 Y118.79 Z3.4
G0 F9000 X97.15 Y119.228
G0 X98.558 Y119.4
G0 X98.74 Y119.4
;TIME_ELAPSED:317.601792
;LAYER:16
;note -- min layer time used
;TYPE:WALL-INNER
;MESH:testprint.stl
G1 F1500 X98.74 Y100.6 E201.55527
G1 X89.94 Y100.6 E201.84796
G1 X89.94 Y119.4 E202.47325
G1 X98.74 Y119.4 E202.76594
G1 F1500 E196.26594
G0 F9000 X89.821 Y119.52
G0 X89.54 Y119.8
;TYPE:WALL-OUTER
G1 F1500 E202.76594
G1 X99.14 Y119.8 E203.08524
G1 X99.14 Y100.2 E203.73714
G1 X89.54 Y100.2 E204.05643
G1 X89.54 Y119.8 E204.70833
G0 F9000 X89.821 Y119.52
G0 X91.26 Y119.228
G0 X91.332 Y117.549
G0 X91.112 Y117.549
;TYPE:FILL
G1 F2283.3 X97.571 Y115.818 E204.93074
G0 F9000 X97.35 Y115.818
G0 X97.264 Y119.09
G0 X97.264 Y119.32
G1 F2283.3 X91.111 Y113.167 E205.22016
G0 F9000 X91.332 Y113.167
G0 X91.332 Y111.337
G0 X91.113 Y111.337
G1 F2283.3 X97.57 Y109.607 E205.44249
G0 F9000 X97.35 Y109.607
G0 X97.35 Y111.142
G0 X97.571 Y111.142
G1 F2283.3 X91.111 Y104.682 E205.74635
G0 F9000 X91.113 Y105.125
G1 F2283.3 X97.569 Y103.395 E205.96866
G0 F9000 X97.571 Y102.656
G1 F2283.3 X95.594 Y100.68 E206.06162
G0 F9000 X95.594 Y100.91
G0 X97.38 Y100.88
G0 X97.57 Y100.734
G1 F2283.3 X92.589 Y119.321 E206.70164
G0 F9000 X92.589 Y119.09
G0 X91.332 Y101.653
G0 X91.112 Y101.653
G1 F2283.3 X91.373 Y100.68 E206.73515
G0 F9000 X91.373 Y100.91
G0 X91.332 Y118.947
G0 X90.979 Y118.947
;TYPE:SKIN
G1 F1023.9 X90.393 Y118.947 E206.7637
G1 X90.393 Y101.053 E207.63561
G1 X90.979 Y101.053 E207.66416
G1 X90.979 Y118.947 E208.53607
G0 F9000 X91.332 Y118.947
G0 X97.35 Y118.947
G0 X98.287 Y118.947
G1 F1023.9 X97.701 Y118.947 E208.56462
G1 X97.701 Y101.053 E209.43653
G1 X98.287 Y101.053 E209.46508
G1 X98.287 Y118.947 E210.33698
G0 F9000 X97.05 Y118.79
;MESH:NONMESH
G0 F300 X97.05 Y118.79 Z3.6
G0 F9000 X97.423 Y119.228
G0 X98.83 Y119.4
G0 X99.012 Y119.4
;TIME_ELAPSED:331.854569
;LAYER:17
;note -- min layer time used
;TYPE:WALL-INNER
;MESH:testprint.stl
G1 F1500 X99.012 Y100.6 E210.96227
G1 X90.212 Y100.6 E211.25496
G1 X90.212 Y119.4 E211.88025
G1 X99.012 Y119.4 E212.17294
G1 F1500 E205.67294
G0 F9000 X90.094 Y119.52
G0 X89.812 Y119.8
;TYPE:WALL-OUTER
G1 F1500 E212.17294
G1 X99.412 Y119.8 E212.49224
G1 X99.412 Y100.2 E213.14414
G1 X89.812 Y100.2 E213.46344
G1 X89.812 Y119.8 E214.11533
G0 F9000 X90.094 Y119.52
G0 X92.444 Y119.09
G0 X92.444 Y119.32
;TYPE:FILL
G1 F1958.4 X97.438 Y100.679 E214.7572
G0 F9000 X97.438 Y100.91
G0 X95.794 Y100.91
G0 X95.794 Y100.68
G1 F1958.4 X97.842 Y102.728 E214.85353
G0 F9000 X97.841 Y103.468
G1 F1958.4 X91.384 Y105.199 E215.07588
G0 F9000 X91.384 Y104.755
G1 F1958.4 X97.842 Y111.214 E215.37966
G0 F9000 X97.622 Y111.214
G0 X97.622 Y109.68
G0 X97.842 Y109.68
G1 F1958.4 X91.384 Y111.41 E215.60203
G0 F9000 X91.604 Y111.41
G0 X91.604 Y113.24
G0 X91.384 Y113.24
G1 F1958.4 X97.463 Y119.32 E215.88799
G0 F9000 X97.463 Y119.09
G0 X97.622 Y115.891
G0 X97.843 Y115.891
G1 F1958.4 X91.385 Y117.622 E216.11037
G0 F9000 X91.604 Y117.622
G0 X91.604 Y118.947
G0 X91.251 Y118.947
;TYPE:SKIN
G1 F1023.9 X90.665 Y118.947 E216.13892
G1 X90.665 Y101.053 E217.01083
G1 X91.251 Y101.053 E217.03938
G1 X91.251 Y118.947 E217.91129
G0 F9000 X91.604 Y118.947
G0 X97.622 Y118.947
G0 X98.559 Y118.947
G1 F1023.9 X97.973 Y118.947 E217.93984
G1 X97.973 Y101.053 E218.81174
G1 X98.559 Y101.053 E218.8403
G1 X98.559 Y118.947 E219.7122
G0 F9000 X97.322 Y118.79
;MESH:NONMESH
G0 F300 X97.322 Y118.79 Z3.8
G0 F9000 X97.695 Y119.228
G0 X99.103 Y119.4
G0 X99.284 Y119.4
;TIME_ELAPSED:345.542522
;LAYER:18
;note -- min layer time used
;TYPE:WALL-INNER
;MESH:testprint.stl
G1 F1500 X99.284 Y100.6 E220.33749
G1 X90.484 Y100.6 E220.63018
G1 X90.484 Y119.4 E221.25547
G1 X99.284 Y119.4 E221.54816
G1 F1500 E215.04816
G0 F9000 X90.367 Y119.52
G0 X90.084 Y119.8
;TYPE:WALL-OUTER
G1 F1500 E221.54816
G1 X99.684 Y119.8 E221.86746
G1 X99.684 Y100.2 E222.51936
G1 X90.084 Y100.2 E222.83866
G1 X90.084 Y119.8 E223.49055
G0 F9000 X90.367 Y119.52
G0 X92.296 Y119.09
G0 X92.296 Y119.321
;TYPE:FILL
G1 F1951.2 X97.291 Y100.679 E224.13246
G0 F9000 X97.291 Y100.91
G0 X95.995 Y100.91
G0 X95.995 Y100.68
G1 F1951.2 X98.115 Y102.801 E224.2322
G0 F9000 X98.115 Y103.542
G1 F1951.2 X91.658 Y105.272 E224.45454
G0 F9000 X91.657 Y104.827
G1 F1951.2 X98.116 Y111.287 E224.75837
G0 F9000 X97.895 Y111.287
G0 X97.895 Y109.754
G0 X98.115 Y109.754
G1 F1951.2 X91.657 Y111.484 E224.98074
G0 F9000 X91.877 Y111.484
G0 X91.877 Y113.312
G0 X91.657 Y113.312
G1 F1951.2 X97.663 Y119.319 E225.26327
G0 F9000 X97.663 Y119.09
G0 X97.895 Y115.965
G0 X98.115 Y115.965
G1 F1951.2 X91.658 Y117.696 E225.48561
G0 F9000 X91.877 Y117.696
G0 X91.877 Y118.947
G0 X91.523 Y118.947
;TYPE:SKIN
G1 F1023.9 X90.937 Y118.947 E225.51417
G1 X90.937 Y101.053 E226.38607
G1 X91.523 Y101.053 E226.41462
G1 X91.523 Y118.947 E227.28653
G0 F9000 X91.877 Y118.947
G0 X97.895 Y118.948
G0 X98.832 Y118.948
G1 F1027.4 X98.248 Y118.948 E227.31489
G1 F1025.6 X98.245 Y101.053 E228.18535
G1 F1023.9 X98.831 Y101.053 E228.21391
G1 F1025.6 X98.832 Y118.948 E229.08437
G0 F9000 X97.595 Y118.79
;MESH:NONMESH
G0 F300 X97.595 Y118.79 Z4
G0 F9000 X97.968 Y119.228
G0 X99.376 Y119.4
G0 X99.556 Y119.4
;TIME_ELAPSED:359.202392
;LAYER:19
;note -- min layer time used
;TYPE:WALL-INNER
;MESH:testprint.stl
G1 F1500 X99.556 Y100.6 E229.70966
G1 X90.756 Y100.6 E230.00235
G1 X90.756 Y119.4 E230.62764
G1 X99.556 Y119.4 E230.92033
G1 F1500 E224.42033
G0 F9000 X90.639 Y119.52
G0 X90.356 Y119.8
;TYPE:WALL-OUTER
G1 F1500 E230.92033
G1 X99.956 Y119.8 E231.23963
G1 X99.956 Y100.2 E231.89153
G1 X90.356 Y100.2 E232.21082
G1 X90.356 Y119.8 E232.86272
G0 F9000 X90.639 Y119.52
G0 X92.078 Y119.228
G0 X92.151 Y119.32
;TYPE:FILL
G1 F1946.8 X97.145 Y100.68 E233.50456
G0 F9000 X96.194 Y100.68
G1 F1946.8 X98.388 Y102.874 E233.60776
G0 F9000 X98.388 Y103.615
G1 F1946.8 X91.931 Y105.345 E233.83009
G0 F9000 X91.93 Y104.901
G1 F1946.8 X98.389 Y111.36 E234.1339
G0 F9000 X98.168 Y111.36
G0 X98.168 Y109.827
G0 X98.388 Y109.827
G1 F1946.8 X91.93 Y111.557 E234.35627
G0 F9000 X92.15 Y111.557
G0 X92.15 Y113.386
G0 X91.93 Y113.386
G1 F1946.8 X97.864 Y119.32 E234.63539
G0 F9000 X98.362 Y119.32
G1 F1946.8 X98.389 Y119.22 E234.63883
G0 F9000 X98.199 Y119.12
G0 X98.168 Y116.038
G0 X98.388 Y116.038
G1 F1946.8 X91.93 Y117.769 E234.86121
G0 F9000 X92.15 Y117.769
G0 X92.15 Y118.947
G0 X91.795 Y118.947
;TYPE:SKIN
G1 F1023.9 X91.209 Y118.947 E234.88976
G1 X91.209 Y101.053 E235.76167
G1 X91.795 Y101.053 E235.79022
G1 X91.795 Y118.947 E236.66213
G0 F9000 X92.15 Y118.947
G0 X98.168 Y118.948
G0 X99.104 Y118.948
G1 F1027.4 X98.52 Y118.948 E236.69048
G1 X98.52 Y101.052 E237.55951
G1 X99.104 Y101.052 E237.58787
G1 X99.104 Y118.948 E238.4569
G0 F9000 X97.868 Y118.79
;MESH:NONMESH
G0 F300 X97.868 Y118.79 Z4.2
G0 F9000 X98.241 Y119.228
G0 X99.648 Y119.399
G0 X99.831 Y119.399
;TIME_ELAPSED:372.830856
;LAYER:20
;note -- min layer time used
;TYPE:WALL-INNER
;MESH:testprint.stl
G1 F1500 X99.828 Y100.6 E239.08215
G1 X91.032 Y100.6 E239.37471
G1 X91.033 Y119.399 E239.99997
G1 X99.831 Y119.399 E240.29259
G1 F1500 E233.79259
G0 F9000 X90.912 Y119.52
G0 X90.633 Y119.799
;TYPE:WALL-OUTER
G1 F1500 E240.29259
G1 X100.231 Y119.799 E240.61182
G1 X100.228 Y100.2 E241.26369
G1 X90.632 Y100.2 E241.58285
G1 X90.633 Y119.799 E242.23472
G0 F9000 X90.912 Y119.52
G0 X92.35 Y119.227
G0 X92.422 Y118.584
G0 X92.202 Y118.584
;TYPE:FILL
G1 F1970.9 X97 Y100.679 E242.85125
G0 F9000 X96.394 Y100.68
G1 F1970.9 X98.661 Y102.948 E242.9579
G0 F9000 X98.659 Y103.688
G1 F1970.9 X92.202 Y105.418 E243.18024
G0 F9000 X92.202 Y104.974
G1 F1970.9 X98.661 Y111.433 E243.48405
G0 F9000 X98.44 Y111.433
G0 X98.44 Y109.9
G0 X98.66 Y109.9
G1 F1970.9 X92.202 Y111.63 E243.70642
G0 F9000 X92.422 Y111.63
G0 X92.422 Y113.459
G0 X92.202 Y113.459
G1 F1970.9 X98.062 Y119.319 E243.98206
G1 X98.217 Y119.319
G1 X98.66 Y117.662 E244.0391
G0 F9000 X98.44 Y117.662
G0 X98.44 Y116.111
G0 X98.661 Y116.111
G1 F1970.9 X92.202 Y117.842 E244.26151
G0 F9000 X92.422 Y117.842
G0 X92.422 Y118.944
G0 X92.068 Y118.944
;TYPE:SKIN
G1 F1027.4 X91.484 Y118.944 E244.28987
G1 X91.484 Y101.052 E245.1587
G1 X92.068 Y101.052 E245.18706
G1 X92.068 Y118.944 E246.05589
G0 F9000 X92.422 Y118.944
G0 X98.44 Y118.944
G0 X99.376 Y118.944
G1 F1027.4 X98.792 Y118.944 E246.08425
G1 X98.792 Y101.052 E246.95308
G1 X99.376 Y101.052 E246.98144
G1 X99.376 Y118.944 E247.85027
G0 F9000 X98.14 Y118.79
;MESH:NONMESH
G0 F300 X98.14 Y118.79 Z4.4
G0 F9000 X98.513 Y119.227
G0 X99.921 Y119.399
G0 X100.103 Y119.399
;TIME_ELAPSED:386.451238
;LAYER:21
;note -- min layer time used
;TYPE:WALL-INNER
;MESH:testprint.stl
G1 F1500 X100.1 Y100.6 E248.47553
G1 X91.304 Y100.6 E248.76809
G1 X91.305 Y119.399 E249.39335
G1 X100.103 Y119.399 E249.68597
G1 F1500 E243.18597
G0 F9000 X91.184 Y119.52
G0 X90.905 Y119.799
;TYPE:WALL-OUTER
G1 F1500 E249.68597
G1 X100.503 Y119.799 E250.0052
G1 X100.5 Y100.2 E250.65706
G1 X90.904 Y100.2 E250.97623
G1 X90.905 Y119.799 E251.62809
G0 F9000 X91.184 Y119.52
G0 X92.623 Y119.227
G0 X92.695 Y117.915
G0 X92.476 Y117.915
;TYPE:FILL
G1 F1969.1 X98.933 Y116.185 E251.85043
G1 X98.934 Y116.094
G1 X98.07 Y119.319 E251.96148
G1 X98.262 Y119.319
G1 X92.475 Y113.531 E252.2337
G0 F9000 X92.695 Y113.531
G0 X92.695 Y111.704
G0 X92.475 Y111.704
G1 F1969.1 X98.933 Y109.973 E252.45608
G0 F9000 X98.713 Y109.973
G0 X98.713 Y111.505
G0 X98.934 Y111.505
G1 F1969.1 X92.475 Y105.046 E252.75989
G0 F9000 X92.475 Y105.492
G1 F1969.1 X98.933 Y103.762 E252.98226
G0 F9000 X98.934 Y103.02
G1 F1969.1 X96.594 Y100.68 E253.09232
G0 F9000 X96.852 Y100.68
G1 F1969.1 X92.475 Y117.016 E253.65483
G0 F9000 X92.695 Y117.016
G0 X92.695 Y118.944
G0 X92.34 Y118.944
;TYPE:SKIN
G1 F1027.4 X91.756 Y118.944 E253.68319
G1 X91.756 Y101.052 E254.55202
G1 X92.34 Y101.052 E254.58038
G1 X92.34 Y118.944 E255.44921
G0 F9000 X92.695 Y118.944
G0 X98.713 Y118.944
G0 X99.648 Y118.944
G1 F1027.4 X99.064 Y118.944 E255.47757
G1 X99.064 Y101.052 E256.3464
G1 X99.648 Y101.052 E256.37476
G1 X99.648 Y118.944 E257.24359
G0 F9000 X98.413 Y118.79
;MESH:NONMESH
G0 F300 X98.413 Y118.79 Z4.6
G0 F9000 X98.786 Y119.227
G0 X100.193 Y119.4
G0 X100.376 Y119.4
;TIME_ELAPSED:400.006277
;LAYER:22
;note -- min layer time used
;TYPE:WALL-INNER
;MESH:testprint.stl
G1 F1500 X100.376 Y100.6 E257.86888
G1 X91.576 Y100.6 E258.16157
G1 X91.576 Y119.4 E258.78686
G1 X100.376 Y119.4 E259.07955
G1 F1500 E252.57955
G0 F9000 X91.457 Y119.52
G0 X91.176 Y119.8
;TYPE:WALL-OUTER
G1 F1500 E259.07955
G1 X100.776 Y119.8 E259.39885
G1 X100.776 Y100.2 E260.05075
G1 X91.176 Y100.2 E260.37004
G1 X91.176 Y119.8 E261.02194
G0 F9000 X91.457 Y119.52
G0 X92.896 Y119.228
G0 X92.968 Y117.988
G0 X92.748 Y117.988
;TYPE:FILL
G1 F1994.3 X99.206 Y116.258 E261.24431
G0 F9000 X98.986 Y116.258
G0 X98.986 Y114.53
G0 X99.207 Y114.53
G1 F1994.3 X97.923 Y119.321 E261.40928
G0 F9000 X98.463 Y119.32
G1 F1994.3 X92.748 Y113.604 E261.67812
G0 F9000 X92.968 Y113.604
G0 X92.968 Y111.777
G0 X92.748 Y111.777
G1 F1994.3 X99.206 Y110.046 E261.9005
G0 F9000 X98.986 Y110.046
G0 X98.986 Y111.579
G0 X99.207 Y111.579
G1 F1994.3 X92.748 Y105.119 E262.20433
G0 F9000 X92.749 Y105.565
G1 F1994.3 X99.206 Y103.835 E262.42667
G0 F9000 X99.207 Y103.093
G1 F1994.3 X96.794 Y100.68 E262.54017
G1 X96.707 Y100.679
G1 X92.748 Y115.451 E263.04883
G0 F9000 X92.968 Y115.451
G0 X92.968 Y118.947
G0 X92.615 Y118.947
;TYPE:SKIN
G1 F1023.9 X92.029 Y118.947 E263.07738
G1 X92.029 Y101.053 E263.94928
G1 X92.615 Y101.053 E263.97784
G1 X92.615 Y118.947 E264.84974
G0 F9000 X92.968 Y118.947
G0 X98.986 Y118.947
G0 X99.923 Y118.947
G1 F1023.9 X99.337 Y118.947 E264.8783
G1 X99.337 Y101.053 E265.7502
G1 X99.923 Y101.053 E265.77875
G1 X99.923 Y118.947 E266.65066
G0 F9000 X98.686 Y118.79
;MESH:NONMESH
G0 F300 X98.686 Y118.79 Z4.8
G0 F9000 X99.059 Y119.228
G0 X100.466 Y119.4
G0 X100.648 Y119.4
;TIME_ELAPSED:413.726195
;LAYER:23
;note -- min layer time used
;TYPE:WALL-INNER
;MESH:testprint.stl
G1 F1500 X100.648 Y100.6 E267.27595
G1 X91.848 Y100.6 E267.56864
G1 X91.848 Y119.4 E268.19393
G1 X100.648 Y119.4 E268.48662
G1 F1500 E261.98662
G0 F9000 X91.73 Y119.52
G0 X91.448 Y119.8
;TYPE:WALL-OUTER
G1 F1500 E268.48662
G1 X101.048 Y119.8 E268.80592
G1 X101.048 Y100.2 E269.45781
G1 X91.448 Y100.2 E269.77711
G1 X91.448 Y119.8 E270.42901
G0 F9000 X91.73 Y119.52
G0 X93.168 Y119.228
G0 X93.24 Y118.062
G0 X93.02 Y118.062
;TYPE:FILL
G1 F2094 X99.479 Y116.332 E270.65141
G0 F9000 X99.258 Y116.332
G0 X98.664 Y119.09
G0 X98.664 Y119.32
G1 F2094 X93.02 Y113.676 E270.91689
G0 F9000 X93.02 Y113.888
G1 F2094 X96.559 Y100.68 E271.37168
G0 F9000 X96.995 Y100.68
G1 F2094 X99.479 Y103.164 E271.48852
G0 F9000 X99.477 Y103.909
G1 F2094 X93.021 Y105.639 E271.71083
G0 F9000 X93.02 Y105.191
G1 F2094 X99.479 Y111.649 E272.01461
G0 F9000 X99.258 Y111.649
G0 X99.258 Y112.967
G0 X99.479 Y112.967
G1 F2094 X97.776 Y119.32 E272.23337
G0 F9000 X97.776 Y119.09
G0 X93.24 Y111.851
G0 X93.021 Y111.851
G1 F2094 X99.478 Y110.12 E272.45572
G0 F9000 X99.258 Y110.12
G0 X99.258 Y118.947
G0 X100.195 Y118.947
;TYPE:SKIN
G1 F1023.9 X99.609 Y118.947 E272.48427
G1 X99.609 Y101.053 E273.35618
G1 X100.195 Y101.053 E273.38473
G1 X100.195 Y118.947 E274.25664
G0 F9000 X99.258 Y118.947
G0 X93.24 Y118.947
G0 X92.887 Y118.947
G1 F1023.9 X92.301 Y118.947 E274.28519
G1 X92.301 Y101.053 E275.15709
G1 X92.887 Y101.053 E275.18565
G1 X92.887 Y118.947 E276.05755
G0 F9000 X93.54 Y118.79
;MESH:NONMESH
G0 F300 X93.54 Y118.79 Z5
G0 F9000 X100.739 Y119.4
G0 X100.92 Y119.4
;TIME_ELAPSED:427.726397
;LAYER:24
;note -- min layer time used
;TYPE:WALL-INNER
;MESH:testprint.stl
G1 F1500 X100.92 Y100.6 E276.68284
G1 X92.12 Y100.6 E276.97553
G1 X92.12 Y119.4 E277.60082
G1 X100.92 Y119.4 E277.89351
G1 F1500 E271.39351
G0 F9000 X92.002 Y119.52
G0 X91.72 Y119.8
;TYPE:WALL-OUTER
G1 F1500 E277.89351
G1 X101.32 Y119.8 E278.21281
G1 X101.32 Y100.2 E278.86471
G1 X91.72 Y100.2 E279.184
G1 X91.72 Y119.8 E279.8359
G0 F9000 X92.002 Y119.52
G0 X93.441 Y119.228
G0 X93.513 Y118.135
G0 X93.294 Y118.135
;TYPE:FILL
G1 F2137.8 X99.752 Y116.405 E280.05827
G0 F9000 X99.531 Y116.405
G0 X98.863 Y119.09
G0 X98.863 Y119.32
G1 F2137.8 X93.293 Y113.749 E280.32029
G0 F9000 X93.513 Y113.749
G0 X93.513 Y112.325
G0 X93.293 Y112.325
G1 F2137.8 X96.414 Y100.679 E280.72131
G0 F9000 X97.194 Y100.68
G1 F2137.8 X99.752 Y103.238 E280.84163
G0 F9000 X99.75 Y103.982
G1 F2137.8 X93.293 Y105.712 E281.06396
G0 F9000 X93.293 Y105.264
G1 F2137.8 X99.752 Y111.723 E281.36777
G0 F9000 X99.751 Y111.405
G1 F2137.8 X97.63 Y119.32 E281.64032
G0 F9000 X97.63 Y119.09
G0 X93.513 Y111.923
G0 X93.294 Y111.923
G1 F2137.8 X99.751 Y110.193 E281.86265
G0 F9000 X99.531 Y110.193
G0 X99.531 Y118.948
G0 X100.468 Y118.948
;TYPE:SKIN
G1 F1027.4 X99.884 Y118.948 E281.89101
G1 F1025.6 X99.881 Y101.053 E282.76148
G1 F1023.9 X100.467 Y101.053 E282.79003
G1 F1025.6 X100.468 Y118.948 E283.66049
G0 F9000 X99.531 Y118.948
G0 X93.513 Y118.947
G0 X93.159 Y118.947
G1 F1023.9 X92.573 Y118.947 E283.68905
G1 X92.573 Y101.053 E284.56095
G1 X93.159 Y101.053 E284.58951
G1 X93.159 Y118.947 E285.46141
G0 F9000 X93.813 Y118.79
;MESH:NONMESH
G0 F300 X93.813 Y118.79 Z5.2
G0 F9000 X101.011 Y119.4
G0 X101.192 Y119.4
;TIME_ELAPSED:441.718669
;LAYER:25
;note -- min layer time used
;TYPE:WALL-INNER
;MESH:testprint.stl
G1 F1500 X101.192 Y100.6 E286.0867
G1 X92.392 Y100.6 E286.37939
G1 X92.392 Y119.4 E287.00468
G1 X101.192 Y119.4 E287.29737
G1 F1500 E280.79737
G0 F9000 X92.275 Y119.52
G0 X91.992 Y119.8
;TYPE:WALL-OUTER
G1 F1500 E287.29737
G1 X101.592 Y119.8 E287.61667
G1 X101.592 Y100.2 E288.26857
G1 X91.992 Y100.2 E288.58786
G1 X91.992 Y119.8 E289.23976
G0 F9000 X92.275 Y119.52
G0 X93.714 Y119.228
G0 X93.786 Y118.208
G0 X93.567 Y118.208
;TYPE:FILL
G1 F2137.4 X100.023 Y116.478 E289.46207
G0 F9000 X99.803 Y116.478
G0 X99.063 Y119.09
G0 X99.063 Y119.32
G1 F2137.4 X93.566 Y113.823 E289.72063
G0 F9000 X93.786 Y113.823
G0 X93.786 Y111.996
G0 X93.567 Y111.996
G1 F2137.4 X100.023 Y110.266 E289.94293
G0 F9000 X100.024 Y109.844
G1 F2137.4 X97.484 Y119.321 E290.26926
G0 F9000 X97.484 Y119.09
G0 X99.803 Y111.796
G0 X100.024 Y111.796
G1 F2137.4 X93.566 Y105.338 E290.57303
G0 F9000 X93.566 Y105.785
G1 F2137.4 X100.023 Y104.055 E290.79536
G0 F9000 X100.023 Y103.31
G1 F2137.4 X97.393 Y100.68 E290.91907
G0 F9000 X97.393 Y100.91
G0 X96.267 Y100.91
G0 X96.267 Y100.68
G1 F2137.4 X93.566 Y110.761 E291.26619
G0 F9000 X93.786 Y110.761
G0 X93.786 Y118.947
G0 X93.431 Y118.947
;TYPE:SKIN
G1 F1023.9 X92.845 Y118.947 E291.29474
G1 X92.845 Y101.053 E292.16665
G1 X93.431 Y101.053 E292.1952
G1 X93.431 Y118.947 E293.06711
G0 F9000 X93.786 Y118.947
G0 X99.803 Y118.948
G0 X100.74 Y118.948
G1 F1027.4 X100.156 Y118.948 E293.09547
G1 F1025.6 X100.153 Y101.053 E293.96593
G1 F1023.9 X100.739 Y101.053 E293.99448
G1 F1025.6 X100.74 Y118.948 E294.86495
G0 F9000 X99.503 Y118.79
;MESH:NONMESH
G0 F300 X99.503 Y118.79 Z5.4
G0 F9000 X99.876 Y119.228
G0 X101.284 Y119.399
G0 X101.467 Y119.399
;TIME_ELAPSED:455.671008
;LAYER:26
;note -- min layer time used
;TYPE:WALL-INNER
;MESH:testprint.stl
G1 F1500 X101.464 Y100.6 E295.49021
G1 X92.668 Y100.6 E295.78276
G1 X92.669 Y119.399 E296.40802
G1 X101.467 Y119.399 E296.70064
G1 F1500 E290.20064
G0 F9000 X92.548 Y119.52
G0 X92.269 Y119.799
;TYPE:WALL-OUTER
G1 F1500 E296.70064
G1 X101.867 Y119.799 E297.01987
G1 X101.864 Y100.2 E297.67174
G1 X92.268 Y100.2 E297.9909
G1 X92.269 Y119.799 E298.64277
G0 F9000 X92.548 Y119.52
G0 X93.986 Y119.227
G0 X94.058 Y118.282
G0 X93.839 Y118.282
;TYPE:FILL
G1 F2051.1 X100.296 Y116.552 E298.8651
G0 F9000 X100.076 Y116.552
G0 X99.263 Y119.09
G0 X99.263 Y119.319
G1 F2051.1 X93.838 Y113.894 E299.12028
G0 F9000 X94.058 Y113.894
G0 X94.058 Y112.071
G0 X93.838 Y112.071
G1 F2051.1 X100.296 Y110.34 E299.34266
G0 F9000 X100.076 Y110.34
G0 X100.076 Y111.868
G0 X100.297 Y111.868
G1 F2051.1 X93.838 Y105.409 E299.64647
G0 F9000 X93.839 Y105.859
G1 F2051.1 X100.296 Y104.129 E299.8688
G0 F9000 X100.296 Y103.382
G1 F2051.1 X97.594 Y100.68 E299.9959
G0 F9000 X97.594 Y100.91
G0 X96.12 Y100.91
G0 X96.12 Y100.679
G1 F2051.1 X93.838 Y109.197 E300.2892
G0 F9000 X94.058 Y109.197
G0 X100.076 Y108.279
G0 X100.296 Y108.279
G1 F2051.1 X97.338 Y119.32 E300.66937
G0 F9000 X97.338 Y119.09
G0 X100.076 Y118.944
G0 X101.012 Y118.944
;TYPE:SKIN
G1 F1027.4 X100.428 Y118.944 E300.69773
G1 X100.428 Y101.052 E301.56656
G1 X101.012 Y101.052 E301.59492
G1 X101.012 Y118.944 E302.46376
G0 F9000 X100.076 Y118.944
G0 X94.058 Y118.944
G0 X93.704 Y118.944
G1 F1027.4 X93.12 Y118.944 E302.49211
G1 X93.12 Y101.052 E303.36095
G1 X93.704 Y101.052 E303.3893
G1 X93.704 Y118.944 E304.25814
G0 F9000 X94.358 Y118.79
;MESH:NONMESH
G0 F300 X94.358 Y118.79 Z5.6
G0 F9000 X101.557 Y119.399
G0 X101.739 Y119.399
;TIME_ELAPSED:469.690442
;LAYER:27
;note -- min layer time used
;TYPE:WALL-INNER
;MESH:testprint.stl
G1 F1500 X101.736 Y100.6 E304.88339
G1 X92.94 Y100.6 E305.17595
G1 X92.941 Y119.399 E305.80121
G1 X101.739 Y119.399 E306.09383
G1 F1500 E299.59383
G0 F9000 X92.82 Y119.52
G0 X92.541 Y119.799
;TYPE:WALL-OUTER
G1 F1500 E306.09383
G1 X102.139 Y119.799 E306.41306
G1 X102.136 Y100.2 E307.06493
G1 X92.54 Y100.2 E307.38409
G1 X92.541 Y119.799 E308.03596
G0 F9000 X92.82 Y119.52
G0 X94.259 Y119.227
G0 X94.331 Y118.355
G0 X94.111 Y118.355
;TYPE:FILL
G1 F2096.6 X100.569 Y116.625 E308.25832
G0 F9000 X100.349 Y116.625
G0 X99.462 Y119.09
G0 X99.462 Y119.319
G1 F2096.6 X94.111 Y113.968 E308.51002
G0 F9000 X94.331 Y113.968
G0 X94.331 Y112.143
G0 X94.112 Y112.143
G1 F2096.6 X100.569 Y110.413 E308.73235
G0 F9000 X100.349 Y110.413
G0 X100.349 Y111.941
G0 X100.57 Y111.941
G1 F2096.6 X94.111 Y105.483 E309.03614
G0 F9000 X94.111 Y105.932
G1 F2096.6 X100.568 Y104.202 E309.25848
G0 F9000 X100.57 Y103.456
G1 F2096.6 X97.794 Y100.68 E309.38905
G0 F9000 X97.794 Y100.91
G0 X95.974 Y100.91
G0 X95.974 Y100.68
G1 F2096.6 X94.111 Y107.634 E309.6285
G0 F9000 X94.331 Y107.634
G0 X100.349 Y106.714
G0 X100.569 Y106.714
G1 F2096.6 X97.192 Y119.32 E310.06256
G0 F9000 X97.192 Y119.09
G0 X94.331 Y118.944
G0 X93.976 Y118.944
;TYPE:SKIN
G1 F1027.4 X93.392 Y118.944 E310.09092
G1 X93.392 Y101.052 E310.95975
G1 X93.976 Y101.052 E310.98811
G1 X93.976 Y118.944 E311.85694
G0 F9000 X94.331 Y118.944
G0 X100.349 Y118.944
G0 X101.284 Y118.944
G1 F1027.4 X100.7 Y118.944 E311.8853
G1 X100.7 Y101.052 E312.75413
G1 X101.284 Y101.052 E312.78249
G1 X101.284 Y118.944 E313.65132
G0 F9000 X100.049 Y118.79
;MESH:NONMESH
G0 F300 X100.049 Y118.79 Z5.8
G0 F9000 X100.422 Y119.227
G0 X101.829 Y119.4
G0 X102.012 Y119.4
;TIME_ELAPSED:483.603152
;LAYER:28
;note -- min layer time used
;TYPE:WALL-INNER
;MESH:testprint.stl
G1 F1500 X102.012 Y100.6 E314.27661
G1 X93.212 Y100.6 E314.5693
G1 X93.212 Y119.4 E315.19459
G1 X102.012 Y119.4 E315.48728
G1 F1500 E308.98728
G0 F9000 X93.093 Y119.52
G0 X92.812 Y119.8
;TYPE:WALL-OUTER
G1 F1500 E315.48728
G1 X102.412 Y119.8 E315.80658
G1 X102.412 Y100.2 E316.45848
G1 X92.812 Y100.2 E316.77778
G1 X92.812 Y119.8 E317.42967
G0 F9000 X93.093 Y119.52
G0 X94.531 Y119.228
G0 X94.603 Y118.429
G0 X94.384 Y118.429
;TYPE:FILL
G1 F2054.2 X100.842 Y116.699 E317.65204
G0 F9000 X100.621 Y116.699
G0 X99.664 Y119.09
G0 X99.664 Y119.32
G1 F2054.2 X94.382 Y114.039 E317.90047
G0 F9000 X94.603 Y114.039
G0 X94.603 Y112.217
G0 X94.384 Y112.217
G1 F2054.2 X100.841 Y110.487 E318.1228
G0 F9000 X100.621 Y110.487
G0 X100.621 Y112.013
G0 X100.842 Y112.013
G1 F2054.2 X94.382 Y105.553 E318.42666
G0 F9000 X94.383 Y106.006
G1 F2054.2 X100.841 Y104.276 E318.64903
G0 F9000 X100.842 Y103.528
G1 F2054.2 X97.994 Y100.68 E318.78299
G0 F9000 X97.994 Y100.91
G0 X95.827 Y100.91
G0 X95.827 Y100.68
G1 F2054.2 X94.383 Y106.069 E318.96855
G0 F9000 X94.603 Y106.069
G0 X100.621 Y105.151
G0 X100.841 Y105.151
G1 F2054.2 X97.045 Y119.32 E319.45643
G0 F9000 X97.045 Y119.09
G0 X94.603 Y118.948
G0 X94.248 Y118.948
;TYPE:SKIN
G1 F1027.4 X93.664 Y118.948 E319.48479
G1 X93.664 Y101.052 E320.35382
G1 X94.248 Y101.052 E320.38218
G1 X94.248 Y118.948 E321.2512
G0 F9000 X94.603 Y118.948
G0 X100.621 Y118.947
G0 X101.559 Y118.947
G1 F1023.9 X100.973 Y118.947 E321.27976
G1 X100.973 Y101.053 E322.15166
G1 X101.559 Y101.053 E322.18022
G1 X101.559 Y118.947 E323.05212
G0 F9000 X100.321 Y118.79
;MESH:NONMESH
G0 F300 X100.321 Y118.79 Z6
G0 F9000 X100.694 Y119.228
G0 X102.102 Y119.4
G0 X102.284 Y119.4
;TIME_ELAPSED:497.545897
;LAYER:29
;note -- min layer time used
;TYPE:WALL-INNER
;MESH:testprint.stl
G1 F1500 X102.284 Y100.6 E323.67741
G1 X93.484 Y100.6 E323.9701
G1 X93.484 Y119.4 E324.59539
G1 X102.284 Y119.4 E324.88808
G1 F1500 E318.38808
G0 F9000 X93.366 Y119.52
G0 X93.084 Y119.8
;TYPE:WALL-OUTER
G1 F1500 E324.88808
G1 X102.684 Y119.8 E325.20738
G1 X102.684 Y100.2 E325.85928
G1 X93.084 Y100.2 E326.17857
G1 X93.084 Y119.8 E326.83047
G0 F9000 X93.366 Y119.52
G0 X94.804 Y119.228
G0 X94.876 Y118.502
G0 X94.656 Y118.502
;TYPE:FILL
G1 F2052.6 X101.114 Y116.772 E327.05284
G0 F9000 X100.894 Y116.772
G0 X99.863 Y119.09
G0 X99.863 Y119.32
G1 F2052.6 X94.655 Y114.112 E327.29781
G0 F9000 X94.876 Y114.112
G0 X94.876 Y112.29
G0 X94.656 Y112.29
G1 F2052.6 X101.114 Y110.56 E327.52018
G0 F9000 X100.894 Y110.56
G0 X100.894 Y112.086
G0 X101.115 Y112.086
G1 F2052.6 X94.655 Y105.627 E327.82401
G0 F9000 X94.657 Y106.079
G1 F2052.6 X101.114 Y104.348 E328.04635
G0 F9000 X101.115 Y103.601
G1 F2052.6 X98.194 Y100.68 E328.18375
G0 F9000 X98.194 Y100.91
G0 X95.681 Y100.91
G0 X95.681 Y100.68
G1 F2052.6 X94.657 Y104.505 E328.31545
G0 F9000 X94.876 Y104.505
G0 X100.894 Y103.586
G0 X101.114 Y103.586
G1 F2052.6 X96.898 Y119.32 E328.85723
G0 F9000 X96.898 Y119.09
G0 X94.876 Y118.947
G0 X94.523 Y118.947
;TYPE:SKIN
G1 F1023.9 X93.937 Y118.947 E328.88578
G1 X93.937 Y101.053 E329.75768
G1 X94.523 Y101.053 E329.78624
G1 X94.523 Y118.947 E330.65814
G0 F9000 X94.876 Y118.947
G0 X100.894 Y118.947
G0 X101.831 Y118.947
G1 F1023.9 X101.245 Y118.947 E330.6867
G1 X101.245 Y101.053 E331.5586
G1 X101.831 Y101.053 E331.58715
G1 X101.831 Y118.947 E332.45906
G0 F9000 X100.594 Y118.79
;MESH:NONMESH
G0 F300 X100.594 Y118.79 Z6.2
G0 F9000 X100.967 Y119.228
G0 X102.375 Y119.4
G0 X102.556 Y119.4
;TIME_ELAPSED:511.489502
;LAYER:30
;note -- min layer time used
;TYPE:WALL-INNER
;MESH:testprint.stl
G1 F1500 X102.556 Y100.6 E333.08435
G1 X93.756 Y100.6 E333.37704
G1 X93.756 Y119.4 E334.00233
G1 X102.556 Y119.4 E334.29502
G1 F1500 E327.79502
G0 F9000 X93.638 Y119.52
G0 X93.356 Y119.8
;TYPE:WALL-OUTER
G1 F1500 E334.29502
G1 X102.956 Y119.8 E334.61432
G1 X102.956 Y100.2 E335.26621
G1 X93.356 Y100.2 E335.58551
G1 X93.356 Y119.8 E336.23741
G0 F9000 X93.638 Y119.52
G0 X95.077 Y119.228
G0 X95.149 Y118.576
G0 X94.929 Y118.576
;TYPE:FILL
G1 F2051.3 X101.388 Y116.845 E336.45982
G0 F9000 X101.167 Y116.845
G0 X100.064 Y119.09
G0 X100.064 Y119.32
G1 F2051.3 X94.928 Y114.184 E336.7014
G0 F9000 X95.149 Y114.184
G0 X95.149 Y112.364
G0 X94.93 Y112.364
G1 F2051.3 X101.387 Y110.634 E336.92374
G0 F9000 X101.167 Y110.634
G0 X101.167 Y112.158
G0 X101.388 Y112.158
G1 F2051.3 X94.928 Y105.699 E337.22757
G0 F9000 X94.929 Y106.153
G1 F2051.3 X101.386 Y104.422 E337.44991
G0 F9000 X101.388 Y103.673
G1 F2051.3 X98.395 Y100.68 E337.5907
G0 F9000 X98.395 Y100.91
G0 X95.534 Y100.91
G0 X95.534 Y100.68
G1 F2051.3 X94.929 Y102.939 E337.66848
G0 F9000 X95.149 Y102.939
G0 X101.167 Y102.021
G0 X101.387 Y102.021
G1 F2051.3 X96.751 Y119.321 E338.26418
G0 F9000 X96.751 Y119.09
G0 X95.149 Y118.947
G0 X94.795 Y118.947
;TYPE:SKIN
G1 F1023.9 X94.209 Y118.947 E338.29273
G1 X94.209 Y101.053 E339.16464
G1 X94.795 Y101.053 E339.19319
G1 X94.795 Y118.947 E340.0651
G0 F9000 X95.149 Y118.947
G0 X101.167 Y118.948
G0 X102.104 Y118.948
G1 F1027.4 X101.52 Y118.948 E340.09346
G1 F1025.6 X101.517 Y101.053 E340.96392
G1 F1023.9 X102.103 Y101.053 E340.99248
G1 F1025.6 X102.104 Y118.948 E341.86294
G0 F9000 X100.867 Y118.79
;MESH:NONMESH
G0 F300 X100.867 Y118.79 Z6.4
G0 F9000 X101.24 Y119.228
G0 X102.647 Y119.4
G0 X102.828 Y119.4
;TIME_ELAPSED:525.421993
;LAYER:31
;note -- min layer time used
;TYPE:WALL-INNER
;MESH:testprint.stl
G1 F1500 X102.828 Y100.6 E342.48823
G1 X94.028 Y100.6 E342.78092
G1 X94.028 Y119.4 E343.40621
G1 X102.828 Y119.4 E343.6989
G1 F1500 E337.1989
G0 F9000 X93.911 Y119.52
G0 X93.628 Y119.8
;TYPE:WALL-OUTER
G1 F1500 E343.6989
G1 X103.228 Y119.8 E344.0182
G1 X103.228 Y100.2 E344.6701
G1 X93.628 Y100.2 E344.98939
G1 X93.628 Y119.8 E345.64129
G0 F9000 X93.911 Y119.52
G0 X95.349 Y119.228
G0 X95.421 Y118.649
G0 X95.202 Y118.649
;TYPE:FILL
G1 F2270.5 X101.66 Y116.918 E345.86367
G0 F9000 X101.439 Y116.918
G0 X100.263 Y119.09
G0 X100.263 Y119.32
G1 F2270.5 X95.201 Y114.257 E346.10179
G0 F9000 X95.421 Y114.257
G0 X95.421 Y112.437
G0 X95.202 Y112.437
G1 F2270.5 X101.659 Y110.707 E346.32413
G0 F9000 X101.439 Y110.707
G0 X101.439 Y112.231
G0 X101.659 Y112.231
G1 F2270.5 X95.201 Y105.772 E346.62792
G0 F9000 X95.201 Y106.226
G1 F2270.5 X101.658 Y104.495 E346.85026
G0 F9000 X101.659 Y103.745
G1 F2270.5 X98.594 Y100.68 E346.99443
G0 F9000 X98.594 Y100.91
G0 X101.469 Y100.88
G0 X101.6 Y100.68
G1 F2270.5 X96.605 Y119.32 E347.63627
G0 F9000 X96.605 Y119.09
G0 X95.421 Y101.379
G0 X95.201 Y101.379
G1 F2270.5 X95.388 Y100.68 E347.66034
G0 F9000 X95.388 Y100.91
G0 X95.421 Y118.947
G0 X95.067 Y118.947
;TYPE:SKIN
G1 F1023.9 X94.481 Y118.947 E347.68889
G1 X94.481 Y101.053 E348.5608
G1 X95.067 Y101.053 E348.58935
G1 X95.067 Y118.947 E349.46125
G0 F9000 X95.421 Y118.947
G0 X101.439 Y118.948
G0 X102.376 Y118.948
G1 F1027.4 X101.792 Y118.948 E349.48961
G1 F1025.6 X101.789 Y101.053 E350.36008
G1 F1023.9 X102.375 Y101.053 E350.38863
G1 F1025.6 X102.376 Y118.948 E351.2591
G0 F9000 X101.139 Y118.79
;MESH:NONMESH
G0 F300 X101.139 Y118.79 Z6.6
G0 F9000 X101.512 Y119.228
G0 X102.92 Y119.4
G0 X103.1 Y119.4
;TIME_ELAPSED:539.634664
;LAYER:32
;note -- min layer time used
;TYPE:WALL-INNER
;MESH:testprint.stl
G1 F1500 X103.1 Y100.6 E351.88439
G1 X94.3 Y100.6 E352.17708
G1 X94.3 Y119.4 E352.80237
G1 X103.1 Y119.4 E353.09506
G1 F1500 E346.59506
G0 F9000 X94.183 Y119.52
G0 X93.9 Y119.8
;TYPE:WALL-OUTER
G1 F1500 E353.09506
G1 X103.5 Y119.8 E353.41435
G1 X103.5 Y100.2 E354.06625
G1 X93.9 Y100.2 E354.38555
G1 X93.9 Y119.8 E355.03745
G0 F9000 X94.183 Y119.52
G0 X95.622 Y119.228
G0 X95.694 Y118.722
G0 X95.475 Y118.722
;TYPE:FILL
G1 F1952.8 X101.932 Y116.991 E355.25979
G0 F9000 X101.712 Y116.991
G0 X100.462 Y119.09
G0 X100.462 Y119.319
G1 F1952.8 X95.474 Y114.331 E355.49441
G0 F9000 X95.694 Y114.331
G0 X95.694 Y112.51
G0 X95.475 Y112.51
G1 F1952.8 X101.932 Y110.78 E355.71675
G0 F9000 X101.712 Y110.78
G0 X101.712 Y112.305
G0 X101.933 Y112.305
G1 F1952.8 X95.474 Y105.845 E356.02058
G0 F9000 X95.474 Y106.298
G1 F1952.8 X101.931 Y104.568 E356.24292
G0 F9000 X101.932 Y103.819
G1 F1952.8 X98.793 Y100.68 E356.39057
G0 F9000 X98.793 Y100.91
G0 X101.454 Y100.91
G0 X101.454 Y100.679
G1 F1952.8 X96.459 Y119.32 E357.03244
G0 F9000 X96.459 Y119.09
G0 X95.694 Y118.947
G0 X95.339 Y118.947
;TYPE:SKIN
G1 F1023.9 X94.753 Y118.947 E357.061
G1 X94.753 Y101.053 E357.9329
G1 X95.339 Y101.053 E357.96145
G1 X95.339 Y118.947 E358.83336
G0 F9000 X95.694 Y118.947
G0 X101.712 Y118.948
G0 X102.648 Y118.948
G1 F1027.4 X102.064 Y118.948 E358.86172
G1 X102.064 Y101.052 E359.73074
G1 X102.648 Y101.052 E359.7591
G1 X102.648 Y118.948 E360.62813
G0 F9000 X101.412 Y118.79
;MESH:NONMESH
G0 F300 X101.412 Y118.79 Z6.8
G0 F9000 X101.785 Y119.228
G0 X103.192 Y119.399
G0 X103.375 Y119.399
;TIME_ELAPSED:553.300703
;LAYER:33
;note -- min layer time used
;TYPE:WALL-INNER
;MESH:testprint.stl
G1 F1500 X103.372 Y100.6 E361.25339
G1 X94.576 Y100.6 E361.54594
G1 X94.577 Y119.399 E362.1712
G1 X103.375 Y119.399 E362.46382
G1 F1500 E355.96382
G0 F9000 X94.456 Y119.52
G0 X94.177 Y119.799
;TYPE:WALL-OUTER
G1 F1500 E362.46382
G1 X103.775 Y119.799 E362.78305
G1 X103.772 Y100.2 E363.43492
G1 X94.176 Y100.2 E363.75408
G1 X94.177 Y119.799 E364.40595
G0 F9000 X94.456 Y119.52
G0 X95.895 Y119.227
G0 X95.967 Y118.796
G0 X95.747 Y118.796
;TYPE:FILL
G1 F1943.1 X102.205 Y117.065 E364.62832
G0 F9000 X101.985 Y117.065
G0 X100.663 Y119.09
G0 X100.663 Y119.319
G1 F1943.1 X95.747 Y114.404 E364.85954
G0 F9000 X95.967 Y114.404
G0 X95.967 Y112.584
G0 X95.747 Y112.584
G1 F1943.1 X102.205 Y110.854 E365.0819
G0 F9000 X101.985 Y110.854
G0 X101.985 Y112.377
G0 X102.206 Y112.377
G1 F1943.1 X95.747 Y105.918 E365.38571
G0 F9000 X95.748 Y106.372
G1 F1943.1 X102.205 Y104.642 E365.60805
G0 F9000 X102.205 Y103.891
G1 F1943.1 X98.994 Y100.68 E365.75909
G0 F9000 X98.994 Y100.91
G0 X101.307 Y100.91
G0 X101.307 Y100.68
G1 F1943.1 X96.313 Y119.319 E366.40089
G0 F9000 X95.612 Y118.944
;TYPE:SKIN
G1 F1027.4 X95.028 Y118.944 E366.42925
G1 X95.028 Y101.052 E367.29808
G1 X95.612 Y101.052 E367.32644
G1 X95.612 Y118.944 E368.19527
G0 F9000 X95.967 Y118.944
G0 X101.985 Y118.944
G0 X102.92 Y118.944
G1 F1027.4 X102.336 Y118.944 E368.22363
G1 X102.336 Y101.052 E369.09246
G1 X102.92 Y101.052 E369.12082
G1 X102.92 Y118.944 E369.98965
G0 F9000 X101.685 Y118.79
;MESH:NONMESH
G0 F300 X101.685 Y118.79 Z7
G0 F9000 X102.058 Y119.227
G0 X103.465 Y119.4
G0 X103.648 Y119.4
;TIME_ELAPSED:566.909841
;LAYER:34
;note -- min layer time used
;TYPE:WALL-INNER
;MESH:testprint.stl
G1 F1500 X103.648 Y100.6 E370.61494
G1 X94.848 Y100.6 E370.90763
G1 X94.848 Y119.4 E371.53292
G1 X103.648 Y119.4 E371.82561
G1 F1500 E365.32561
G0 F9000 X94.729 Y119.52
G0 X94.448 Y119.8
;TYPE:WALL-OUTER
G1 F1500 E371.82561
G1 X104.048 Y119.8 E372.14491
G1 X104.048 Y100.2 E372.79681
G1 X94.448 Y100.2 E373.1161
G1 X94.448 Y119.8 E373.768
G0 F9000 X94.729 Y119.52
G0 X96.167 Y119.228
G0 X96.166 Y119.32
;TYPE:FILL
G1 F1957.6 X101.161 Y100.679 E374.40988
G0 F9000 X101.161 Y100.91
G0 X99.194 Y100.91
G0 X99.194 Y100.68
G1 F1957.6 X102.478 Y103.964 E374.56435
G0 F9000 X102.476 Y104.715
G1 F1957.6 X96.019 Y106.446 E374.78669
G0 F9000 X96.019 Y105.99
G1 F1957.6 X102.478 Y112.45 E375.09052
G0 F9000 X102.257 Y112.45
G0 X102.257 Y110.927
G0 X102.477 Y110.927
G1 F1957.6 X96.02 Y112.657 E375.31286
G0 F9000 X96.239 Y112.657
G0 X96.239 Y114.476
G0 X96.019 Y114.476
G1 F1957.6 X100.863 Y119.32 E375.54071
G0 F9000 X100.863 Y119.09
G0 X102.288 Y119.12
G0 X102.378 Y119.32
G1 F1957.6 X102.478 Y118.949 E375.55349
G0 F9000 X102.257 Y118.949
G0 X102.257 Y117.138
G0 X102.477 Y117.138
G1 F1957.6 X96.019 Y118.869 E375.77586
G0 F9000 X95.884 Y118.948
;TYPE:SKIN
G1 F1027.4 X95.3 Y118.948 E375.80422
G1 X95.3 Y101.052 E376.67325
G1 X95.884 Y101.052 E376.70161
G1 X95.884 Y118.948 E377.57063
G0 F9000 X96.239 Y118.948
G0 X102.257 Y118.947
G0 X103.195 Y118.947
G1 F1023.9 X102.609 Y118.947 E377.59919
G1 X102.609 Y101.053 E378.47109
G1 X103.195 Y101.053 E378.49964
G1 X103.195 Y118.947 E379.37155
G0 F9000 X101.957 Y118.79
;MESH:NONMESH
G0 F300 X101.957 Y118.79 Z7.2
G0 F9000 X102.33 Y119.228
G0 X103.738 Y119.4
G0 X103.92 Y119.4
;TIME_ELAPSED:580.584410
;LAYER:35
;note -- min layer time used
;TYPE:WALL-INNER
;MESH:testprint.stl
G1 F1500 X103.92 Y100.6 E379.99684
G1 X95.12 Y100.6 E380.28953
G1 X95.12 Y119.4 E380.91482
G1 X103.92 Y119.4 E381.20751
G1 F1500 E374.70751
G0 F9000 X95.001 Y119.52
G0 X94.72 Y119.8
;TYPE:WALL-OUTER
G1 F1500 E381.20751
G1 X104.32 Y119.8 E381.52681
G1 X104.32 Y100.2 E382.17871
G1 X94.72 Y100.2 E382.498
G1 X94.72 Y119.8 E383.1499
G0 F9000 X95.001 Y119.52
G0 X96.44 Y119.228
G0 X96.512 Y118.942
G0 X96.293 Y118.942
;TYPE:FILL
G1 F1971 X102.751 Y117.212 E383.37227
G1 X102.751 Y117.381
G1 X102.231 Y119.32 E383.43904
G0 F9000 X102.231 Y119.09
G0 X101.064 Y119.09
G0 X101.064 Y119.32
G1 F1971 X96.292 Y114.548 E383.6635
G0 F9000 X96.512 Y114.548
G0 X96.512 Y112.731
G0 X96.293 Y112.731
G1 F1971 X102.75 Y111.001 E383.88583
G0 F9000 X102.53 Y111.001
G0 X102.53 Y112.522
G0 X102.751 Y112.522
G1 F1971 X96.292 Y106.062 E384.18967
G0 F9000 X96.292 Y106.519
G1 F1971 X102.75 Y104.789 E384.41204
G0 F9000 X102.751 Y104.037
G1 F1971 X99.394 Y100.68 E384.56994
G0 F9000 X99.394 Y100.91
G0 X101.014 Y100.91
G0 X101.014 Y100.68
G1 F1971 X96.292 Y118.303 E385.17676
G0 F9000 X96.159 Y118.947
;TYPE:SKIN
G1 F1023.9 X95.573 Y118.947 E385.20531
G1 X95.573 Y101.053 E386.07722
G1 X96.159 Y101.053 E386.10577
G1 X96.159 Y118.947 E386.97768
G0 F9000 X96.512 Y118.947
G0 X102.53 Y118.947
G0 X103.467 Y118.947
G1 F1023.9 X102.881 Y118.947 E387.00623
G1 X102.881 Y101.053 E387.87813
G1 X103.467 Y101.053 E387.90669
G1 X103.467 Y118.947 E388.77859
G0 F9000 X102.23 Y118.79
;MESH:NONMESH
G0 F300 X102.23 Y118.79 Z7.4
G0 F9000 X102.603 Y119.228
G0 X104.01 Y119.4
G0 X104.192 Y119.4
;TIME_ELAPSED:594.202029
;LAYER:36
;note -- min layer time used
;TYPE:WALL-INNER
;MESH:testprint.stl
G1 F1500 X104.192 Y100.6 E389.40388
G1 X95.392 Y100.6 E389.69657
G1 X95.392 Y119.4 E390.32186
G1 X104.192 Y119.4 E390.61455
G1 F1500 E384.11455
G0 F9000 X95.274 Y119.52
G0 X94.992 Y119.8
;TYPE:WALL-OUTER
G1 F1500 E390.61455
G1 X104.592 Y119.8 E390.93385
G1 X104.592 Y100.2 E391.58575
G1 X94.992 Y100.2 E391.90505
G1 X94.992 Y119.8 E392.55694
G0 F9000 X95.274 Y119.52
G0 X96.712 Y119.228
G0 X96.564 Y119.016
;TYPE:FILL
G1 F1985.1 X103.022 Y117.285 E392.77932
G0 F9000 X102.802 Y117.285
G0 X102.802 Y115.821
G0 X103.023 Y115.821
G1 F1985.1 X102.085 Y119.32 E392.89981
G0 F9000 X101.263 Y119.32
G1 F1985.1 X96.564 Y114.621 E393.12083
G0 F9000 X96.784 Y114.621
G0 X96.784 Y112.804
G0 X96.564 Y112.804
G1 F1985.1 X103.022 Y111.074 E393.3432
G0 F9000 X102.802 Y111.074
G0 X102.802 Y112.594
G0 X103.023 Y112.594
G1 F1985.1 X96.564 Y106.135 E393.64701
G0 F9000 X96.564 Y106.592
G1 F1985.1 X103.022 Y104.862 E393.86938
G0 F9000 X103.023 Y104.109
G1 F1985.1 X99.594 Y100.68 E394.03067
G0 F9000 X99.594 Y100.91
G0 X100.868 Y100.91
G0 X100.868 Y100.679
G1 F1985.1 X96.564 Y116.743 E394.5838
G0 F9000 X96.784 Y116.743
G0 X96.784 Y118.947
G0 X96.431 Y118.947
;TYPE:SKIN
G1 F1023.9 X95.845 Y118.947 E394.61236
G1 X95.845 Y101.053 E395.48426
G1 X96.431 Y101.053 E395.51282
G1 X96.431 Y118.947 E396.38472
G0 F9000 X96.784 Y118.947
G0 X102.802 Y118.947
G0 X103.739 Y118.947
G1 F1023.9 X103.153 Y118.947 E396.41328
G1 X103.153 Y101.053 E397.28518
G1 X103.739 Y101.053 E397.31373
G1 X103.739 Y118.947 E398.18564
G0 F9000 X102.502 Y118.79
;MESH:NONMESH
G0 F300 X102.502 Y118.79 Z7.6
G0 F9000 X102.875 Y119.228
G0 X104.283 Y119.4
G0 X104.464 Y119.4
;TIME_ELAPSED:607.963487
;LAYER:37
;note -- min layer time used
;TYPE:WALL-INNER
;MESH:testprint.stl
G1 F1500 X104.464 Y100.6 E398.81093
G1 X95.664 Y100.6 E399.10362
G1 X95.664 Y119.4 E399.72891
G1 X104.464 Y119.4 E400.0216
G1 F1500 E393.5216
G0 F9000 X95.547 Y119.52
G0 X95.264 Y119.8
;TYPE:WALL-OUTER
G1 F1500 E400.0216
G1 X104.864 Y119.8 E400.34089
G1 X104.864 Y100.2 E400.99279
G1 X95.264 Y100.2 E401.31209
G1 X95.264 Y119.8 E401.96399
G0 F9000 X95.547 Y119.52
G0 X96.985 Y119.228
G0 X96.837 Y119.09
;TYPE:FILL
G1 F2071.4 X103.295 Y117.359 E402.18637
G0 F9000 X103.075 Y117.359
G0 X101.938 Y119.09
G0 X101.938 Y119.32
G1 F2071.4 X103.296 Y114.253 E402.36084
G0 F9000 X103.075 Y114.253
G0 X103.075 Y112.666
G0 X103.296 Y112.666
G1 F2071.4 X96.837 Y106.207 E402.66465
G0 F9000 X96.837 Y106.666
G1 F2071.4 X103.294 Y104.936 E402.88699
G0 F9000 X103.296 Y104.181
G1 F2071.4 X99.795 Y100.68 E403.05167
G0 F9000 X100.721 Y100.679
G1 F2071.4 X96.837 Y115.174 E403.55078
G0 F9000 X96.837 Y114.693
G1 F2071.4 X101.464 Y119.32 E403.76842
G0 F9000 X101.464 Y119.09
G0 X97.057 Y112.878
G0 X96.838 Y112.878
G1 F2071.4 X103.295 Y111.148 E403.99075
G0 F9000 X103.075 Y111.148
G0 X103.075 Y118.948
G0 X104.012 Y118.948
;TYPE:SKIN
G1 F1027.4 X103.428 Y118.948 E404.01911
G1 F1025.6 X103.425 Y101.053 E404.88958
G1 F1023.9 X104.011 Y101.053 E404.91813
G1 F1025.6 X104.012 Y118.948 E405.7886
G0 F9000 X103.075 Y118.948
G0 X97.057 Y118.947
G0 X96.703 Y118.947
G1 F1023.9 X96.117 Y118.947 E405.81715
G1 X96.117 Y101.053 E406.68906
G1 X96.703 Y101.053 E406.71761
G1 X96.703 Y118.947 E407.58951
G0 F9000 X97.357 Y118.79
;MESH:NONMESH
G0 F300 X97.357 Y118.79 Z7.8
G0 F9000 X104.556 Y119.4
G0 X104.736 Y119.4
;TIME_ELAPSED:621.913452
;LAYER:38
;note -- min layer time used
;TYPE:WALL-INNER
;MESH:testprint.stl
G1 F1500 X104.736 Y100.6 E408.2148
G1 X95.936 Y100.6 E408.50749
G1 X95.936 Y119.4 E409.13278
G1 X104.736 Y119.4 E409.42547
G1 F1500 E402.92547
G0 F9000 X95.819 Y119.52
G0 X95.536 Y119.8
;TYPE:WALL-OUTER
G1 F1500 E409.42547
G1 X105.136 Y119.8 E409.74477
G1 X105.136 Y100.2 E410.39667
G1 X95.536 Y100.2 E410.71597
G1 X95.536 Y119.8 E411.36787
G0 F9000 X95.819 Y119.52
G0 X97.258 Y119.228
G0 X97.11 Y119.162
;TYPE:FILL
G1 F2046 X103.569 Y117.432 E411.59026
G0 F9000 X103.348 Y117.432
G0 X101.792 Y119.09
G0 X101.792 Y119.32
G1 F2046 X103.568 Y112.691 E411.81852
G1 X103.569 Y112.74
G1 X97.11 Y106.281 E412.12233
G0 F9000 X97.11 Y106.739
G1 F2046 X103.568 Y105.009 E412.3447
G0 F9000 X103.569 Y104.254
G1 F2046 X99.994 Y100.68 E412.51283
G0 F9000 X100.575 Y100.679
G1 F2046 X97.11 Y113.612 E412.95816
G0 F9000 X97.111 Y112.951
G1 F2046 X103.568 Y111.22 E413.1805
G0 F9000 X103.348 Y111.22
G0 X97.33 Y114.766
G0 X97.11 Y114.766
G1 F2046 X101.664 Y119.32 E413.39471
G0 F9000 X101.664 Y119.09
G0 X103.348 Y118.948
G0 X104.284 Y118.948
;TYPE:SKIN
G1 F1027.4 X103.7 Y118.948 E413.42307
G1 X103.7 Y101.052 E414.29209
G1 X104.284 Y101.052 E414.32045
G1 X104.284 Y118.948 E415.18948
G0 F9000 X103.348 Y118.948
G0 X97.33 Y118.947
G0 X96.975 Y118.947
G1 F1023.9 X96.389 Y118.947 E415.21803
G1 X96.389 Y101.053 E416.08994
G1 X96.975 Y101.053 E416.11849
G1 X96.975 Y118.947 E416.9904
G0 F9000 X97.63 Y118.79
;MESH:NONMESH
G0 F300 X97.63 Y118.79 Z8
G0 F9000 X104.828 Y119.399
G0 X105.011 Y119.399
;TIME_ELAPSED:635.555454
;LAYER:39
;note -- min layer time used
;TYPE:WALL-INNER
;MESH:testprint.stl
G1 F1500 X105.008 Y100.6 E417.61565
G1 X96.212 Y100.6 E417.90821
G1 X96.213 Y119.399 E418.53347
G1 X105.011 Y119.399 E418.82609
G1 F1500 E412.32609
G0 F9000 X96.092 Y119.52
G0 X95.813 Y119.799
;TYPE:WALL-OUTER
G1 F1500 E418.82609
G1 X105.411 Y119.799 E419.14532
G1 X105.408 Y100.2 E419.79719
G1 X95.812 Y100.2 E420.11635
G1 X95.813 Y119.799 E420.76821
G0 F9000 X96.092 Y119.52
G0 X97.53 Y119.227
G0 X97.383 Y119.235
;TYPE:FILL
G1 F2097.3 X103.841 Y117.505 E420.99058
G0 F9000 X103.62 Y117.505
G0 X101.862 Y119.09
G0 X101.862 Y119.319
G1 F2097.3 X97.382 Y114.839 E421.20131
G0 F9000 X97.602 Y114.839
G0 X97.602 Y113.024
G0 X97.383 Y113.024
G1 F2097.3 X103.84 Y111.293 E421.42365
G1 X103.841 Y111.13
G1 X101.646 Y119.32 E421.70567
G0 F9000 X101.646 Y119.09
G0 X103.62 Y112.813
G0 X103.841 Y112.813
G1 F2097.3 X97.382 Y106.354 E422.00948
G0 F9000 X97.382 Y106.812
G1 F2097.3 X103.839 Y105.082 E422.23181
G0 F9000 X103.84 Y104.327
G1 F2097.3 X100.193 Y100.68 E422.40336
G0 F9000 X100.429 Y100.68
G1 F2097.3 X97.382 Y112.05 E422.79487
G0 F9000 X97.602 Y112.05
G0 X97.602 Y118.944
G0 X97.248 Y118.944
;TYPE:SKIN
G1 F1027.4 X96.664 Y118.944 E422.82323
G1 X96.664 Y101.052 E423.69206
G1 X97.248 Y101.052 E423.72042
G1 X97.248 Y118.944 E424.58925
G0 F9000 X97.602 Y118.944
G0 X103.62 Y118.944
G0 X104.556 Y118.944
G1 F1027.4 X103.972 Y118.944 E424.61761
G1 X103.972 Y101.052 E425.48644
G1 X104.556 Y101.052 E425.5148
G1 X104.556 Y118.944 E426.38363
G0 F9000 X103.32 Y118.79
;MESH:NONMESH
G0 F300 X103.32 Y118.79 Z8.2
G0 F9000 X103.693 Y119.227
G0 X105.101 Y119.399
G0 X105.283 Y119.399
;TIME_ELAPSED:649.281109
;LAYER:40
;note -- min layer time used
;TYPE:WALL-INNER
;MESH:testprint.stl
G1 F1500 X105.28 Y100.6 E427.00889
G1 X96.484 Y100.6 E427.30144
G1 X96.485 Y119.399 E427.9267
G1 X105.283 Y119.399 E428.21932
G1 F1500 E421.71932
G0 F9000 X96.364 Y119.52
G0 X96.085 Y119.799
;TYPE:WALL-OUTER
G1 F1500 E428.21932
G1 X105.683 Y119.799 E428.53856
G1 X105.68 Y100.2 E429.19042
G1 X96.084 Y100.2 E429.50959
G1 X96.085 Y119.799 E430.16145
G0 F9000 X96.364 Y119.52
G0 X97.803 Y119.227
G0 X97.655 Y119.309
;TYPE:FILL
G1 F2027.1 X104.113 Y117.579 E430.38382
G0 F9000 X103.893 Y117.579
G0 X102.063 Y119.09
G0 X102.063 Y119.319
G1 F2027.1 X97.655 Y114.911 E430.59116
G0 F9000 X97.875 Y114.911
G0 X97.875 Y113.098
G0 X97.655 Y113.098
G1 F2027.1 X104.114 Y111.367 E430.81357
G0 F9000 X103.893 Y111.367
G0 X103.893 Y112.885
G0 X104.114 Y112.885
G1 F2027.1 X97.655 Y106.426 E431.11738
G0 F9000 X97.656 Y106.886
G1 F2027.1 X104.113 Y105.156 E431.33971
G0 F9000 X104.114 Y104.399
G1 F2027.1 X100.395 Y100.681 E431.51462
G1 X100.282 Y100.68
G1 X97.655 Y110.484 E431.8522
G0 F9000 X97.875 Y110.484
G0 X103.893 Y109.566
G0 X104.113 Y109.566
G1 F2027.1 X101.499 Y119.32 E432.18807
G0 F9000 X101.499 Y119.09
G0 X103.893 Y118.944
G0 X104.828 Y118.944
;TYPE:SKIN
G1 F1027.4 X104.244 Y118.944 E432.21643
G1 X104.244 Y101.052 E433.08526
G1 X104.828 Y101.052 E433.11362
G1 X104.828 Y118.944 E433.98245
G0 F9000 X103.893 Y118.944
G0 X97.875 Y118.944
G0 X97.52 Y118.944
G1 F1027.4 X96.936 Y118.944 E434.01081
G1 X96.936 Y101.052 E434.87964
G1 X97.52 Y101.052 E434.908
G1 X97.52 Y118.944 E435.77683
G0 F9000 X98.175 Y118.79
;MESH:NONMESH
G0 F300 X98.175 Y118.79 Z8.4
G0 F9000 X105.373 Y119.4
G0 X105.556 Y119.4
;TIME_ELAPSED:663.091842
;LAYER:41
;note -- min layer time used
;TYPE:WALL-INNER
;MESH:testprint.stl
G1 F1500 X105.556 Y100.6 E436.40213
G1 X96.756 Y100.6 E436.69481
G1 X96.756 Y119.4 E437.32011
G1 X105.556 Y119.4 E437.61279
G1 F1500 E431.11279
G0 F9000 X96.637 Y119.52
G0 X96.356 Y119.8
;TYPE:WALL-OUTER
G1 F1500 E437.61279
G1 X105.956 Y119.8 E437.93209
G1 X105.956 Y100.2 E438.58399
G1 X96.356 Y100.2 E438.90329
G1 X96.356 Y119.8 E439.55519
G0 F9000 X96.637 Y119.52
G0 X98.076 Y119.228
G0 X98.159 Y119.32
;TYPE:FILL
G1 F2354.4 X104.386 Y117.652 E439.7696
G0 F9000 X104.166 Y117.652
G0 X102.263 Y119.09
G0 X102.263 Y119.32
G1 F2354.4 X97.928 Y114.985 E439.9735
G0 F9000 X98.148 Y114.985
G0 X98.148 Y113.17
G0 X97.928 Y113.17
G1 F2354.4 X104.386 Y111.44 E440.19587
G0 F9000 X104.166 Y111.44
G0 X104.166 Y112.959
G0 X104.387 Y112.959
G1 F2354.4 X97.928 Y106.499 E440.49971
G0 F9000 X97.929 Y106.959
G1 F2354.4 X104.386 Y105.228 E440.72205
G0 F9000 X104.387 Y104.474
G1 F2354.4 X100.594 Y100.68 E440.90048
G0 F9000 X100.136 Y100.68
G1 F2354.4 X97.928 Y108.922 E441.18428
G0 F9000 X98.148 Y108.922
G0 X104.166 Y108.001
G0 X104.386 Y108.001
G1 F2354.4 X101.353 Y119.321 E441.57407
G0 F9000 X101.353 Y119.09
G0 X98.118 Y100.88
G0 X97.928 Y100.747
G1 F2354.4 X98.179 Y100.68 E441.58271
G0 F9000 X98.179 Y100.91
G0 X98.148 Y118.947
G0 X97.795 Y118.947
;TYPE:SKIN
G1 F1023.9 X97.209 Y118.947 E441.61126
G1 X97.209 Y101.053 E442.48317
G1 X97.795 Y101.053 E442.51172
G1 X97.795 Y118.947 E443.38362
G0 F9000 X98.148 Y118.947
G0 X104.166 Y118.947
G0 X105.103 Y118.947
G1 F1023.9 X104.517 Y118.947 E443.41218
G1 X104.517 Y101.053 E444.28408
G1 X105.103 Y101.053 E444.31264
G1 X105.103 Y118.947 E445.18454
G0 F9000 X103.866 Y118.79
;MESH:NONMESH
G0 F300 X103.866 Y118.79 Z8.6
G0 F9000 X104.239 Y119.228
G0 X105.646 Y119.4
G0 X105.828 Y119.4
;TIME_ELAPSED:677.316025
;LAYER:42
;note -- min layer time used
;TYPE:WALL-INNER
;MESH:testprint.stl
G1 F1500 X105.828 Y100.6 E445.80983
G1 X97.028 Y100.6 E446.10252
G1 X97.028 Y119.4 E446.72781
G1 X105.828 Y119.4 E447.0205
G1 F1500 E440.5205
G0 F9000 X96.91 Y119.52
G0 X96.628 Y119.8
;TYPE:WALL-OUTER
G1 F1500 E447.0205
G1 X106.228 Y119.8 E447.3398
G1 X106.228 Y100.2 E447.9917
G1 X96.628 Y100.2 E448.31099
G1 X96.628 Y119.8 E448.96289
G0 F9000 X96.91 Y119.52
G0 X98.075 Y119.283
G0 X98.71 Y119.09
G0 X98.71 Y119.32
;TYPE:FILL
G1 F2316.5 X104.659 Y117.726 E449.16774
G0 F9000 X104.438 Y117.726
G0 X102.464 Y119.09
G0 X102.464 Y119.32
G1 F2316.5 X98.199 Y115.055 E449.36835
G0 F9000 X98.42 Y115.055
G0 X98.42 Y113.244
G0 X98.201 Y113.244
G1 F2316.5 X104.658 Y111.514 E449.59068
G0 F9000 X104.438 Y111.514
G0 X104.438 Y113.03
G0 X104.659 Y113.03
G1 F2316.5 X98.199 Y106.57 E449.89454
G0 F9000 X98.2 Y107.033
G1 F2316.5 X104.657 Y105.303 E450.11688
G0 F9000 X104.659 Y104.544
G1 F2316.5 X100.795 Y100.68 E450.29863
G0 F9000 X99.989 Y100.68
G1 F2316.5 X98.2 Y107.356 E450.52851
G0 F9000 X98.42 Y107.356
G0 X104.438 Y106.437
G0 X104.658 Y106.437
G1 F2316.5 X101.206 Y119.321 E450.97215
G0 F9000 X101.206 Y119.09
G0 X98.42 Y100.821
G0 X98.201 Y100.821
G1 F2316.5 X98.73 Y100.679 E450.99036
G0 F9000 X98.73 Y100.91
G0 X98.42 Y118.947
G0 X98.067 Y118.947
;TYPE:SKIN
G1 F1023.9 X97.481 Y118.947 E451.01892
G1 X97.481 Y101.053 E451.89082
G1 X98.067 Y101.053 E451.91937
G1 X98.067 Y118.947 E452.79128
G0 F9000 X98.42 Y118.947
G0 X104.438 Y118.947
G0 X105.375 Y118.947
G1 F1023.9 X104.789 Y118.947 E452.81983
G1 X104.789 Y101.053 E453.69174
G1 X105.375 Y101.053 E453.72029
G1 X105.375 Y118.947 E454.5922
G0 F9000 X104.138 Y118.79
;MESH:NONMESH
G0 F300 X104.138 Y118.79 Z8.8
G0 F9000 X104.511 Y119.228
G0 X105.919 Y119.4
G0 X106.1 Y119.4
;TIME_ELAPSED:691.627406
;LAYER:43
;note -- min layer time used
;TYPE:WALL-INNER
;MESH:testprint.stl
G1 F1500 X106.1 Y100.6 E455.21749
G1 X97.3 Y100.6 E455.51018
G1 X97.3 Y119.4 E456.13547
G1 X106.1 Y119.4 E456.42816
G1 F1500 E449.92816
G0 F9000 X97.182 Y119.52
G0 X96.9 Y119.8
;TYPE:WALL-OUTER
G1 F1500 E456.42816
G1 X106.5 Y119.8 E456.74745
G1 X106.5 Y100.2 E457.39935
G1 X96.9 Y100.2 E457.71865
G1 X96.9 Y119.8 E458.37055
G0 F9000 X97.182 Y119.52
G0 X99.252 Y119.09
G0 X99.252 Y119.32
;TYPE:FILL
G1 F2211.9 X104.931 Y117.799 E458.56609
G0 F9000 X104.711 Y117.799
G0 X102.663 Y119.09
G0 X102.663 Y119.32
G1 F2211.9 X98.472 Y115.129 E458.76322
G0 F9000 X98.693 Y115.129
G0 X98.693 Y113.317
G0 X98.473 Y113.317
G1 F2211.9 X104.931 Y111.587 E458.98559
G0 F9000 X104.711 Y111.587
G0 X104.711 Y113.103
G0 X104.932 Y113.103
G1 F2211.9 X98.472 Y106.644 E459.28942
G0 F9000 X98.473 Y107.106
G1 F2211.9 X104.931 Y105.376 E459.51179
G0 F9000 X104.931 Y104.875
G1 F2211.9 X101.06 Y119.321 E460.00922
G0 F9000 X101.06 Y119.09
G0 X98.693 Y105.792
G0 X98.474 Y105.792
G1 F2211.9 X99.843 Y100.68 E460.18523
G0 F9000 X99.273 Y100.68
G1 F2211.9 X98.474 Y100.894 E460.21275
G0 F9000 X98.693 Y100.894
G0 X100.994 Y100.91
G0 X100.994 Y100.68
G1 F2211.9 X104.932 Y104.618 E460.39798
G0 F9000 X104.711 Y104.618
G0 X104.711 Y118.948
G0 X105.648 Y118.948
;TYPE:SKIN
G1 F1027.4 X105.064 Y118.948 E460.42634
G1 F1025.6 X105.061 Y101.053 E461.2968
G1 F1023.9 X105.647 Y101.053 E461.32536
G1 F1025.6 X105.648 Y118.948 E462.19582
G0 F9000 X104.711 Y118.948
G0 X98.693 Y118.947
G0 X98.339 Y118.947
G1 F1023.9 X97.753 Y118.947 E462.22437
G1 X97.753 Y101.053 E463.09628
G1 X98.339 Y101.053 E463.12483
G1 X98.339 Y118.947 E463.99674
G0 F9000 X98.993 Y118.79
;MESH:NONMESH
G0 F300 X98.993 Y118.79 Z9
G0 F9000 X106.191 Y119.4
G0 X106.372 Y119.4
;TIME_ELAPSED:705.953542
;LAYER:44
;note -- min layer time used
;TYPE:WALL-INNER
;MESH:testprint.stl
G1 F1500 X106.372 Y100.6 E464.62203
G1 X97.572 Y100.6 E464.91472
G1 X97.572 Y119.4 E465.54001
G1 X106.372 Y119.4 E465.8327
G1 F1500 E459.3327
G0 F9000 X97.455 Y119.52
G0 X97.172 Y119.8
;TYPE:WALL-OUTER
G1 F1500 E465.8327
G1 X106.772 Y119.8 E466.15199
G1 X106.772 Y100.2 E466.80389
G1 X97.172 Y100.2 E467.12319
G1 X97.172 Y119.8 E467.77509
G0 F9000 X97.455 Y119.52
G0 X99.797 Y119.09
G0 X99.797 Y119.32
;TYPE:FILL
G1 F2094.8 X105.203 Y117.872 E467.96123
G0 F9000 X104.983 Y117.872
G0 X102.863 Y119.09
G0 X102.863 Y119.32
G1 F2094.8 X98.745 Y115.203 E468.15491
G0 F9000 X98.966 Y115.203
G0 X98.966 Y113.39
G0 X98.746 Y113.39
G1 F2094.8 X105.203 Y111.66 E468.37724
G0 F9000 X104.983 Y111.66
G0 X104.983 Y113.175
G0 X105.203 Y113.175
G1 F2094.8 X98.745 Y106.717 E468.68101
G0 F9000 X98.747 Y107.179
G1 F2094.8 X105.203 Y105.449 E468.90331
G0 F9000 X105.203 Y104.69
G1 F2094.8 X101.193 Y100.68 E469.09193
G0 F9000 X101.193 Y100.91
G0 X99.816 Y100.91
G0 X99.816 Y100.68
G1 F2094.8 X98.746 Y100.967 E469.12877
G0 F9000 X99.697 Y100.679
G1 F2094.8 X98.746 Y104.23 E469.25104
G0 F9000 X98.966 Y104.23
G0 X104.983 Y103.315
G0 X105.203 Y103.315
G1 F2094.8 X100.914 Y119.32 E469.80215
G0 F9000 X100.914 Y119.09
G0 X98.966 Y118.947
G0 X98.611 Y118.947
;TYPE:SKIN
G1 F1023.9 X98.025 Y118.947 E469.83071
G1 X98.025 Y101.053 E470.70261
G1 X98.611 Y101.053 E470.73117
G1 X98.611 Y118.947 E471.60307
G0 F9000 X98.966 Y118.947
G0 X104.983 Y118.948
G0 X105.92 Y118.948
G1 F1027.4 X105.336 Y118.948 E471.63143
G1 F1025.6 X105.333 Y101.053 E472.50189
G1 F1023.9 X105.919 Y101.053 E472.53045
G1 F1025.6 X105.92 Y118.948 E473.40091
G0 F9000 X104.683 Y118.79
;MESH:NONMESH
G0 F300 X104.683 Y118.79 Z9.2
G0 F9000 X105.056 Y119.228
G0 X106.464 Y119.399
G0 X106.647 Y119.399
;TIME_ELAPSED:719.919264
;LAYER:45
;note -- min layer time used
;TYPE:WALL-INNER
;MESH:testprint.stl
G1 F1500 X106.644 Y100.6 E474.02617
G1 X97.848 Y100.6 E474.31873
G1 X97.849 Y119.399 E474.94398
G1 X106.647 Y119.399 E475.23661
G1 F1500 E468.73661
G0 F9000 X97.728 Y119.52
G0 X97.449 Y119.799
;TYPE:WALL-OUTER
G1 F1500 E475.23661
G1 X107.047 Y119.799 E475.55584
G1 X107.044 Y100.2 E476.2077
G1 X97.448 Y100.2 E476.52687
G1 X97.449 Y119.799 E477.17873
G0 F9000 X97.728 Y119.52
G0 X100.35 Y119.09
G0 X100.35 Y119.319
;TYPE:FILL
G1 F2044.3 X105.477 Y117.946 E477.35527
G0 F9000 X105.256 Y117.946
G0 X103.063 Y119.09
G0 X103.063 Y119.319
G1 F2044.3 X99.018 Y115.275 E477.54551
G0 F9000 X99.238 Y115.275
G0 X99.238 Y113.464
G0 X99.019 Y113.464
G1 F2044.3 X105.476 Y111.734 E477.76784
G0 F9000 X105.256 Y111.734
G0 X105.256 Y113.248
G0 X105.477 Y113.248
G1 F2044.3 X99.018 Y106.789 E478.07165
G0 F9000 X99.018 Y107.253
G1 F2044.3 X105.476 Y105.522 E478.29403
G0 F9000 X105.476 Y104.762
G1 F2044.3 X101.394 Y100.68 E478.48604
G0 F9000 X101.394 Y100.91
G0 X100.367 Y100.91
G0 X100.367 Y100.68
G1 F2044.3 X99.018 Y101.041 E478.53248
G0 F9000 X99.55 Y100.68
G1 F2044.3 X99.018 Y102.666 E478.60087
G0 F9000 X99.238 Y102.666
G0 X105.256 Y101.746
G0 X105.476 Y101.746
G1 F2044.3 X100.767 Y119.32 E479.206
G0 F9000 X100.767 Y119.09
G0 X99.238 Y118.944
G0 X98.884 Y118.944
;TYPE:SKIN
G1 F1027.4 X98.3 Y118.944 E479.23436
G1 X98.3 Y101.052 E480.10319
G1 X98.884 Y101.052 E480.13155
G1 X98.884 Y118.944 E481.00038
G0 F9000 X99.238 Y118.944
G0 X105.256 Y118.944
G0 X106.192 Y118.944
G1 F1027.4 X105.608 Y118.944 E481.02874
G1 X105.608 Y101.052 E481.89757
G1 X106.192 Y101.052 E481.92593
G1 X106.192 Y118.944 E482.79476
G0 F9000 X104.956 Y118.79
;MESH:NONMESH
G0 F300 X104.956 Y118.79 Z9.4
G0 F9000 X105.329 Y119.227
G0 X106.737 Y119.399
G0 X106.919 Y119.399
;TIME_ELAPSED:733.871610
;LAYER:46
;note -- min layer time used
;TYPE:WALL-INNER
;MESH:testprint.stl
G1 F1500 X106.916 Y100.6 E483.42002
G1 X98.12 Y100.6 E483.71258
G1 X98.121 Y119.399 E484.33783
G1 X106.919 Y119.399 E484.63046
G1 F1500 E478.13046
G0 F9000 X98 Y119.52
G0 X97.721 Y119.799
;TYPE:WALL-OUTER
G1 F1500 E484.63046
G1 X107.319 Y119.799 E484.94969
G1 X107.316 Y100.2 E485.60155
G1 X97.72 Y100.2 E485.92072
G1 X97.721 Y119.799 E486.57258
G0 F9000 X98 Y119.52
G0 X100.621 Y119.09
G0 X100.621 Y119.319
;TYPE:FILL
G1 F2273.2 X105.616 Y100.68 E487.21439
G0 F9000 X105.616 Y100.91
G0 X101.594 Y100.91
G0 X101.594 Y100.68
G1 F2273.2 X105.749 Y104.836 E487.40985
G0 F9000 X105.749 Y105.595
G1 F2273.2 X99.292 Y107.325 E487.63219
G0 F9000 X99.291 Y106.863
G1 F2273.2 X105.75 Y113.322 E487.936
G0 F9000 X105.529 Y113.322
G0 X105.529 Y111.807
G0 X105.749 Y111.807
G1 F2273.2 X99.292 Y113.537 E488.15834
G0 F9000 X99.511 Y113.537
G0 X99.511 Y115.348
G0 X99.291 Y115.348
G1 F2273.2 X103.262 Y119.319 E488.34512
G0 F9000 X103.262 Y119.09
G0 X100.895 Y119.09
G0 X100.895 Y119.319
G1 F2273.2 X105.75 Y118.018 E488.51229
G0 F9000 X105.529 Y118.018
G0 X100.911 Y100.91
G0 X100.911 Y100.68
G1 F2273.2 X99.291 Y101.114 E488.56808
G1 X99.292 Y101.1
G1 X99.404 Y100.679 E488.58257
G0 F9000 X99.481 Y100.88
G0 X99.511 Y118.944
G0 X99.156 Y118.944
;TYPE:SKIN
G1 F1027.4 X98.572 Y118.944 E488.61092
G1 X98.572 Y101.052 E489.47976
G1 X99.156 Y101.052 E489.50812
G1 X99.156 Y118.944 E490.37695
G0 F9000 X99.511 Y118.944
G0 X105.529 Y118.944
G0 X106.464 Y118.944
G1 F1027.4 X105.88 Y118.944 E490.40531
G1 X105.88 Y101.052 E491.27414
G1 X106.464 Y101.052 E491.3025
G1 X106.464 Y118.944 E492.17133
G0 F9000 X105.229 Y118.79
;MESH:NONMESH
G0 F300 X105.229 Y118.79 Z9.6
G0 F9000 X105.602 Y119.227
G0 X107.009 Y119.4
G0 X107.192 Y119.4
;TIME_ELAPSED:748.151201
;LAYER:47
;note -- min layer time used
;TYPE:WALL-INNER
;MESH:testprint.stl
G1 F1500 X107.192 Y100.6 E492.79662
G1 X98.392 Y100.6 E493.08931
G1 X98.392 Y119.4 E493.7146
G1 X107.192 Y119.4 E494.00729
G1 F1500 E487.50729
G0 F9000 X98.273 Y119.52
G0 X97.992 Y119.8
;TYPE:WALL-OUTER
G1 F1500 E494.00729
G1 X107.592 Y119.8 E494.32659
G1 X107.592 Y100.2 E494.97848
G1 X97.992 Y100.2 E495.29778
G1 X97.992 Y119.8 E495.94968
G0 F9000 X98.273 Y119.52
G0 X100.474 Y119.09
G0 X100.474 Y119.32
;TYPE:FILL
G1 F2247.4 X105.469 Y100.679 E496.59156
G0 F9000 X105.469 Y100.91
G0 X101.794 Y100.91
G0 X101.794 Y100.68
G1 F2247.4 X106.022 Y104.908 E496.79043
G0 F9000 X106.021 Y105.669
G1 F2247.4 X99.564 Y107.4 E497.01277
G0 F9000 X99.563 Y106.934
G1 F2247.4 X106.022 Y113.393 E497.31658
G0 F9000 X105.801 Y113.393
G0 X105.801 Y111.881
G0 X106.021 Y111.881
G1 F2247.4 X99.563 Y113.611 E497.53895
G0 F9000 X99.783 Y113.611
G0 X99.783 Y115.419
G0 X99.563 Y115.419
G1 F2247.4 X103.464 Y119.32 E497.72244
G0 F9000 X103.464 Y119.09
G0 X101.44 Y119.09
G0 X101.44 Y119.32
G1 F2247.4 X106.021 Y118.093 E497.88018
G0 F9000 X105.801 Y118.093
G0 X101.46 Y100.91
G0 X101.46 Y100.68
G1 F2247.4 X99.564 Y101.188 E497.94546
G0 F9000 X99.783 Y101.188
G0 X99.783 Y118.948
G0 X99.428 Y118.948
;TYPE:SKIN
G1 F1027.4 X98.844 Y118.948 E497.97382
G1 X98.844 Y101.052 E498.84285
G1 X99.428 Y101.052 E498.87121
G1 X99.428 Y118.948 E499.74023
G0 F9000 X99.783 Y118.948
G0 X105.801 Y118.947
G0 X106.739 Y118.947
G1 F1023.9 X106.153 Y118.947 E499.76879
G1 X106.153 Y101.053 E500.64069
G1 X106.739 Y101.053 E500.66924
G1 X106.739 Y118.947 E501.54115
G0 F9000 X105.501 Y118.79
;MESH:NONMESH
G0 F300 X105.501 Y118.79 Z9.8
G0 F9000 X105.874 Y119.228
G0 X107.282 Y119.4
G0 X107.464 Y119.4
;TIME_ELAPSED:762.402031
;LAYER:48
;note -- min layer time used
;TYPE:WALL-INNER
;MESH:testprint.stl
G1 F1500 X107.464 Y100.6 E502.16644
G1 X98.664 Y100.6 E502.45913
G1 X98.664 Y119.4 E503.08442
G1 X107.464 Y119.4 E503.37711
G1 F1500 E496.87711
G0 F9000 X98.546 Y119.52
G0 X98.264 Y119.8
;TYPE:WALL-OUTER
G1 F1500 E503.37711
G1 X107.864 Y119.8 E503.69641
G1 X107.864 Y100.2 E504.3483
G1 X98.264 Y100.2 E504.6676
G1 X98.264 Y119.8 E505.3195
G0 F9000 X98.546 Y119.52
G0 X99.711 Y119.283
G0 X100.328 Y119.09
G0 X100.328 Y119.321
;TYPE:FILL
G1 F1971.2 X105.323 Y100.68 E505.96138
G0 F9000 X105.323 Y100.91
G0 X102.005 Y100.91
G0 X102.005 Y100.68
G1 F1971.2 X99.836 Y101.261 E506.03606
G0 F9000 X100.056 Y101.261
G0 X101.994 Y100.91
G0 X101.994 Y100.68
G1 F1971.2 X106.295 Y104.981 E506.23837
G0 F9000 X106.294 Y105.742
G1 F1971.2 X99.837 Y107.472 E506.4607
G0 F9000 X99.836 Y107.007
G1 F1971.2 X106.295 Y113.467 E506.76454
G0 F9000 X106.074 Y113.467
G0 X106.074 Y111.954
G0 X106.294 Y111.954
G1 F1971.2 X99.836 Y113.684 E506.9869
G0 F9000 X100.056 Y113.684
G0 X100.056 Y115.492
G0 X99.836 Y115.492
G1 F1971.2 X103.663 Y119.32 E507.16694
G0 F9000 X103.663 Y119.09
G0 X101.984 Y119.09
G0 X101.984 Y119.32
G1 F1971.2 X106.294 Y118.165 E507.31535
G0 F9000 X106.074 Y118.165
G0 X106.074 Y118.947
G0 X107.011 Y118.947
;TYPE:SKIN
G1 F1023.9 X106.425 Y118.947 E507.3439
G1 X106.425 Y101.053 E508.21581
G1 X107.011 Y101.053 E508.24436
G1 X107.011 Y118.947 E509.11626
G0 F9000 X106.074 Y118.947
G0 X100.056 Y118.947
G0 X99.703 Y118.947
G1 F1023.9 X99.117 Y118.947 E509.14482
G1 X99.117 Y101.053 E510.01672
G1 X99.703 Y101.053 E510.04528
G1 X99.703 Y118.947 E510.91718
G0 F9000 X100.356 Y118.79
;MESH:NONMESH
G0 F300 X100.356 Y118.79 Z10
G0 F9000 X107.555 Y119.4
G0 X107.736 Y119.4
;TIME_ELAPSED:776.354101
;LAYER:49
;note -- min layer time used
;TYPE:WALL-INNER
;MESH:testprint.stl
G1 F1500 X107.736 Y100.6 E511.54247
G1 X98.936 Y100.6 E511.83516
G1 X98.936 Y119.4 E512.46045
G1 X107.736 Y119.4 E512.75314
G1 F1500 E506.25314
G0 F9000 X98.818 Y119.52
G0 X98.536 Y119.8
;TYPE:WALL-OUTER
G1 F1500 E512.75314
G1 X108.136 Y119.8 E513.07244
G1 X108.136 Y100.2 E513.72434
G1 X98.536 Y100.2 E514.04363
G1 X98.536 Y119.8 E514.69553
G0 F9000 X98.818 Y119.52
G0 X100.257 Y119.228
G0 X100.181 Y119.321
;TYPE:FILL
G1 F2022.8 X105.176 Y100.68 E515.33741
G0 F9000 X105.176 Y100.91
G0 X102.552 Y100.91
G0 X102.552 Y100.68
G1 F2022.8 X100.109 Y101.335 E515.42153
G0 F9000 X100.329 Y101.335
G0 X102.195 Y100.91
G0 X102.195 Y100.68
G1 F2022.8 X106.568 Y105.053 E515.62722
G0 F9000 X106.566 Y105.816
G1 F2022.8 X100.11 Y107.546 E515.84953
G0 F9000 X100.109 Y107.079
G1 F2022.8 X106.568 Y113.539 E516.15336
G0 F9000 X106.347 Y113.539
G0 X106.347 Y112.028
G0 X106.567 Y112.028
G1 F2022.8 X100.11 Y113.758 E516.3757
G0 F9000 X100.329 Y113.758
G0 X100.329 Y115.565
G0 X100.109 Y115.565
G1 F2022.8 X103.864 Y119.32 E516.55232
G0 F9000 X103.864 Y119.09
G0 X102.534 Y119.09
G0 X102.534 Y119.32
G1 F2022.8 X106.567 Y118.239 E516.69119
G0 F9000 X106.568 Y118.667
G1 F2022.8 X106.393 Y119.32 E516.71368
G0 F9000 X107.284 Y118.948
;TYPE:SKIN
G1 F1027.4 X106.7 Y118.948 E516.74204
G1 F1025.6 X106.697 Y101.053 E517.6125
G1 F1023.9 X107.283 Y101.053 E517.64106
G1 F1025.6 X107.284 Y118.948 E518.51152
G0 F9000 X106.347 Y118.948
G0 X100.329 Y118.947
G0 X99.975 Y118.947
G1 F1023.9 X99.389 Y118.947 E518.54008
G1 X99.389 Y101.053 E519.41198
G1 X99.975 Y101.053 E519.44053
G1 X99.975 Y118.947 E520.31244
G0 F9000 X100.629 Y118.79
;MESH:NONMESH
G0 F300 X100.629 Y118.79 Z10.2
G0 F9000 X107.827 Y119.4
G0 X108.008 Y119.4
;TIME_ELAPSED:790.231619
;LAYER:50
;note -- min layer time used
;TYPE:WALL-INNER
;MESH:testprint.stl
G1 F1500 X108.008 Y100.6 E520.93773
G1 X99.208 Y100.6 E521.23042
G1 X99.208 Y119.4 E521.85571
G1 X108.008 Y119.4 E522.1484
G1 F1500 E515.6484
G0 F9000 X99.091 Y119.52
G0 X98.808 Y119.8
;TYPE:WALL-OUTER
G1 F1500 E522.1484
G1 X108.408 Y119.8 E522.4677
G1 X108.408 Y100.2 E523.11959
G1 X98.808 Y100.2 E523.43889
G1 X98.808 Y119.8 E524.09079
G0 F9000 X99.091 Y119.52
G0 X100.529 Y119.228
G0 X100.601 Y118.029
G0 X100.381 Y118.029
;TYPE:FILL
G1 F2054.6 X105.03 Y100.679 E524.68821
G0 F9000 X105.03 Y100.91
G0 X103.099 Y100.91
G0 X103.099 Y100.68
G1 F2054.6 X100.382 Y101.408 E524.78177
G0 F9000 X100.601 Y101.408
G0 X102.394 Y100.91
G0 X102.394 Y100.68
G1 F2054.6 X106.84 Y105.126 E524.99089
G0 F9000 X106.839 Y105.889
G1 F2054.6 X100.381 Y107.619 E525.21326
G0 F9000 X100.381 Y107.152
G1 F2054.6 X106.84 Y113.611 E525.51707
G0 F9000 X106.619 Y113.611
G0 X106.619 Y112.101
G0 X106.839 Y112.101
G1 F2054.6 X100.381 Y113.831 E525.73944
G0 F9000 X100.601 Y113.831
G0 X100.601 Y115.637
G0 X100.381 Y115.637
G1 F2054.6 X104.063 Y119.32 E525.91265
G0 F9000 X103.079 Y119.32
G1 F2054.6 X106.839 Y118.312 E526.04213
G0 F9000 X106.619 Y118.312
G0 X106.247 Y119.09
G0 X106.247 Y119.32
G1 F2054.6 X106.84 Y117.108 E526.1183
G0 F9000 X106.619 Y117.108
G0 X106.619 Y118.948
G0 X107.556 Y118.948
;TYPE:SKIN
G1 F1027.4 X106.972 Y118.948 E526.14665
G1 F1025.6 X106.969 Y101.053 E527.01712
G1 F1023.9 X107.555 Y101.053 E527.04567
G1 F1025.6 X107.556 Y118.948 E527.91614
G0 F9000 X106.619 Y118.948
G0 X100.601 Y118.947
G0 X100.247 Y118.947
G1 F1023.9 X99.661 Y118.947 E527.94469
G1 X99.661 Y101.053 E528.8166
G1 X100.247 Y101.053 E528.84515
G1 X100.247 Y118.947 E529.71706
G0 F9000 X100.901 Y118.79
;MESH:NONMESH
G0 F300 X100.901 Y118.79 Z10.4
G0 F9000 X108.1 Y119.4
G0 X108.28 Y119.4
;TIME_ELAPSED:804.280004
;LAYER:51
;note -- min layer time used
;TYPE:WALL-INNER
;MESH:testprint.stl
G1 F1500 X108.28 Y100.6 E530.34235
G1 X99.48 Y100.6 E530.63504
G1 X99.48 Y119.4 E531.26033
G1 X108.28 Y119.4 E531.55302
G1 F1500 E525.05302
G0 F9000 X99.363 Y119.52
G0 X99.08 Y119.8
;TYPE:WALL-OUTER
G1 F1500 E531.55302
G1 X108.68 Y119.8 E531.87231
G1 X108.68 Y100.2 E532.52421
G1 X99.08 Y100.2 E532.84351
G1 X99.08 Y119.8 E533.49541
G0 F9000 X99.363 Y119.52
G0 X100.802 Y119.228
G0 X100.874 Y116.465
G0 X100.654 Y116.465
;TYPE:FILL
G1 F2072.4 X104.884 Y100.68 E534.03894
G0 F9000 X104.884 Y100.91
G0 X103.641 Y100.91
G0 X103.641 Y100.68
G1 F2072.4 X100.654 Y101.481 E534.1418
G0 F9000 X100.874 Y101.481
G0 X102.593 Y100.91
G0 X102.593 Y100.68
G1 F2072.4 X107.113 Y105.199 E534.35438
G0 F9000 X107.112 Y105.962
G1 F2072.4 X100.655 Y107.692 E534.57672
G0 F9000 X100.654 Y107.226
G1 F2072.4 X107.113 Y113.684 E534.88051
G0 F9000 X106.892 Y113.684
G0 X106.892 Y112.173
G0 X107.112 Y112.173
G1 F2072.4 X100.654 Y113.904 E535.10288
G0 F9000 X100.874 Y113.904
G0 X100.874 Y115.711
G0 X100.654 Y115.711
G1 F2072.4 X104.263 Y119.32 E535.27264
G0 F9000 X103.624 Y119.32
G1 F2072.4 X107.112 Y118.385 E535.39275
G0 F9000 X106.892 Y118.385
G0 X106.101 Y119.09
G0 X106.101 Y119.321
G1 F2072.4 X107.113 Y115.543 E535.52283
G0 F9000 X106.892 Y115.543
G0 X106.892 Y118.948
G0 X107.828 Y118.948
;TYPE:SKIN
G1 F1027.4 X107.244 Y118.948 E535.55119
G1 X107.244 Y101.052 E536.42022
G1 X107.828 Y101.052 E536.44858
G1 X107.828 Y118.948 E537.3176
G0 F9000 X106.892 Y118.948
G0 X100.874 Y118.947
G0 X100.519 Y118.947
G1 F1023.9 X99.933 Y118.947 E537.34616
G1 X99.933 Y101.053 E538.21806
G1 X100.519 Y101.053 E538.24662
G1 X100.519 Y118.947 E539.11852
G0 F9000 X101.174 Y118.79
;MESH:NONMESH
G0 F300 X101.174 Y118.79 Z10.6
G0 F9000 X108.372 Y119.399
G0 X108.555 Y119.399
;TIME_ELAPSED:818.368380
;LAYER:52
;note -- min layer time used
;TYPE:WALL-INNER
;MESH:testprint.stl
G1 F1500 X108.552 Y100.6 E539.74378
G1 X99.756 Y100.6 E540.03633
G1 X99.757 Y119.399 E540.66159
G1 X108.555 Y119.399 E540.95421
G1 F1500 E534.45421
G0 F9000 X99.636 Y119.52
G0 X99.357 Y119.799
;TYPE:WALL-OUTER
G1 F1500 E540.95421
G1 X108.955 Y119.799 E541.27344
G1 X108.952 Y100.2 E541.92531
G1 X99.356 Y100.2 E542.24447
G1 X99.357 Y119.799 E542.89634
G0 F9000 X99.636 Y119.52
G0 X101.075 Y119.227
G0 X101.147 Y115.783
G0 X100.927 Y115.783
;TYPE:FILL
G1 F2093.5 X104.462 Y119.319 E543.06264
G0 F9000 X104.176 Y119.319
G1 F2093.5 X107.386 Y118.459 E543.17317
G0 F9000 X107.165 Y118.459
G0 X105.954 Y119.09
G0 X105.954 Y119.32
G1 F2093.5 X107.386 Y113.977 E543.35715
G0 F9000 X107.386 Y113.757
G1 F2093.5 X100.927 Y107.298 E543.66096
G0 F9000 X100.927 Y107.766
G1 F2093.5 X107.385 Y106.036 E543.88333
G0 F9000 X107.385 Y105.271
G1 F2093.5 X102.794 Y100.68 E544.09928
G0 F9000 X102.794 Y100.91
G0 X104.191 Y100.91
G0 X104.191 Y100.68
G1 F2093.5 X100.927 Y101.554 E544.21166
G0 F9000 X101.147 Y101.554
G0 X104.737 Y100.91
G0 X104.737 Y100.68
G1 F2093.5 X100.927 Y114.898 E544.70124
G0 F9000 X100.928 Y113.978
G1 F2093.5 X107.385 Y112.247 E544.92358
G0 F9000 X107.165 Y112.247
G0 X107.165 Y118.944
G0 X108.1 Y118.944
;TYPE:SKIN
G1 F1027.4 X107.516 Y118.944 E544.95194
G1 X107.516 Y101.052 E545.82077
G1 X108.1 Y101.052 E545.84913
G1 X108.1 Y118.944 E546.71796
G0 F9000 X107.165 Y118.944
G0 X101.147 Y118.944
G0 X100.792 Y118.944
G1 F1027.4 X100.208 Y118.944 E546.74632
G1 X100.208 Y101.052 E547.61515
G1 X100.792 Y101.052 E547.64351
G1 X100.792 Y118.944 E548.51235
G0 F9000 X101.447 Y118.79
;MESH:NONMESH
G0 F300 X101.447 Y118.79 Z10.8
G0 F9000 X108.645 Y119.4
G0 X108.828 Y119.4
;TIME_ELAPSED:832.373165
;LAYER:53
;note -- min layer time used
;TYPE:WALL-INNER
;MESH:testprint.stl
G1 F1500 X108.828 Y100.6 E549.13764
G1 X100.028 Y100.6 E549.43033
G1 X100.028 Y119.4 E550.05562
G1 X108.828 Y119.4 E550.3483
G1 F1500 E543.8483
G0 F9000 X99.909 Y119.52
G0 X99.628 Y119.8
;TYPE:WALL-OUTER
G1 F1500 E550.3483
G1 X109.228 Y119.8 E550.6676
G1 X109.228 Y100.2 E551.3195
G1 X99.628 Y100.2 E551.6388
G1 X99.628 Y119.8 E552.2907
G0 F9000 X99.909 Y119.52
G0 X101.347 Y119.228
G0 X101.419 Y115.856
G0 X101.199 Y115.856
;TYPE:FILL
G1 F2060.2 X104.662 Y119.319 E552.45359
G1 X104.717 Y119.32
G1 X107.657 Y118.532 E552.55482
G0 F9000 X107.437 Y118.532
G0 X105.808 Y119.09
G0 X105.808 Y119.32
G1 F2060.2 X107.658 Y112.416 E552.79255
G1 X107.657 Y112.321
G1 X101.199 Y114.051 E553.01492
G0 F9000 X101.199 Y113.338
G1 F2060.2 X104.591 Y100.68 E553.45078
G1 X104.736 Y100.68
G1 X101.199 Y101.628 E553.57257
G0 F9000 X101.419 Y101.628
G0 X102.994 Y100.91
G0 X102.994 Y100.681
G1 F2060.2 X107.658 Y105.344 E553.79193
G0 F9000 X107.656 Y106.109
G1 F2060.2 X101.199 Y107.839 E554.01426
G0 F9000 X101.199 Y107.371
G1 F2060.2 X107.658 Y113.83 E554.31808
G0 F9000 X107.437 Y113.83
G0 X107.437 Y118.947
G0 X108.375 Y118.947
;TYPE:SKIN
G1 F1023.9 X107.789 Y118.947 E554.34663
G1 X107.789 Y101.053 E555.21853
G1 X108.375 Y101.053 E555.24709
G1 X108.375 Y118.947 E556.11899
G0 F9000 X107.437 Y118.947
G0 X101.419 Y118.948
G0 X101.064 Y118.948
G1 F1027.4 X100.48 Y118.948 E556.14735
G1 X100.48 Y101.052 E557.01638
G1 X101.064 Y101.052 E557.04474
G1 X101.064 Y118.948 E557.91376
G0 F9000 X101.719 Y118.79
;MESH:NONMESH
G0 F300 X101.719 Y118.79 Z11
G0 F9000 X108.918 Y119.4
G0 X109.1 Y119.4
;TIME_ELAPSED:846.122444
;LAYER:54
;note -- min layer time used
;TYPE:WALL-INNER
;MESH:testprint.stl
G1 F1500 X109.1 Y100.6 E558.53905
G1 X100.3 Y100.6 E558.83174
G1 X100.3 Y119.4 E559.45703
G1 X109.1 Y119.4 E559.74972
G1 F1500 E553.24972
G0 F9000 X100.181 Y119.52
G0 X99.9 Y119.8
;TYPE:WALL-OUTER
G1 F1500 E559.74972
G1 X109.5 Y119.8 E560.06902
G1 X109.5 Y100.2 E560.72092
G1 X99.9 Y100.2 E561.04022
G1 X99.9 Y119.8 E561.69211
G0 F9000 X100.181 Y119.52
G0 X101.62 Y119.228
G0 X101.692 Y115.928
G0 X101.472 Y115.928
;TYPE:FILL
G1 F2093.1 X104.864 Y119.32 E561.85166
G0 F9000 X105.265 Y119.32
G1 F2093.1 X107.93 Y118.606 E561.94343
G0 F9000 X107.71 Y118.606
G0 X105.661 Y119.09
G0 X105.661 Y119.321
G1 F2093.1 X107.93 Y110.851 E562.23507
G0 F9000 X107.71 Y110.851
G0 X107.71 Y112.394
G0 X107.93 Y112.394
G1 F2093.1 X101.472 Y114.125 E562.45745
G0 F9000 X101.692 Y114.125
G0 X101.692 Y111.77
G0 X101.472 Y111.77
G1 F2093.1 X104.444 Y100.68 E562.83932
G0 F9000 X105.284 Y100.68
G1 F2093.1 X101.473 Y101.701 E562.97055
G0 F9000 X101.692 Y101.701
G0 X103.194 Y100.91
G0 X103.194 Y100.68
G1 F2093.1 X107.931 Y105.417 E563.19336
G0 F9000 X107.93 Y106.183
G1 F2093.1 X101.473 Y107.913 E563.41569
G0 F9000 X101.472 Y107.443
G1 F2093.1 X107.931 Y113.902 E563.71951
G0 F9000 X107.71 Y113.902
G0 X107.71 Y118.947
G0 X108.647 Y118.947
;TYPE:SKIN
G1 F1023.9 X108.061 Y118.947 E563.74806
G1 X108.061 Y101.053 E564.61996
G1 X108.647 Y101.053 E564.64852
G1 X108.647 Y118.947 E565.52042
G0 F9000 X107.71 Y118.947
G0 X101.692 Y118.947
G0 X101.339 Y118.947
G1 F1023.9 X100.753 Y118.947 E565.54898
G1 X100.753 Y101.053 E566.42088
G1 X101.339 Y101.053 E566.44943
G1 X101.339 Y118.947 E567.32134
G0 F9000 X101.992 Y118.79
;MESH:NONMESH
G0 F300 X101.992 Y118.79 Z11.2
G0 F9000 X109.19 Y119.4
G0 X109.372 Y119.4
;TIME_ELAPSED:860.213986
;LAYER:55
;note -- min layer time used
;TYPE:WALL-INNER
;MESH:testprint.stl
G1 F1500 X109.372 Y100.6 E567.94663
G1 X100.572 Y100.6 E568.23932
G1 X100.572 Y119.4 E568.86461
G1 X109.372 Y119.4 E569.1573
G1 F1500 E562.6573
G0 F9000 X100.454 Y119.52
G0 X100.172 Y119.8
;TYPE:WALL-OUTER
G1 F1500 E569.1573
G1 X109.772 Y119.8 E569.4766
G1 X109.772 Y100.2 E570.1285
G1 X100.172 Y100.2 E570.44779
G1 X100.172 Y119.8 E571.09969
G0 F9000 X100.454 Y119.52
G0 X101.893 Y119.228
G0 X101.965 Y116.002
G0 X101.745 Y116.002
;TYPE:FILL
G1 F2238.2 X105.063 Y119.32 E571.25576
G0 F9000 X105.515 Y119.32
G1 F2238.2 X108.202 Y109.292 E571.60106
G0 F9000 X107.982 Y109.292
G0 X107.982 Y106.256
G0 X108.202 Y106.256
G1 F2238.2 X101.746 Y107.986 E571.82336
G0 F9000 X101.745 Y107.516
G1 F2238.2 X108.203 Y113.974 E572.12713
G0 F9000 X107.982 Y113.974
G0 X107.982 Y112.467
G0 X108.203 Y112.467
G1 F2238.2 X101.745 Y114.198 E572.3495
G0 F9000 X101.965 Y114.198
G0 X101.965 Y110.209
G0 X101.745 Y110.209
G1 F2238.2 X104.298 Y100.68 E572.67762
G0 F9000 X103.394 Y100.68
G1 F2238.2 X108.203 Y105.489 E572.90382
G0 F9000 X107.982 Y105.489
G0 X105.83 Y100.91
G0 X105.83 Y100.68
G1 F2238.2 X101.745 Y101.774 E573.04447
G0 F9000 X101.965 Y101.774
G0 X105.811 Y119.09
G0 X105.811 Y119.32
G1 F2238.2 X108.202 Y118.679 E573.1268
G0 F9000 X108.919 Y118.947
;TYPE:SKIN
G1 F1023.9 X108.333 Y118.947 E573.15536
G1 X108.333 Y101.053 E574.02726
G1 X108.919 Y101.053 E574.05582
G1 X108.919 Y118.947 E574.92772
G0 F9000 X107.982 Y118.947
G0 X101.965 Y118.947
G0 X101.611 Y118.947
G1 F1023.9 X101.025 Y118.947 E574.95627
G1 X101.025 Y101.053 E575.82818
G1 X101.611 Y101.053 E575.85673
G1 X101.611 Y118.947 E576.72864
G0 F9000 X102.265 Y118.79
;MESH:NONMESH
G0 F300 X102.265 Y118.79 Z11.4
G0 F9000 X109.463 Y119.4
G0 X109.644 Y119.4
;TIME_ELAPSED:874.518023
;LAYER:56
;note -- min layer time used
;TYPE:WALL-INNER
;MESH:testprint.stl
G1 F1500 X109.644 Y100.6 E577.35393
G1 X100.844 Y100.6 E577.64662
G1 X100.844 Y119.4 E578.27191
G1 X109.644 Y119.4 E578.5646
G1 F1500 E572.0646
G0 F9000 X100.727 Y119.52
G0 X100.444 Y119.8
;TYPE:WALL-OUTER
G1 F1500 E578.5646
G1 X110 Y119.8 E578.88243
G1 X110.044 Y119.8 E578.88389
G1 X110.044 Y100.2 E579.53579
G1 X100.444 Y100.2 E579.85509
G1 X100.444 Y119.8 E580.50699
G0 F9000 X100.727 Y119.52
G0 X102.165 Y119.228
G0 X102.237 Y116.072
G0 X102.016 Y116.072
;TYPE:FILL
G1 F2234.6 X105.264 Y119.32 E580.65977
G1 X105.368 Y119.321
G1 X108.475 Y107.723 E581.05912
G0 F9000 X108.255 Y107.723
G0 X108.255 Y106.33
G0 X108.474 Y106.33
G1 F2234.6 X102.017 Y108.06 E581.28145
G0 F9000 X102.016 Y107.587
G1 F2234.6 X108.476 Y114.046 E581.58529
G0 F9000 X108.255 Y114.046
G0 X108.255 Y112.541
G0 X108.475 Y112.541
G1 F2234.6 X102.018 Y114.272 E581.80763
G0 F9000 X102.237 Y114.272
G0 X102.237 Y108.643
G0 X102.017 Y108.643
G1 F2234.6 X104.151 Y100.679 E582.08186
G0 F9000 X103.595 Y100.68
G1 F2234.6 X108.476 Y105.561 E582.31145
G0 F9000 X108.255 Y105.561
G0 X106.379 Y100.91
G0 X106.379 Y100.68
G1 F2234.6 X102.017 Y101.848 E582.46164
G0 F9000 X102.237 Y101.848
G0 X106.358 Y119.09
G0 X106.358 Y119.32
G1 F2234.6 X108.475 Y118.753 E582.53453
G0 F9000 X109.192 Y118.948
;TYPE:SKIN
G1 F1027.4 X108.608 Y118.948 E582.56289
G1 F1025.6 X108.605 Y101.053 E583.43336
G1 F1023.9 X109.191 Y101.053 E583.46191
G1 F1025.6 X109.192 Y118.948 E584.33238
G0 F9000 X108.255 Y118.948
G0 X102.237 Y118.947
G0 X101.883 Y118.947
G1 F1023.9 X101.297 Y118.947 E584.36093
G1 X101.297 Y101.053 E585.23284
G1 X101.883 Y101.053 E585.26139
G1 X101.883 Y118.947 E586.13329
G0 F9000 X102.537 Y118.79
;MESH:NONMESH
G0 F300 X102.537 Y118.79 Z11.6
G0 F9000 X109.736 Y119.4
G0 X109.916 Y119.4
;TIME_ELAPSED:888.741579
;LAYER:57
;note -- min layer time used
;TYPE:WALL-INNER
;MESH:testprint.stl
G1 F1500 X109.916 Y100.6 E586.75858
G1 X101.116 Y100.6 E587.05127
G1 X101.116 Y119.4 E587.67656
G1 X109.916 Y119.4 E587.96925
G0 F9000 X110 Y119.8
;TYPE:WALL-OUTER
G1 F1500 X110.316 Y119.8 E587.97976
G1 X110.316 Y100.2 E588.63166
G1 X100.716 Y100.2 E588.95096
G1 X100.716 Y119.8 E589.60286
G1 X110 Y119.8 E589.91164
G0 F9000 X110 Y119.49
G0 X108.601 Y119.228
G0 X108.528 Y118.826
G0 X108.749 Y118.826
;TYPE:FILL
G1 F1891.2 X106.902 Y119.32 E589.97524
G0 F9000 X106.902 Y119.09
G0 X105.464 Y119.09
G0 X105.464 Y119.32
G1 F1891.2 X102.289 Y116.146 E590.12455
G0 F9000 X102.51 Y116.146
G0 X102.51 Y114.345
G0 X102.29 Y114.345
G1 F1891.2 X108.748 Y112.614 E590.34693
G0 F9000 X108.528 Y112.614
G0 X108.528 Y114.12
G0 X108.749 Y114.12
G1 F1891.2 X102.289 Y107.661 E590.65077
G0 F9000 X102.29 Y108.133
G1 F1891.2 X108.748 Y106.403 E590.87313
G0 F9000 X108.748 Y106.161
G1 F1891.2 X105.222 Y119.321 E591.32628
G0 F9000 X105.222 Y119.09
G0 X102.51 Y107.081
G0 X102.29 Y107.081
G1 F1891.2 X104.005 Y100.679 E591.54671
G0 F9000 X103.794 Y100.68
G1 F1891.2 X108.749 Y105.635 E591.77978
G0 F9000 X108.528 Y105.635
G0 X106.924 Y100.91
G0 X106.924 Y100.68
G1 F1891.2 X102.291 Y101.921 E591.93931
G0 F9000 X102.51 Y101.921
G0 X102.51 Y118.947
G0 X102.155 Y118.947
;TYPE:SKIN
G1 F1023.9 X101.569 Y118.947 E591.96786
G1 X101.569 Y101.053 E592.83977
G1 X102.155 Y101.053 E592.86832
G1 X102.155 Y118.947 E593.74023
G0 F9000 X102.51 Y118.947
G0 X108.528 Y118.948
G0 X109.464 Y118.948
G1 F1027.4 X108.88 Y118.948 E593.76858
G1 X108.88 Y101.052 E594.63761
G1 X109.464 Y101.052 E594.66597
G1 X109.464 Y118.948 E595.535
G0 F9000 X108.228 Y118.79
;MESH:NONMESH
G0 F300 X108.228 Y118.79 Z11.8
G0 F9000 X108.601 Y119.228
G0 X110 Y119.399
;TIME_ELAPSED:902.414304
;LAYER:58
;note -- min layer time used
;TYPE:WALL-INNER
;MESH:testprint.stl
G1 F1500 X110.191 Y119.399 E595.54135
G1 X110.188 Y100.6 E596.16661
G1 X101.392 Y100.6 E596.45916
G1 X101.393 Y119.399 E597.08442
G1 X110 Y119.399 E597.37069
G0 F9000 X110 Y119.799
;TYPE:WALL-OUTER
G1 F1500 X110.591 Y119.799 E597.39035
G1 X110.588 Y100.2 E598.04221
G1 X100.992 Y100.2 E598.36138
G1 X100.993 Y119.799 E599.01324
G1 X110 Y119.799 E599.31281
G0 F9000 X110 Y119.49
G0 X108.873 Y119.227
G0 X108.8 Y118.899
G0 X109.02 Y118.899
;TYPE:FILL
G1 F1669.1 X107.452 Y119.319 E599.36681
G0 F9000 X107.452 Y119.09
G0 X105.662 Y119.09
G0 X105.662 Y119.319
G1 F1669.1 X102.562 Y116.219 E599.51262
G0 F9000 X102.782 Y116.219
G0 X102.782 Y114.418
G0 X102.562 Y114.418
G1 F1669.1 X109.02 Y112.687 E599.735
G0 F9000 X108.8 Y112.687
G0 X108.8 Y114.193
G0 X109.021 Y114.193
G1 F1669.1 X102.562 Y107.734 E600.03881
G0 F9000 X102.562 Y108.206
G1 F1669.1 X109.02 Y106.476 E600.26117
G0 F9000 X109.02 Y105.707
G1 F1669.1 X103.993 Y100.68 E600.49763
G1 X103.859 Y100.679
G1 X102.562 Y105.521 E600.66435
G0 F9000 X102.782 Y105.521
G0 X102.782 Y101.994
G0 X102.562 Y101.994
G1 F1669.1 X107.468 Y100.68 E600.83328
G0 F9000 X107.468 Y100.91
G0 X108.8 Y104.602
G0 X109.02 Y104.602
G1 F1669.1 X105.076 Y119.319 E601.34004
G0 F9000 X105.076 Y119.09
G0 X102.782 Y118.944
G0 X102.428 Y118.944
;TYPE:SKIN
G1 F1027.4 X101.844 Y118.944 E601.3684
G1 X101.844 Y101.052 E602.23723
G1 X102.428 Y101.052 E602.26559
G1 X102.428 Y118.944 E603.13442
G0 F9000 X102.782 Y118.944
G0 X108.8 Y118.944
G0 X109.736 Y118.944
G1 F1027.4 X109.152 Y118.944 E603.16278
G1 X109.152 Y101.052 E604.03161
G1 X109.736 Y101.052 E604.05997
G1 X109.736 Y118.944 E604.9288
G0 F9000 X108.5 Y118.79
;MESH:NONMESH
G0 F300 X108.5 Y118.79 Z12
G0 F9000 X108.873 Y119.227
G0 X110 Y119.4
;TIME_ELAPSED:915.873955
;LAYER:59
;note -- min layer time used
;TYPE:WALL-INNER
;MESH:testprint.stl
G1 F1500 X110.464 Y119.4 E604.94424
G1 X110.464 Y100.6 E605.56953
G1 X101.664 Y100.6 E605.86222
G1 X101.664 Y119.4 E606.48751
G1 X110 Y119.4 E606.76476
G0 F9000 X110 Y119.8
;TYPE:WALL-OUTER
G1 F1500 X110.864 Y119.8 E606.7935
G1 X110.864 Y100.2 E607.4454
G1 X101.264 Y100.2 E607.7647
G1 X101.264 Y119.8 E608.41659
G1 X110 Y119.8 E608.70715
G0 F9000 X110 Y119.49
G0 X109.146 Y119.228
G0 X109.073 Y118.972
G0 X109.294 Y118.972
;TYPE:FILL
G1 F1640.3 X107.996 Y119.32 E608.75185
G0 F9000 X107.996 Y119.09
G0 X105.864 Y119.09
G0 X105.864 Y119.32
G1 F1640.3 X102.835 Y116.291 E608.89433
G0 F9000 X103.055 Y116.291
G0 X103.055 Y114.491
G0 X102.836 Y114.491
G1 F1640.3 X109.294 Y112.761 E609.11669
G0 F9000 X109.073 Y112.761
G0 X109.073 Y114.266
G0 X109.295 Y114.266
G1 F1640.3 X102.835 Y107.805 E609.42058
G0 F9000 X102.836 Y108.28
G1 F1640.3 X109.293 Y106.549 E609.64292
G0 F9000 X109.293 Y105.779
G1 F1640.3 X104.194 Y100.68 E609.88276
G0 F9000 X103.712 Y100.679
G1 F1640.3 X102.835 Y103.953 E609.99549
G0 F9000 X103.055 Y103.953
G0 X103.055 Y102.068
G0 X102.835 Y102.068
G1 F1640.3 X108.015 Y100.68 E610.17386
G0 F9000 X108.015 Y100.91
G0 X109.073 Y103.033
G0 X109.293 Y103.033
G1 F1640.3 X104.929 Y119.32 E610.73468
G0 F9000 X104.929 Y119.09
G0 X103.055 Y118.948
G0 X102.7 Y118.948
;TYPE:SKIN
G1 F1027.4 X102.116 Y118.948 E610.76303
G1 X102.116 Y101.052 E611.63206
G1 X102.7 Y101.052 E611.66042
G1 X102.7 Y118.948 E612.52945
G0 F9000 X103.055 Y118.948
G0 X109.073 Y118.947
G0 X110 Y118.947
G1 F1023.9 X109.425 Y118.947 E612.55746
G1 X109.425 Y101.053 E613.42937
G1 X110.011 Y101.053 E613.45792
G1 X110.011 Y118.947 E614.32983
G1 X110 Y118.947 E614.33036
G0 F9000 X108.773 Y118.79
;MESH:NONMESH
G0 F300 X108.773 Y118.79 Z12.2
G0 F9000 X109.146 Y119.228
G0 X110 Y119.4
;TIME_ELAPSED:929.320766
;LAYER:60
;note -- min layer time used
;TYPE:WALL-INNER
;MESH:testprint.stl
G1 F1500 X110.736 Y119.4 E614.35484
G1 X110.736 Y100.6 E614.98013
G1 X101.936 Y100.6 E615.27282
G1 X101.936 Y119.4 E615.89811
G1 X110 Y119.4 E616.16632
G0 F9000 X110 Y119.8
;TYPE:WALL-OUTER
G1 F1500 X111.136 Y119.8 E616.2041
G1 X111.136 Y100.2 E616.856
G1 X101.536 Y100.2 E617.1753
G1 X101.536 Y119.8 E617.8272
G1 X110 Y119.8 E618.10871
G0 F9000 X109.567 Y119.045
;TYPE:FILL
G1 F1604.7 X108.542 Y119.32 E618.14401
G0 F9000 X108.542 Y119.09
G0 X106.063 Y119.09
G0 X106.063 Y119.32
G1 F1604.7 X103.107 Y116.364 E618.28305
G0 F9000 X103.328 Y116.364
G0 X103.328 Y114.564
G0 X103.109 Y114.564
G1 F1604.7 X109.566 Y112.834 E618.50539
G0 F9000 X109.346 Y112.834
G0 X109.346 Y114.339
G0 X109.568 Y114.339
G1 F1604.7 X103.107 Y107.879 E618.80927
G0 F9000 X103.108 Y108.353
G1 F1604.7 X109.566 Y106.622 E619.03165
G0 F9000 X109.566 Y105.852
G1 F1604.7 X104.394 Y100.68 E619.27492
G0 F9000 X103.566 Y100.679
G1 F1604.7 X103.109 Y102.387 E619.33373
G0 F9000 X103.108 Y102.141
G1 F1604.7 X108.562 Y100.68 E619.52152
G0 F9000 X108.562 Y100.91
G0 X109.346 Y101.469
G0 X109.566 Y101.469
G1 F1604.7 X104.783 Y119.321 E620.13623
G0 F9000 X104.783 Y119.09
G0 X103.328 Y118.947
G0 X102.975 Y118.947
;TYPE:SKIN
G1 F1023.9 X102.389 Y118.947 E620.16478
G1 X102.389 Y101.053 E621.03668
G1 X102.975 Y101.053 E621.06524
G1 X102.975 Y118.947 E621.93714
G0 F9000 X103.328 Y118.947
G0 X109.346 Y118.947
G0 X110 Y118.947
G1 F1023.9 X109.697 Y118.947 E621.95191
G1 X109.697 Y101.053 E622.82381
G1 X110.283 Y101.053 E622.85236
G1 X110.283 Y118.947 E623.72427
G1 X110 Y118.947 E623.73806
G0 F9000 X109.046 Y118.79
;MESH:NONMESH
G0 F300 X109.046 Y118.79 Z12.4
G0 F9000 X109.377 Y119.12
G0 X110 Y119.4
;TIME_ELAPSED:942.571717
;LAYER:61
;note -- min layer time used
;TYPE:WALL-INNER
;MESH:testprint.stl
G1 F1500 X111.008 Y119.4 E623.77158
G1 X111.008 Y100.6 E624.39688
G1 X102.208 Y100.6 E624.68956
G1 X102.208 Y119.4 E625.31485
G1 X110 Y119.4 E625.57402
G0 F9000 X110 Y119.8
;TYPE:WALL-OUTER
G1 F1500 X111.408 Y119.8 E625.62085
G1 X111.408 Y100.2 E626.27275
G1 X101.808 Y100.2 E626.59204
G1 X101.808 Y119.8 E627.24394
G1 X110 Y119.8 E627.51641
G0 F9000 X109.838 Y119.12
;TYPE:FILL
G1 F1573.1 X109.09 Y119.32 E627.54216
G0 F9000 X109.09 Y119.09
G0 X106.264 Y119.09
G0 X106.264 Y119.32
G1 F1573.1 X103.38 Y116.436 E627.67782
G0 F9000 X103.6 Y116.436
G0 X103.6 Y114.638
G0 X103.38 Y114.638
G1 F1573.1 X109.838 Y112.908 E627.90018
G0 F9000 X109.618 Y112.908
G0 X109.618 Y114.41
G0 X109.839 Y114.41
G1 F1573.1 X103.38 Y107.95 E628.20402
G0 F9000 X103.381 Y108.427
G1 F1573.1 X109.838 Y106.697 E628.42635
G0 F9000 X109.839 Y105.925
G1 F1573.1 X104.595 Y100.68 E628.67304
G0 F9000 X104.595 Y100.91
G0 X103.57 Y100.88
G0 X103.419 Y100.679
G1 F1573.1 X103.38 Y100.826 E628.6781
G0 F9000 X103.6 Y100.826
G0 X103.6 Y102.215
G0 X103.381 Y102.215
G1 F1573.1 X109.108 Y100.68 E628.8753
G0 F9000 X109.631 Y100.679
G1 F1573.1 X104.636 Y119.321 E629.51721
G0 F9000 X104.636 Y119.09
G0 X103.6 Y118.947
G0 X103.247 Y118.947
;TYPE:SKIN
G1 F1023.9 X102.661 Y118.947 E629.54576
G1 X102.661 Y101.053 E630.41767
G1 X103.247 Y101.053 E630.44622
G1 X103.247 Y118.947 E631.31813
G0 F9000 X103.6 Y118.947
G0 X109.618 Y118.947
G0 X110 Y118.947
G1 F1023.9 X109.969 Y118.947 E631.31964
G1 X109.969 Y101.053 E632.19154
G1 X110.555 Y101.053 E632.22009
G1 X110.555 Y118.947 E633.092
G1 X110 Y118.947 E633.11904
G0 F9000 X109.318 Y118.79
;MESH:NONMESH
G0 F300 X109.318 Y118.79 Z12.6
G0 F9000 X110 Y119.4
;TIME_ELAPSED:955.863508
;LAYER:62
;note -- min layer time used
;TYPE:WALL-INNER
;MESH:testprint.stl
G1 F1500 X111.28 Y119.4 E633.16162
G1 X111.28 Y100.6 E633.78691
G1 X102.48 Y100.6 E634.0796
G1 X102.48 Y119.4 E634.70489
G1 X110 Y119.4 E634.955
G0 F9000 X110 Y119.8
;TYPE:WALL-OUTER
G1 F1500 X111.68 Y119.8 E635.01088
G1 X111.68 Y100.2 E635.66278
G1 X102.08 Y100.2 E635.98208
G1 X102.08 Y119.8 E636.63397
G1 X110 Y119.8 E636.89739
G0 F9000 X109.636 Y119.32
;TYPE:FILL
G1 F1559.7 X110.111 Y119.193 E636.91375
G0 F9000 X109.922 Y119.12
G0 X106.463 Y119.09
G0 X106.463 Y119.32
G1 F1559.7 X103.653 Y116.509 E637.04594
G0 F9000 X103.873 Y116.509
G0 X103.873 Y114.711
G0 X103.653 Y114.711
G1 F1559.7 X110.112 Y112.981 E637.26834
G0 F9000 X109.891 Y112.981
G0 X109.891 Y114.483
G0 X110.112 Y114.483
G1 F1559.7 X103.653 Y108.024 E637.57216
G0 F9000 X103.654 Y108.499
G1 F1559.7 X110.111 Y106.769 E637.79449
G0 F9000 X110.112 Y105.998
G1 F1559.7 X104.794 Y100.68 E638.04463
G0 F9000 X104.794 Y100.91
G0 X103.873 Y102.288
G0 X103.653 Y102.288
G1 F1559.7 X109.655 Y100.68 E638.2513
G1 X109.485 Y100.68
G1 X104.49 Y119.321 E638.89318
G0 F9000 X104.49 Y119.09
G0 X103.873 Y118.947
G0 X103.519 Y118.947
;TYPE:SKIN
G1 F1023.9 X102.933 Y118.947 E638.92173
G1 X102.933 Y101.053 E639.79363
G1 X103.519 Y101.053 E639.82219
G1 X103.519 Y118.947 E640.69409
G0 F9000 X103.873 Y118.947
G0 X109.891 Y118.948
G0 X110.244 Y118.948
G1 F1025.6 X110.241 Y101.053 E641.56456
G1 F1023.9 X110.827 Y101.053 E641.59311
G1 F1025.6 X110.828 Y118.948 E642.46358
G1 F1027.4 X110.244 Y118.948 E642.49194
G0 F9000 X109.591 Y118.79
;MESH:NONMESH
G0 F300 X109.591 Y118.79 Z12.8
G0 F9000 X110 Y119.4
;TIME_ELAPSED:968.954378
;LAYER:63
;note -- min layer time used
;TYPE:WALL-INNER
;MESH:testprint.stl
G1 F1500 X111.552 Y119.4 E642.54356
G1 X111.552 Y100.6 E643.16885
G1 X102.752 Y100.6 E643.46154
G1 X102.752 Y119.4 E644.08683
G1 X110 Y119.4 E644.3279
G0 F9000 X110 Y119.8
;TYPE:WALL-OUTER
G1 F1500 X111.952 Y119.8 E644.39282
G1 X111.952 Y100.2 E645.04472
G1 X102.352 Y100.2 E645.36402
G1 X102.352 Y119.8 E646.01591
G1 X110 Y119.8 E646.27029
G0 F9000 X110.18 Y119.32
;TYPE:FILL
G1 F1553.5 X110.384 Y119.265 E646.27731
G0 F9000 X110.195 Y119.12
G0 X106.663 Y119.09
G0 X106.663 Y119.32
G1 F1553.5 X103.926 Y116.583 E646.40605
G0 F9000 X104.146 Y116.583
G0 X104.146 Y114.784
G0 X103.926 Y114.784
G1 F1553.5 X110.384 Y113.054 E646.62842
G0 F9000 X110.164 Y113.054
G0 X110.164 Y114.557
G0 X110.385 Y114.557
G1 F1553.5 X103.926 Y108.098 E646.93223
G0 F9000 X103.927 Y108.572
G1 F1553.5 X110.384 Y106.842 E647.15457
G0 F9000 X110.385 Y106.072
G1 F1553.5 X104.993 Y100.68 E647.40819
G0 F9000 X104.993 Y100.91
G0 X104.146 Y102.361
G0 X103.926 Y102.361
G1 F1553.5 X110.199 Y100.68 E647.62419
G0 F9000 X109.339 Y100.68
G1 F1553.5 X104.344 Y119.32 E648.26604
G0 F9000 X103.791 Y118.947
;TYPE:SKIN
G1 F1023.9 X103.205 Y118.947 E648.29459
G1 X103.205 Y101.053 E649.1665
G1 X103.791 Y101.053 E649.19505
G1 X103.791 Y118.947 E650.06695
G0 F9000 X104.146 Y118.947
G0 X110.164 Y118.948
G0 X110.516 Y118.948
G1 F1027.4 X110.516 Y101.052 E650.93598
G1 X111.1 Y101.052 E650.96434
G1 X111.1 Y118.948 E651.83337
G1 X110.516 Y118.948 E651.86172
G0 F9000 X109.864 Y118.79
;MESH:NONMESH
G0 F300 X109.864 Y118.79 Z13
G0 F9000 X110 Y119.399
;TIME_ELAPSED:982.044888
;LAYER:64
;note -- min layer time used
;TYPE:WALL-INNER
;MESH:testprint.stl
G1 F1500 X111.827 Y119.399 E651.92249
G1 X111.824 Y100.6 E652.54775
G1 X103.028 Y100.6 E652.8403
G1 X103.029 Y119.399 E653.46556
G1 X110 Y119.399 E653.69742
G0 F9000 X110 Y119.799
;TYPE:WALL-OUTER
G1 F1500 X112.227 Y119.799 E653.77149
G1 X112.224 Y100.2 E654.42335
G1 X102.628 Y100.2 E654.74252
G1 X102.629 Y119.799 E655.39438
G1 X110 Y119.799 E655.63954
G0 F9000 X110.409 Y119.32
;TYPE:FILL
G1 F1672.8 X110.656 Y118.396 E655.67135
G0 F9000 X110.436 Y118.396
G0 X110.436 Y114.628
G0 X110.657 Y114.628
G1 F1672.8 X104.198 Y108.169 E655.97517
G0 F9000 X104.199 Y108.646
G1 F1672.8 X110.655 Y106.916 E656.19747
G0 F9000 X110.657 Y106.142
G1 F1672.8 X105.194 Y100.68 E656.45441
G0 F9000 X105.194 Y100.91
G0 X104.418 Y102.435
G0 X104.199 Y102.435
G1 F1672.8 X110.656 Y100.705 E656.67674
G0 F9000 X110.466 Y100.88
G0 X109.192 Y100.91
G0 X109.192 Y100.68
G1 F1672.8 X104.198 Y119.315 E657.31842
G0 F9000 X104.388 Y119.12
G0 X104.418 Y116.654
G0 X104.198 Y116.654
G1 F1672.8 X106.862 Y119.319 E657.44375
G0 F9000 X106.862 Y119.09
G0 X104.418 Y114.858
G0 X104.199 Y114.858
G1 F1672.8 X110.656 Y113.128 E657.66608
G0 F9000 X110.436 Y113.128
G0 X110.436 Y118.944
G0 X110.788 Y118.944
;TYPE:SKIN
G1 F1027.4 X110.788 Y101.052 E658.53491
G1 X111.372 Y101.052 E658.56327
G1 X111.372 Y118.944 E659.43211
G1 X110.788 Y118.944 E659.46046
G0 F9000 X110.436 Y118.944
G0 X104.418 Y118.944
G0 X104.064 Y118.944
G1 F1027.4 X103.48 Y118.944 E659.48882
G1 X103.48 Y101.052 E660.35766
G1 X104.064 Y101.052 E660.38601
G1 X104.064 Y118.944 E661.25485
G0 F9000 X104.718 Y118.79
;MESH:NONMESH
G0 F300 X104.718 Y118.79 Z13.2
G0 F9000 X110 Y119.09
G0 X110 Y119.399
;TIME_ELAPSED:995.539299
;LAYER:65
;note -- min layer time used
;TYPE:WALL-INNER
;MESH:testprint.stl
G1 F1500 X112.099 Y119.399 E661.32466
G1 X112.096 Y100.6 E661.94992
G1 X103.3 Y100.6 E662.24247
G1 X103.301 Y119.399 E662.86773
G1 X110 Y119.399 E663.09054
G0 F9000 X110 Y119.799
;TYPE:WALL-OUTER
G1 F1500 X112.499 Y119.799 E663.17366
G1 X112.496 Y100.2 E663.82552
G1 X102.9 Y100.2 E664.14469
G1 X102.901 Y119.799 E664.79655
G1 X110 Y119.799 E665.03267
G0 F9000 X110.263 Y119.32
;TYPE:FILL
G1 F1685.8 X110.93 Y116.832 E665.11834
G0 F9000 X110.709 Y116.832
G0 X110.709 Y114.702
G0 X110.93 Y114.702
G1 F1685.8 X104.471 Y108.242 E665.42217
G0 F9000 X104.471 Y108.719
G1 F1685.8 X110.929 Y106.989 E665.64454
G0 F9000 X110.929 Y106.216
G1 F1685.8 X105.394 Y100.68 E665.90491
G0 F9000 X105.394 Y100.91
G0 X104.691 Y102.508
G0 X104.471 Y102.508
G1 F1685.8 X110.928 Y100.778 E666.12725
G0 F9000 X110.739 Y100.88
G0 X109.046 Y100.91
G0 X109.046 Y100.68
G1 F1685.8 X104.471 Y117.753 E666.71513
G0 F9000 X104.691 Y117.753
G0 X104.691 Y116.728
G0 X104.471 Y116.728
G1 F1685.8 X107.062 Y119.319 E666.83701
G0 F9000 X107.062 Y119.09
G0 X104.691 Y114.931
G0 X104.471 Y114.931
G1 F1685.8 X110.929 Y113.201 E667.05937
G0 F9000 X110.709 Y113.201
G0 X110.709 Y118.944
G0 X111.06 Y118.944
;TYPE:SKIN
G1 F1027.4 X111.06 Y101.052 E667.92821
G1 X111.644 Y101.052 E667.95656
G1 X111.644 Y118.944 E668.8254
G1 X111.06 Y118.944 E668.85376
G0 F9000 X110.709 Y118.944
G0 X104.691 Y118.944
G0 X104.336 Y118.944
G1 F1027.4 X103.752 Y118.944 E668.88211
G1 X103.752 Y101.052 E669.75095
G1 X104.336 Y101.052 E669.77931
G1 X104.336 Y118.944 E670.64814
G0 F9000 X104.991 Y118.79
;MESH:NONMESH
G0 F300 X104.991 Y118.79 Z13.4
G0 F9000 X110 Y119.09
G0 X110 Y119.4
;TIME_ELAPSED:1008.937200
;LAYER:66
;note -- min layer time used
;TYPE:WALL-INNER
;MESH:testprint.stl
G1 F1500 X112.372 Y119.4 E670.72703
G1 X112.372 Y100.6 E671.35232
G1 X103.572 Y100.6 E671.64501
G1 X103.572 Y119.4 E672.2703
G1 X110 Y119.4 E672.4841
G0 F9000 X110 Y119.8
;TYPE:WALL-OUTER
G1 F1500 X112.772 Y119.8 E672.57629
G1 X112.772 Y100.2 E673.22819
G1 X103.172 Y100.2 E673.54749
G1 X103.172 Y119.8 E674.19939
G1 X110 Y119.8 E674.42649
G0 F9000 X110.116 Y119.321
;TYPE:FILL
G1 F1664.8 X111.202 Y115.268 E674.56605
G0 F9000 X111.202 Y114.773
G1 F1664.8 X104.744 Y108.315 E674.86981
G0 F9000 X104.745 Y108.793
G1 F1664.8 X111.201 Y107.063 E675.09212
G0 F9000 X111.201 Y106.287
G1 F1664.8 X105.594 Y100.68 E675.35585
G0 F9000 X105.594 Y100.91
G0 X104.964 Y102.582
G0 X104.744 Y102.582
G1 F1664.8 X111.2 Y100.852 E675.57815
G0 F9000 X110.981 Y100.852
G0 X108.899 Y100.91
G0 X108.899 Y100.68
G1 F1664.8 X104.744 Y116.187 E676.11211
G0 F9000 X104.744 Y116.8
G1 F1664.8 X107.264 Y119.32 E676.23065
G0 F9000 X107.264 Y119.09
G0 X104.964 Y115.005
G0 X104.745 Y115.005
G1 F1664.8 X111.202 Y113.275 E676.45298
G0 F9000 X110.981 Y113.275
G0 X110.981 Y118.947
G0 X111.333 Y118.947
;TYPE:SKIN
G1 F1023.9 X111.333 Y101.053 E677.32489
G1 X111.919 Y101.053 E677.35344
G1 X111.919 Y118.947 E678.22534
G1 X111.333 Y118.947 E678.2539
G0 F9000 X110.981 Y118.947
G0 X104.964 Y118.947
G0 X104.611 Y118.947
G1 F1023.9 X104.025 Y118.947 E678.28245
G1 X104.025 Y101.053 E679.15436
G1 X104.611 Y101.053 E679.18291
G1 X104.611 Y118.947 E680.05481
G0 F9000 X105.264 Y118.79
;MESH:NONMESH
G0 F300 X105.264 Y118.79 Z13.6
G0 F9000 X110 Y119.09
G0 X110 Y119.4
;TIME_ELAPSED:1022.189035
;LAYER:67
;note -- min layer time used
;TYPE:WALL-INNER
;MESH:testprint.stl
G1 F1500 X112.644 Y119.4 E680.14275
G1 X112.644 Y100.6 E680.76804
G1 X103.844 Y100.6 E681.06073
G1 X103.844 Y119.4 E681.68602
G1 X110 Y119.4 E681.89077
G0 F9000 X110 Y119.8
;TYPE:WALL-OUTER
G1 F1500 X113.044 Y119.8 E681.99202
G1 X113.044 Y100.2 E682.64392
G1 X103.444 Y100.2 E682.96321
G1 X103.444 Y119.8 E683.61511
G1 X110 Y119.8 E683.83317
G0 F9000 X109.97 Y119.32
;TYPE:FILL
G1 F1645.1 X111.475 Y113.703 E684.02658
G0 F9000 X111.474 Y113.348
G1 F1645.1 X105.016 Y115.078 E684.24895
G0 F9000 X105.016 Y114.625
G1 F1645.1 X108.753 Y100.68 E684.72912
G0 F9000 X108.753 Y100.91
G0 X111.254 Y100.924
G0 X111.474 Y100.924
G1 F1645.1 X105.016 Y102.655 E684.9515
G0 F9000 X105.236 Y102.655
G0 X105.794 Y100.91
G0 X105.794 Y100.68
G1 F1645.1 X111.475 Y106.362 E685.21874
G0 F9000 X111.474 Y107.136
G1 F1645.1 X105.016 Y108.866 E685.44111
G0 F9000 X105.016 Y108.387
G1 F1645.1 X111.475 Y114.847 E685.74494
G0 F9000 X111.254 Y114.847
G0 X107.463 Y119.09
G0 X107.463 Y119.32
G1 F1645.1 X105.016 Y116.873 E685.86004
G0 F9000 X105.236 Y116.873
G0 X105.236 Y118.947
G0 X104.883 Y118.947
;TYPE:SKIN
G1 F1023.9 X104.297 Y118.947 E685.8886
G1 X104.297 Y101.053 E686.7605
G1 X104.883 Y101.053 E686.78905
G1 X104.883 Y118.947 E687.66096
G0 F9000 X105.236 Y118.947
G0 X111.254 Y118.947
G0 X111.605 Y118.947
G1 F1023.9 X111.605 Y101.053 E688.53286
G1 X112.191 Y101.053 E688.56142
G1 X112.191 Y118.947 E689.43332
G1 X111.605 Y118.947 E689.46187
G0 F9000 X110.954 Y118.79
;MESH:NONMESH
G0 F300 X110.954 Y118.79 Z13.8
G0 F9000 X110 Y119.09
G0 X110 Y119.4
;TIME_ELAPSED:1035.302096
;LAYER:68
;note -- min layer time used
;TYPE:WALL-INNER
;MESH:testprint.stl
G1 F1500 X112.916 Y119.4 E689.55886
G1 X112.916 Y100.6 E690.18415
G1 X104.116 Y100.6 E690.47684
G1 X104.116 Y119.4 E691.10213
G1 X110 Y119.4 E691.29783
G0 F9000 X110 Y119.8
;TYPE:WALL-OUTER
G1 F1500 X113.316 Y119.8 E691.40812
G1 X113.316 Y100.2 E692.06002
G1 X103.716 Y100.2 E692.37932
G1 X103.716 Y119.8 E693.03122
G1 X110 Y119.8 E693.24023
G0 F9000 X109.823 Y119.321
;TYPE:FILL
G1 F1673.4 X111.748 Y112.136 E693.48763
G0 F9000 X111.527 Y112.136
G0 X111.527 Y113.421
G0 X111.747 Y113.421
G1 F1673.4 X105.289 Y115.152 E693.71
G0 F9000 X105.509 Y115.152
G0 X105.509 Y116.945
G0 X105.289 Y116.945
G1 F1673.4 X107.664 Y119.32 E693.82172
G0 F9000 X107.664 Y119.09
G0 X111.527 Y114.919
G0 X111.748 Y114.919
G1 F1673.4 X105.289 Y108.46 E694.12553
G0 F9000 X105.289 Y108.94
G1 F1673.4 X111.747 Y107.21 E694.3479
G0 F9000 X111.748 Y106.434
G1 F1673.4 X105.995 Y100.68 E694.61852
G0 F9000 X105.995 Y100.91
G0 X105.509 Y102.729
G0 X105.289 Y102.729
G1 F1673.4 X111.746 Y100.998 E694.84087
G0 F9000 X111.527 Y100.998
G0 X108.606 Y100.91
G0 X108.606 Y100.68
G1 F1673.4 X105.289 Y113.057 E695.26705
G0 F9000 X105.509 Y113.057
G0 X105.509 Y118.947
G0 X105.155 Y118.947
;TYPE:SKIN
G1 F1023.9 X104.569 Y118.947 E695.29561
G1 X104.569 Y101.053 E696.16751
G1 X105.155 Y101.053 E696.19607
G1 X105.155 Y118.947 E697.06797
G0 F9000 X105.509 Y118.947
G0 X111.527 Y118.948
G0 X111.88 Y118.948
G1 F1025.6 X111.877 Y101.053 E697.93844
G1 F1023.9 X112.463 Y101.053 E697.96699
G1 F1025.6 X112.464 Y118.948 E698.83746
G1 F1027.4 X111.88 Y118.948 E698.86581
G0 F9000 X111.227 Y118.79
;MESH:NONMESH
G0 F300 X111.227 Y118.79 Z14
G0 F9000 X110 Y119.09
G0 X110 Y119.4
;TIME_ELAPSED:1048.687864
;LAYER:69
;note -- min layer time used
;TYPE:WALL-INNER
;MESH:testprint.stl
G1 F1500 X113.188 Y119.4 E698.97185
G1 X113.188 Y100.6 E699.59714
G1 X104.388 Y100.6 E699.88983
G1 X104.388 Y119.4 E700.51512
G1 X110 Y119.4 E700.70177
G0 F9000 X110 Y119.8
;TYPE:WALL-OUTER
G1 F1500 X113.588 Y119.8 E700.82111
G1 X113.588 Y100.2 E701.47301
G1 X103.988 Y100.2 E701.79231
G1 X103.988 Y119.8 E702.44421
G1 X110 Y119.8 E702.64417
G0 F9000 X109.677 Y119.32
;TYPE:FILL
G1 F1703 X112.019 Y110.578 E702.94518
G0 F9000 X111.799 Y110.578
G0 X111.799 Y113.494
G0 X112.019 Y113.494
G1 F1703 X105.561 Y115.225 E703.16756
G0 F9000 X105.781 Y115.225
G0 X105.781 Y117.017
G0 X105.56 Y117.017
G1 F1703 X107.863 Y119.32 E703.27588
G0 F9000 X107.863 Y119.09
G0 X111.799 Y114.991
G0 X112.02 Y114.991
G1 F1703 X105.56 Y108.532 E703.57972
G0 F9000 X105.562 Y109.013
G1 F1703 X112.019 Y107.283 E703.80205
G0 F9000 X112.02 Y106.506
G1 F1703 X106.194 Y100.68 E704.07609
G0 F9000 X106.194 Y100.91
G0 X105.781 Y102.802
G0 X105.561 Y102.802
G1 F1703 X112.018 Y101.071 E704.29843
G0 F9000 X111.799 Y101.071
G0 X108.46 Y100.91
G0 X108.46 Y100.679
G1 F1703 X105.561 Y111.498 E704.67097
G0 F9000 X105.781 Y111.498
G0 X105.781 Y118.947
G0 X105.427 Y118.947
;TYPE:SKIN
G1 F1023.9 X104.841 Y118.947 E704.69952
G1 X104.841 Y101.053 E705.57143
G1 X105.427 Y101.053 E705.59998
G1 X105.427 Y118.947 E706.47189
G0 F9000 X105.781 Y118.947
G0 X111.799 Y118.948
G0 X112.152 Y118.948
G1 F1025.6 X112.149 Y101.053 E707.34235
G1 F1023.9 X112.735 Y101.053 E707.3709
G1 F1025.6 X112.736 Y118.948 E708.24137
G1 F1027.4 X112.152 Y118.948 E708.26973
G0 F9000 X111.499 Y118.79
;MESH:NONMESH
G0 F300 X111.499 Y118.79 Z14.2
G0 F9000 X110 Y119.09
G0 X110 Y119.399
;TIME_ELAPSED:1062.146659
;LAYER:70
;note -- min layer time used
;TYPE:WALL-INNER
;MESH:testprint.stl
G1 F1500 X113.463 Y119.399 E708.38491
G1 X113.46 Y100.6 E709.01017
G1 X104.664 Y100.6 E709.30272
G1 X104.665 Y119.399 E709.92798
G1 X110 Y119.399 E710.10542
G0 F9000 X110 Y119.799
;TYPE:WALL-OUTER
G1 F1500 X113.863 Y119.799 E710.23391
G1 X113.86 Y100.2 E710.88577
G1 X104.264 Y100.2 E711.20494
G1 X104.265 Y119.799 E711.8568
G1 X110 Y119.799 E712.04755
G0 F9000 X109.531 Y119.319
;TYPE:FILL
G1 F1811.9 X112.293 Y109.013 E712.40242
G0 F9000 X112.072 Y109.013
G0 X112.072 Y107.356
G0 X112.292 Y107.356
G1 F1811.9 X105.835 Y109.086 E712.62476
G0 F9000 X105.833 Y108.605
G1 F1811.9 X112.293 Y115.065 E712.92862
G0 F9000 X112.072 Y115.065
G0 X112.072 Y113.567
G0 X112.293 Y113.567
G1 F1811.9 X105.834 Y115.298 E713.15103
G0 F9000 X106.054 Y115.298
G0 X106.054 Y117.091
G0 X105.833 Y117.091
G1 F1811.9 X108.061 Y119.319 E713.25582
G0 F9000 X108.061 Y119.09
G0 X106.054 Y109.934
G0 X105.834 Y109.934
G1 F1811.9 X108.314 Y100.68 E713.57447
G0 F9000 X108.314 Y100.91
G0 X106.393 Y100.91
G0 X106.393 Y100.68
G1 F1811.9 X112.293 Y106.579 E713.85197
G0 F9000 X112.072 Y106.579
G0 X112.072 Y101.144
G0 X112.291 Y101.144
G1 F1811.9 X105.834 Y102.874 E714.0743
G0 F9000 X106.054 Y102.874
G0 X106.054 Y118.944
G0 X105.7 Y118.944
;TYPE:SKIN
G1 F1027.4 X105.116 Y118.944 E714.10266
G1 X105.116 Y101.052 E714.9715
G1 X105.7 Y101.052 E714.99985
G1 X105.7 Y118.944 E715.86869
G0 F9000 X106.054 Y118.944
G0 X112.072 Y118.944
G0 X112.424 Y118.944
G1 F1027.4 X112.424 Y101.052 E716.73752
G1 X113.008 Y101.052 E716.76588
G1 X113.008 Y118.944 E717.63471
G1 X112.424 Y118.944 E717.66307
G0 F9000 X111.772 Y118.79
;MESH:NONMESH
G0 F300 X111.772 Y118.79 Z14.4
G0 F9000 X110 Y119.09
G0 X110 Y119.399
;TIME_ELAPSED:1075.806094
;LAYER:71
;note -- min layer time used
;TYPE:WALL-INNER
;MESH:testprint.stl
G1 F1500 X113.735 Y119.399 E717.78729
G1 X113.732 Y100.6 E718.41255
G1 X104.936 Y100.6 E718.70511
G1 X104.937 Y119.399 E719.33036
G1 X110 Y119.399 E719.49876
G0 F9000 X110 Y119.799
;TYPE:WALL-OUTER
G1 F1500 X114.135 Y119.799 E719.63629
G1 X114.132 Y100.2 E720.28816
G1 X104.536 Y100.2 E720.60732
G1 X104.537 Y119.799 E721.25919
G1 X110 Y119.799 E721.44089
G0 F9000 X109.384 Y119.319
;TYPE:FILL
G1 F1807.8 X112.565 Y107.448 E721.84965
G1 X112.565 Y107.43
G1 X106.107 Y109.16 E722.07201
G0 F9000 X106.106 Y108.677
G1 F1807.8 X112.566 Y115.137 E722.37587
G0 F9000 X112.345 Y115.137
G0 X112.345 Y113.641
G0 X112.565 Y113.641
G1 F1807.8 X106.107 Y115.372 E722.59825
G0 F9000 X106.327 Y115.372
G0 X106.327 Y117.163
G0 X106.106 Y117.163
G1 F1807.8 X108.262 Y119.319 E722.69966
G0 F9000 X108.262 Y119.09
G0 X106.327 Y108.367
G0 X106.107 Y108.367
G1 F1807.8 X108.167 Y100.679 E722.96439
G0 F9000 X108.167 Y100.91
G0 X106.594 Y100.91
G0 X106.594 Y100.68
G1 F1807.8 X112.566 Y106.652 E723.24529
G0 F9000 X112.345 Y106.652
G0 X112.345 Y101.218
G0 X112.565 Y101.218
G1 F1807.8 X106.107 Y102.948 E723.46766
G0 F9000 X106.327 Y102.948
G0 X106.327 Y118.944
G0 X105.972 Y118.944
;TYPE:SKIN
G1 F1027.4 X105.388 Y118.944 E723.49602
G1 X105.388 Y101.052 E724.36485
G1 X105.972 Y101.052 E724.39321
G1 X105.972 Y118.944 E725.26204
G0 F9000 X106.327 Y118.944
G0 X112.345 Y118.944
G0 X112.696 Y118.944
G1 F1027.4 X112.696 Y101.052 E726.13087
G1 X113.28 Y101.052 E726.15923
G1 X113.28 Y118.944 E727.02806
G1 X112.696 Y118.944 E727.05642
G0 F9000 X112.045 Y118.79
;MESH:NONMESH
G0 F300 X112.045 Y118.79 Z14.6
G0 F9000 X110 Y119.09
G0 X110 Y119.4
;TIME_ELAPSED:1089.350007
;LAYER:72
;note -- min layer time used
;TYPE:WALL-INNER
;MESH:testprint.stl
G1 F1500 X114.008 Y119.4 E727.18973
G1 X114.008 Y100.6 E727.81502
G1 X105.208 Y100.6 E728.10771
G1 X105.208 Y119.4 E728.733
G1 X110 Y119.4 E728.89238
G0 F9000 X110 Y119.8
;TYPE:WALL-OUTER
G1 F1500 X114.408 Y119.8 E729.03899
G1 X114.408 Y100.2 E729.69089
G1 X104.808 Y100.2 E730.01019
G1 X104.808 Y119.8 E730.66209
G1 X110 Y119.8 E730.83477
G0 F9000 X109.238 Y119.321
;TYPE:FILL
G1 F1828.4 X112.837 Y105.888 E731.29731
G0 F9000 X112.837 Y106.724
G1 F1828.4 X106.794 Y100.68 E731.58158
G0 F9000 X106.794 Y100.91
G0 X108.021 Y100.91
G0 X108.021 Y100.679
G1 F1828.4 X106.379 Y106.806 E731.79256
G0 F9000 X106.599 Y106.806
G0 X106.599 Y108.75
G0 X106.379 Y108.75
G1 F1828.4 X112.838 Y115.21 E732.09639
G0 F9000 X112.617 Y115.21
G0 X112.617 Y113.714
G0 X112.837 Y113.714
G1 F1828.4 X106.379 Y115.445 E732.31877
G0 F9000 X106.599 Y115.445
G0 X106.599 Y117.235
G0 X106.379 Y117.235
G1 F1828.4 X108.462 Y119.319 E732.41677
G0 F9000 X108.462 Y119.09
G0 X106.599 Y109.233
G0 X106.379 Y109.233
G1 F1828.4 X112.837 Y107.503 E732.63914
G0 F9000 X112.617 Y107.503
G0 X112.617 Y101.291
G0 X112.836 Y101.291
G1 F1828.4 X106.379 Y103.022 E732.86148
G0 F9000 X106.599 Y103.022
G0 X106.599 Y118.948
G0 X106.244 Y118.948
;TYPE:SKIN
G1 F1027.4 X105.66 Y118.948 E732.88984
G1 X105.66 Y101.052 E733.75887
G1 X106.244 Y101.052 E733.78722
G1 X106.244 Y118.948 E734.65625
G0 F9000 X106.599 Y118.948
G0 X112.617 Y118.947
G0 X112.969 Y118.947
G1 F1023.9 X112.969 Y101.053 E735.52816
G1 X113.555 Y101.053 E735.55671
G1 X113.555 Y118.947 E736.42861
G1 X112.969 Y118.947 E736.45717
G0 F9000 X112.317 Y118.79
;MESH:NONMESH
G0 F300 X112.317 Y118.79 Z14.8
G0 F9000 X110 Y119.09
G0 X110 Y119.4
;TIME_ELAPSED:1103.061521
;LAYER:73
;note -- min layer time used
;TYPE:WALL-INNER
;MESH:testprint.stl
G1 F1500 X114.28 Y119.4 E736.59952
G1 X114.28 Y100.6 E737.22481
G1 X105.48 Y100.6 E737.5175
G1 X105.48 Y119.4 E738.14279
G1 X110 Y119.4 E738.29313
G0 F9000 X110 Y119.8
;TYPE:WALL-OUTER
G1 F1500 X114.68 Y119.8 E738.44878
G1 X114.68 Y100.2 E739.10068
G1 X105.08 Y100.2 E739.41998
G1 X105.08 Y119.8 E740.07188
G1 X110 Y119.8 E740.23552
G0 F9000 X110 Y119.09
G0 X109.091 Y119.09
G0 X109.091 Y119.321
;TYPE:FILL
G1 F1667.1 X113.11 Y104.32 E740.75205
G0 F9000 X112.89 Y104.32
G0 X112.89 Y106.796
G0 X113.11 Y106.796
G1 F1667.1 X106.994 Y100.68 E741.03973
G0 F9000 X107.874 Y100.679
G1 F1667.1 X106.652 Y105.24 E741.19678
G0 F9000 X106.872 Y105.24
G0 X106.872 Y103.095
G0 X106.652 Y103.095
G1 F1667.1 X113.109 Y101.365 E741.41911
G0 F9000 X112.89 Y101.365
G0 X112.89 Y107.577
G0 X113.11 Y107.577
G1 F1667.1 X106.653 Y109.307 E741.64145
G0 F9000 X106.652 Y108.822
G1 F1667.1 X113.112 Y115.282 E741.94531
G0 F9000 X112.89 Y115.282
G0 X112.89 Y113.788
G0 X113.111 Y113.788
G1 F1667.1 X106.652 Y115.519 E742.16772
G0 F9000 X106.872 Y115.519
G0 X106.872 Y117.308
G0 X106.652 Y117.308
G1 F1667.1 X108.664 Y119.32 E742.26235
G0 F9000 X108.664 Y119.09
G0 X106.872 Y118.947
G0 X106.519 Y118.947
;TYPE:SKIN
G1 F1023.9 X105.933 Y118.947 E742.29091
G1 X105.933 Y101.053 E743.16281
G1 X106.519 Y101.053 E743.19137
G1 X106.519 Y118.947 E744.06327
G0 F9000 X106.872 Y118.947
G0 X112.89 Y118.947
G0 X113.241 Y118.947
G1 F1023.9 X113.241 Y101.053 E744.93518
G1 X113.827 Y101.053 E744.96373
G1 X113.827 Y118.947 E745.83563
G1 X113.241 Y118.947 E745.86419
G0 F9000 X112.59 Y118.79
;MESH:NONMESH
G0 F300 X112.59 Y118.79 Z15
G0 F9000 X110 Y119.09
G0 X110 Y119.4
;TIME_ELAPSED:1116.565913
;LAYER:74
;note -- min layer time used
;TYPE:WALL-INNER
;MESH:testprint.stl
G1 F1500 X114.552 Y119.4 E746.01559
G1 X114.552 Y100.6 E746.64088
G1 X105.752 Y100.6 E746.93357
G1 X105.752 Y119.4 E747.55886
G1 X110 Y119.4 E747.70015
G0 F9000 X110 Y119.8
;TYPE:WALL-OUTER
G1 F1500 X114.952 Y119.8 E747.86485
G1 X114.952 Y100.2 E748.51675
G1 X105.352 Y100.2 E748.83605
G1 X105.352 Y119.8 E749.48795
G1 X110 Y119.8 E749.64254
G0 F9000 X110 Y119.09
G0 X108.945 Y119.09
G0 X108.945 Y119.321
;TYPE:FILL
G1 F1599.5 X113.382 Y102.759 E750.21282
G0 F9000 X113.163 Y102.759
G0 X113.163 Y101.438
G0 X113.382 Y101.438
G1 F1599.5 X106.926 Y103.168 E750.43512
G0 F9000 X106.926 Y103.674
G1 F1599.5 X107.728 Y100.68 E750.53821
G0 F9000 X107.194 Y100.68
G1 F1599.5 X113.383 Y106.869 E750.82932
G0 F9000 X113.383 Y107.649
G1 F1599.5 X106.926 Y109.38 E751.05167
G0 F9000 X106.924 Y108.896
G1 F1599.5 X113.385 Y115.356 E751.35555
G0 F9000 X113.163 Y115.356
G0 X113.163 Y113.861
G0 X113.383 Y113.861
G1 F1599.5 X106.926 Y115.591 E751.57789
G0 F9000 X107.145 Y115.591
G0 X107.145 Y117.381
G0 X106.924 Y117.381
G1 F1599.5 X108.863 Y119.32 E751.66909
G0 F9000 X108.863 Y119.09
G0 X107.145 Y118.947
G0 X106.791 Y118.947
;TYPE:SKIN
G1 F1023.9 X106.205 Y118.947 E751.69764
G1 X106.205 Y101.053 E752.56955
G1 X106.791 Y101.053 E752.5981
G1 X106.791 Y118.947 E753.47001
G0 F9000 X107.145 Y118.947
G0 X113.163 Y118.948
G0 X113.516 Y118.948
G1 F1025.6 X113.513 Y101.053 E754.34047
G1 F1023.9 X114.099 Y101.053 E754.36903
G1 F1025.6 X114.1 Y118.948 E755.23949
G1 F1027.4 X113.516 Y118.948 E755.26785
G0 F9000 X112.863 Y118.79
;MESH:NONMESH
G0 F300 X112.863 Y118.79 Z15.2
G0 F9000 X110 Y119.09
G0 X110 Y119.4
;TIME_ELAPSED:1129.796622
;LAYER:75
;note -- min layer time used
;TYPE:WALL-INNER
;MESH:testprint.stl
G1 F1500 X114.824 Y119.4 E755.4283
G1 X114.824 Y100.6 E756.05359
G1 X106.024 Y100.6 E756.34628
G1 X106.024 Y119.4 E756.97157
G1 X110 Y119.4 E757.10381
G0 F9000 X110 Y119.8
;TYPE:WALL-OUTER
G1 F1500 X115.224 Y119.8 E757.27756
G1 X115.224 Y100.2 E757.92946
G1 X105.624 Y100.2 E758.24876
G1 X105.624 Y119.8 E758.90066
G1 X110 Y119.8 E759.0462
G0 F9000 X110 Y119.09
G0 X109.064 Y119.09
G0 X109.064 Y119.32
;TYPE:FILL
G1 F1599.5 X107.197 Y117.453 E759.13402
G0 F9000 X107.417 Y117.453
G0 X107.417 Y115.666
G0 X107.197 Y115.666
G1 F1599.5 X113.655 Y113.935 E759.3564
G0 F9000 X113.435 Y113.935
G0 X113.435 Y115.427
G0 X113.656 Y115.427
G1 F1599.5 X107.197 Y108.967 E759.66023
G0 F9000 X107.197 Y109.454
G1 F1599.5 X113.655 Y107.724 E759.8826
G0 F9000 X113.656 Y106.941
G1 F1599.5 X107.395 Y100.68 E760.1771
G1 X107.581 Y100.68
G1 X107.197 Y102.113 E760.22644
G0 F9000 X107.417 Y102.113
G0 X107.417 Y103.242
G0 X107.197 Y103.242
G1 F1599.5 X113.654 Y101.512 E760.44878
G0 F9000 X113.655 Y101.194
G1 F1599.5 X108.798 Y119.321 E761.07295
G0 F9000 X108.798 Y119.09
G0 X107.417 Y118.947
G0 X107.063 Y118.947
;TYPE:SKIN
G1 F1023.9 X106.477 Y118.947 E761.1015
G1 X106.477 Y101.053 E761.97341
G1 X107.063 Y101.053 E762.00196
G1 X107.063 Y118.947 E762.87387
G0 F9000 X107.417 Y118.947
G0 X113.435 Y118.948
G0 X113.788 Y118.948
G1 F1025.6 X113.785 Y101.053 E763.74433
G1 F1023.9 X114.371 Y101.053 E763.77289
G1 F1025.6 X114.372 Y118.948 E764.64335
G1 F1027.4 X113.788 Y118.948 E764.67171
G0 F9000 X113.135 Y118.79
;MESH:NONMESH
G0 F300 X113.135 Y118.79 Z15.4
G0 F9000 X110 Y119.09
G0 X110 Y119.4
;TIME_ELAPSED:1142.973180
;LAYER:76
;note -- min layer time used
;TYPE:WALL-INNER
;MESH:testprint.stl
G1 F1500 X115.096 Y119.4 E764.8412
G1 X115.096 Y100.6 E765.46649
G1 X106.296 Y100.6 E765.75918
G1 X106.296 Y119.4 E766.38447
G1 X110 Y119.4 E766.50767
G0 F9000 X110 Y119.8
;TYPE:WALL-OUTER
G1 F1500 X115.496 Y119.8 E766.69047
G1 X115.496 Y100.2 E767.34237
G1 X105.896 Y100.2 E767.66166
G1 X105.896 Y119.8 E768.31356
G1 X110 Y119.8 E768.45006
G0 F9000 X109.264 Y119.32
;TYPE:FILL
G1 F1556.5 X107.47 Y117.526 E768.53445
G0 F9000 X107.69 Y117.526
G0 X107.69 Y115.738
G0 X107.471 Y115.738
G1 F1556.5 X113.928 Y114.008 E768.75678
G0 F9000 X113.708 Y114.008
G0 X113.708 Y115.5
G0 X113.929 Y115.5
G1 F1556.5 X107.47 Y109.041 E769.06059
G0 F9000 X107.471 Y109.527
G1 F1556.5 X113.928 Y107.796 E769.28294
G0 F9000 X113.929 Y107.015
G1 F1556.5 X107.594 Y100.68 E769.58091
G0 F9000 X107.594 Y100.91
G0 X107.69 Y103.315
G0 X107.471 Y103.315
G1 F1556.5 X113.927 Y101.585 E769.80322
G0 F9000 X113.647 Y100.679
G1 F1556.5 X108.652 Y119.32 E770.44509
G0 F9000 X108.652 Y119.09
G0 X107.69 Y118.947
G0 X107.335 Y118.947
;TYPE:SKIN
G1 F1023.9 X106.749 Y118.947 E770.47365
G1 X106.749 Y101.053 E771.34555
G1 X107.335 Y101.053 E771.3741
G1 X107.335 Y118.947 E772.24601
G0 F9000 X107.69 Y118.947
G0 X113.708 Y118.948
G0 X114.06 Y118.948
G1 F1027.4 X114.06 Y101.052 E773.11504
G1 X114.644 Y101.052 E773.14339
G1 X114.644 Y118.948 E774.01242
G1 X114.06 Y118.948 E774.04078
G0 F9000 X113.408 Y118.79
;MESH:NONMESH
G0 F300 X113.408 Y118.79 Z15.6
G0 F9000 X110 Y119.09
G0 X110 Y119.399
;TIME_ELAPSED:1156.086396
;LAYER:77
;note -- min layer time used
;TYPE:WALL-INNER
;MESH:testprint.stl
G1 F1500 X115.371 Y119.399 E774.21942
G1 X115.368 Y100.6 E774.84468
G1 X106.572 Y100.6 E775.13723
G1 X106.573 Y119.399 E775.76249
G1 X110 Y119.399 E775.87647
G0 F9000 X110 Y119.799
;TYPE:WALL-OUTER
G1 F1500 X115.771 Y119.799 E776.06842
G1 X115.768 Y100.2 E776.72028
G1 X106.172 Y100.2 E777.03945
G1 X106.173 Y119.799 E777.69131
G1 X110 Y119.799 E777.8186
G0 F9000 X109.462 Y119.319
;TYPE:FILL
G1 F1555 X107.743 Y117.6 E777.89946
G0 F9000 X107.963 Y117.6
G0 X107.963 Y115.811
G0 X107.743 Y115.811
G1 F1555 X114.201 Y114.081 E778.12182
G0 F9000 X113.98 Y114.081
G0 X113.98 Y115.573
G0 X114.201 Y115.573
G1 F1555 X107.743 Y109.114 E778.42561
G0 F9000 X107.744 Y109.599
G1 F1555 X114.2 Y107.869 E778.64791
G0 F9000 X114.201 Y107.087
G1 F1555 X107.793 Y100.68 E778.9493
G0 F9000 X107.933 Y100.88
G0 X107.963 Y103.388
G0 X107.744 Y103.388
G1 F1555 X114.2 Y101.658 E779.17161
G0 F9000 X113.98 Y101.658
G0 X113.501 Y100.91
G0 X113.501 Y100.68
G1 F1555 X108.506 Y119.319 E779.81342
G0 F9000 X107.608 Y118.944
;TYPE:SKIN
G1 F1027.4 X107.024 Y118.944 E779.84178
G1 X107.024 Y101.052 E780.71061
G1 X107.608 Y101.052 E780.73897
G1 X107.608 Y118.944 E781.6078
G0 F9000 X107.963 Y118.944
G0 X113.98 Y118.944
G0 X114.332 Y118.944
G1 F1027.4 X114.332 Y101.052 E782.47663
G1 X114.916 Y101.052 E782.50499
G1 X114.916 Y118.944 E783.37382
G1 X114.332 Y118.944 E783.40218
G0 F9000 X113.68 Y118.79
;MESH:NONMESH
G0 F300 X113.68 Y118.79 Z15.8
G0 F9000 X110 Y119.09
G0 X110 Y119.4
;TIME_ELAPSED:1169.183333
;LAYER:78
;note -- min layer time used
;TYPE:WALL-INNER
;MESH:testprint.stl
G1 F1500 X115.644 Y119.4 E783.5899
G1 X115.644 Y100.6 E784.21519
G1 X106.844 Y100.6 E784.50788
G1 X106.844 Y119.4 E785.13317
G1 X110 Y119.4 E785.23814
G0 F9000 X110 Y119.8
;TYPE:WALL-OUTER
G1 F1500 X116.044 Y119.8 E785.43916
G1 X116.044 Y100.2 E786.09106
G1 X106.444 Y100.2 E786.41036
G1 X106.444 Y119.8 E787.06226
G1 X110 Y119.8 E787.18053
G0 F9000 X109.664 Y119.32
;TYPE:FILL
G1 F1576.8 X108.015 Y117.671 E787.2581
G0 F9000 X108.235 Y117.671
G0 X108.359 Y119.09
G0 X108.359 Y119.321
G1 F1576.8 X113.354 Y100.68 E787.89997
G0 F9000 X113.354 Y100.91
G0 X114.253 Y101.732
G0 X114.473 Y101.732
G1 F1576.8 X108.015 Y103.462 E788.12234
G0 F9000 X108.235 Y103.462
G0 X108.205 Y100.88
G0 X108.015 Y100.7
G1 F1576.8 X114.474 Y107.159 E788.42615
G0 F9000 X114.473 Y107.943
G1 F1576.8 X108.016 Y109.673 E788.64848
G0 F9000 X108.015 Y109.186
G1 F1576.8 X114.474 Y115.644 E788.95227
G0 F9000 X114.253 Y115.644
G0 X114.253 Y114.155
G0 X114.473 Y114.155
G1 F1576.8 X108.016 Y115.885 E789.17461
G0 F9000 X108.235 Y115.885
G0 X108.235 Y118.948
G0 X107.88 Y118.948
;TYPE:SKIN
G1 F1027.4 X107.296 Y118.948 E789.20297
G1 X107.296 Y101.052 E790.07199
G1 X107.88 Y101.052 E790.10035
G1 X107.88 Y118.948 E790.96938
G0 F9000 X108.235 Y118.948
G0 X114.253 Y118.947
G0 X114.605 Y118.947
G1 F1023.9 X114.605 Y101.053 E791.84128
G1 X115.191 Y101.053 E791.86984
G1 X115.191 Y118.947 E792.74174
G1 X114.605 Y118.947 E792.77029
G0 F9000 X113.953 Y118.79
;MESH:NONMESH
G0 F300 X113.953 Y118.79 Z16
G0 F9000 X110 Y119.09
G0 X110 Y119.4
;TIME_ELAPSED:1182.374900
;LAYER:79
;note -- min layer time used
;TYPE:WALL-INNER
;MESH:testprint.stl
G1 F1500 X115.916 Y119.4 E792.96706
G1 X115.916 Y100.6 E793.59235
G1 X107.116 Y100.6 E793.88504
G1 X107.116 Y119.4 E794.51033
G1 X110 Y119.4 E794.60625
G0 F9000 X110 Y119.8
;TYPE:WALL-OUTER
G1 F1500 X116.316 Y119.8 E794.81633
G1 X116.316 Y100.2 E795.46822
G1 X106.716 Y100.2 E795.78752
G1 X106.716 Y119.8 E796.43942
G1 X110 Y119.8 E796.54865
G0 F9000 X109.863 Y119.32
;TYPE:FILL
G1 F1644.3 X108.288 Y117.745 E796.62273
G0 F9000 X108.508 Y117.745
G0 X108.508 Y119.041
G0 X108.288 Y119.041
G1 F1644.3 X113.208 Y100.68 E797.25496
G0 F9000 X113.208 Y100.91
G0 X114.526 Y101.805
G0 X114.746 Y101.805
G1 F1644.3 X108.289 Y103.535 E797.4773
G0 F9000 X108.508 Y103.535
G0 X108.478 Y100.88
G0 X108.288 Y100.774
G1 F1644.3 X114.746 Y107.233 E797.78109
G0 F9000 X114.746 Y108.016
G1 F1644.3 X108.288 Y109.746 E798.00345
G0 F9000 X108.288 Y109.259
G1 F1644.3 X114.746 Y115.718 E798.30724
G0 F9000 X114.526 Y115.718
G0 X114.526 Y114.228
G0 X114.746 Y114.228
G1 F1644.3 X108.288 Y115.958 E798.52961
G0 F9000 X108.508 Y115.958
G0 X114.526 Y118.119
G0 X114.746 Y118.119
G1 F1644.3 X114.424 Y119.321 E798.571
G0 F9000 X114.877 Y118.947
;TYPE:SKIN
G1 F1023.9 X114.877 Y101.053 E799.4429
G1 X115.463 Y101.053 E799.47146
G1 X115.463 Y118.947 E800.34336
G1 X114.877 Y118.947 E800.37191
G0 F9000 X114.526 Y118.947
G0 X108.508 Y118.947
G0 X108.155 Y118.947
G1 F1023.9 X107.569 Y118.947 E800.40047
G1 X107.569 Y101.053 E801.27237
G1 X108.155 Y101.053 E801.30093
G1 X108.155 Y118.947 E802.17283
G0 F9000 X108.808 Y118.79
;MESH:NONMESH
G0 F300 X108.808 Y118.79 Z16.2
G0 F9000 X110 Y119.09
G0 X110 Y119.4
;TIME_ELAPSED:1195.575954
;LAYER:80
;note -- min layer time used
;TYPE:WALL-INNER
;MESH:testprint.stl
G1 F1500 X116.188 Y119.4 E802.37864
G1 X116.188 Y100.6 E803.00394
G1 X107.388 Y100.6 E803.29662
G1 X107.388 Y119.4 E803.92192
G1 X110 Y119.4 E804.00879
G0 F9000 X110 Y119.8
;TYPE:WALL-OUTER
G1 F1500 X116.588 Y119.8 E804.22791
G1 X116.588 Y100.2 E804.87981
G1 X106.988 Y100.2 E805.1991
G1 X106.988 Y119.8 E805.851
G1 X110 Y119.8 E805.95118
G0 F9000 X110.063 Y119.319
;TYPE:FILL
G1 F1614.8 X108.56 Y117.816 E806.02188
G0 F9000 X108.56 Y117.476
G1 F1614.8 X113.061 Y100.68 E806.60023
G0 F9000 X113.061 Y100.91
G0 X114.798 Y101.879
G0 X115.017 Y101.879
G1 F1614.8 X108.561 Y103.609 E806.82253
G0 F9000 X108.78 Y103.609
G0 X108.78 Y100.845
G0 X108.56 Y100.845
G1 F1614.8 X115.019 Y107.304 E807.12634
G0 F9000 X115.018 Y108.09
G1 F1614.8 X108.561 Y109.82 E807.34868
G0 F9000 X108.56 Y109.331
G1 F1614.8 X115.019 Y115.79 E807.65249
G0 F9000 X115.019 Y116.555
G1 F1614.8 X114.278 Y119.32 E807.7477
G0 F9000 X114.278 Y119.09
G0 X114.798 Y114.302
G0 X115.019 Y114.302
G1 F1614.8 X108.56 Y116.032 E807.9701
G0 F9000 X108.78 Y116.032
G0 X108.78 Y118.947
G0 X108.427 Y118.947
;TYPE:SKIN
G1 F1023.9 X107.841 Y118.947 E807.99865
G1 X107.841 Y101.053 E808.87056
G1 X108.427 Y101.053 E808.89911
G1 X108.427 Y118.947 E809.77101
G0 F9000 X108.78 Y118.947
G0 X114.798 Y118.947
G0 X115.149 Y118.947
G1 F1023.9 X115.149 Y101.053 E810.64292
G1 X115.735 Y101.053 E810.67147
G1 X115.735 Y118.947 E811.54338
G1 X115.149 Y118.947 E811.57193
G0 F9000 X114.498 Y118.79
;MESH:NONMESH
G0 F300 X114.498 Y118.79 Z16.4
G0 F9000 X110 Y119.09
G0 X110 Y119.4
;TIME_ELAPSED:1208.863641
;LAYER:81
;note -- min layer time used
;TYPE:WALL-INNER
;MESH:testprint.stl
G1 F1500 X116.46 Y119.4 E811.78679
G1 X116.46 Y100.6 E812.41208
G1 X107.66 Y100.6 E812.70477
G1 X107.66 Y119.4 E813.33006
G1 X110 Y119.4 E813.40789
G0 F9000 X110 Y119.8
;TYPE:WALL-OUTER
G1 F1500 X116.86 Y119.8 E813.63606
G1 X116.86 Y100.2 E814.28795
G1 X107.26 Y100.2 E814.60725
G1 X107.26 Y119.8 E815.25915
G1 X110 Y119.8 E815.35028
G0 F9000 X110.263 Y119.32
;TYPE:FILL
G1 F1640.8 X108.833 Y117.89 E815.41755
G0 F9000 X109.053 Y117.89
G0 X109.053 Y116.105
G0 X108.834 Y116.105
G1 F1640.8 X115.291 Y114.375 E815.63988
G0 F9000 X115.292 Y114.991
G1 F1640.8 X114.131 Y119.321 E815.78898
G0 F9000 X114.131 Y119.09
G0 X115.071 Y115.864
G0 X115.292 Y115.864
G1 F1640.8 X108.833 Y109.404 E816.09282
G0 F9000 X108.833 Y109.893
G1 F1640.8 X115.291 Y108.163 E816.31519
G0 F9000 X115.292 Y107.378
G1 F1640.8 X108.833 Y100.919 E816.619
G0 F9000 X109.053 Y100.919
G0 X109.053 Y103.682
G0 X108.833 Y103.682
G1 F1640.8 X115.29 Y101.952 E816.84133
G0 F9000 X115.071 Y101.952
G0 X112.915 Y100.91
G0 X112.915 Y100.679
G1 F1640.8 X108.833 Y115.912 E817.36586
G0 F9000 X109.053 Y115.912
G0 X109.053 Y118.947
G0 X108.699 Y118.947
;TYPE:SKIN
G1 F1023.9 X108.113 Y118.947 E817.39441
G1 X108.113 Y101.053 E818.26632
G1 X108.699 Y101.053 E818.29487
G1 X108.699 Y118.947 E819.16678
G0 F9000 X109.053 Y118.947
G0 X115.071 Y118.948
G0 X115.424 Y118.948
G1 F1025.6 X115.421 Y101.053 E820.03724
G1 F1023.9 X116.007 Y101.053 E820.0658
G1 F1025.6 X116.008 Y118.948 E820.93626
G1 F1027.4 X115.424 Y118.948 E820.96462
G0 F9000 X114.771 Y118.79
;MESH:NONMESH
G0 F300 X114.771 Y118.79 Z16.6
G0 F9000 X110 Y119.09
G0 X110 Y119.4
;TIME_ELAPSED:1222.213783
;LAYER:82
;note -- min layer time used
;TYPE:WALL-INNER
;MESH:testprint.stl
G1 F1500 X116.732 Y119.4 E821.18853
G1 X116.732 Y100.6 E821.81382
G1 X107.932 Y100.6 E822.10651
G1 X107.932 Y119.4 E822.7318
G1 X110 Y119.4 E822.80058
G0 F9000 X110 Y119.8
;TYPE:WALL-OUTER
G1 F1500 X117.132 Y119.8 E823.03779
G1 X117.132 Y100.2 E823.68969
G1 X107.532 Y100.2 E824.00899
G1 X107.532 Y119.8 E824.66089
G1 X110 Y119.8 E824.74297
G0 F9000 X110.463 Y119.32
;TYPE:FILL
G1 F1660.9 X109.106 Y117.963 E824.8068
G0 F9000 X109.326 Y117.963
G0 X109.326 Y116.178
G0 X109.107 Y116.178
G1 F1660.9 X115.564 Y114.448 E825.02914
G0 F9000 X115.344 Y114.448
G0 X115.344 Y113.426
G0 X115.565 Y113.426
G1 F1660.9 X113.986 Y119.32 E825.23208
G0 F9000 X113.986 Y119.09
G0 X115.344 Y115.937
G0 X115.565 Y115.937
G1 F1660.9 X109.106 Y109.478 E825.5359
G0 F9000 X109.106 Y109.966
G1 F1660.9 X115.564 Y108.236 E825.75826
G0 F9000 X115.565 Y107.452
G1 F1660.9 X109.106 Y100.993 E826.06208
G0 F9000 X109.326 Y100.993
G0 X109.326 Y103.755
G0 X109.106 Y103.755
G1 F1660.9 X115.564 Y102.024 E826.28445
G0 F9000 X115.344 Y102.024
G0 X112.769 Y100.91
G0 X112.769 Y100.679
G1 F1660.9 X109.106 Y114.348 E826.75513
G0 F9000 X109.326 Y114.348
G0 X109.326 Y118.947
G0 X108.971 Y118.947
;TYPE:SKIN
G1 F1023.9 X108.385 Y118.947 E826.78368
G1 X108.385 Y101.053 E827.65558
G1 X108.971 Y101.053 E827.68414
G1 X108.971 Y118.947 E828.55604
G0 F9000 X109.326 Y118.947
G0 X115.344 Y118.948
G0 X115.696 Y118.948
G1 F1027.4 X115.696 Y101.052 E829.42507
G1 X116.28 Y101.052 E829.45343
G1 X116.28 Y118.948 E830.32245
G1 X115.696 Y118.948 E830.35081
G0 F9000 X115.044 Y118.79
;MESH:NONMESH
G0 F300 X115.044 Y118.79 Z16.8
G0 F9000 X110 Y119.09
G0 X110 Y119.399
;TIME_ELAPSED:1235.659310
;LAYER:83
;note -- min layer time used
;TYPE:WALL-INNER
;MESH:testprint.stl
G1 F1500 X117.007 Y119.399 E830.58387
G1 X117.004 Y100.6 E831.20912
G1 X108.208 Y100.6 E831.50168
G1 X108.209 Y119.399 E832.12694
G1 X110 Y119.399 E832.18651
G0 F9000 X110 Y119.799
;TYPE:WALL-OUTER
G1 F1500 X117.407 Y119.799 E832.43286
G1 X117.404 Y100.2 E833.08473
G1 X107.808 Y100.2 E833.40389
G1 X107.809 Y119.799 E834.05576
G1 X110 Y119.799 E834.12863
G0 F9000 X110.662 Y119.319
;TYPE:FILL
G1 F1663.7 X109.377 Y118.034 E834.18907
G0 F9000 X109.598 Y118.034
G0 X109.598 Y116.252
G0 X109.378 Y116.252
G1 F1663.7 X115.836 Y114.522 E834.41144
G0 F9000 X115.616 Y114.522
G0 X115.616 Y116.008
G0 X115.837 Y116.008
G1 F1663.7 X109.377 Y109.549 E834.71528
G0 F9000 X109.379 Y110.04
G1 F1663.7 X115.836 Y108.31 E834.93761
G0 F9000 X115.837 Y107.523
G1 F1663.7 X109.377 Y101.063 E835.24147
G0 F9000 X109.598 Y101.063
G0 X109.598 Y103.829
G0 X109.379 Y103.829
G1 F1663.7 X115.835 Y102.099 E835.46377
G0 F9000 X115.616 Y102.099
G0 X112.622 Y100.91
G0 X112.622 Y100.679
G1 F1663.7 X109.378 Y112.784 E835.88059
G0 F9000 X109.598 Y112.784
G0 X115.616 Y111.863
G0 X115.837 Y111.863
G1 F1663.7 X113.839 Y119.319 E836.13733
G0 F9000 X113.839 Y119.09
G0 X115.616 Y118.944
G0 X115.968 Y118.944
;TYPE:SKIN
G1 F1027.4 X115.968 Y101.052 E837.00616
G1 X116.552 Y101.052 E837.03452
G1 X116.552 Y118.944 E837.90335
G1 X115.968 Y118.944 E837.93171
G0 F9000 X115.616 Y118.944
G0 X109.598 Y118.944
G0 X109.244 Y118.944
G1 F1027.4 X108.66 Y118.944 E837.96007
G1 X108.66 Y101.052 E838.8289
G1 X109.244 Y101.052 E838.85726
G1 X109.244 Y118.944 E839.72609
G0 F9000 X109.898 Y118.79
;MESH:NONMESH
G0 F300 X109.898 Y118.79 Z17
G0 F9000 X110 Y119.399
;TIME_ELAPSED:1248.919661
;LAYER:84
;note -- min layer time used
;TYPE:WALL-INNER
;MESH:testprint.stl
G1 F1500 X117.279 Y119.399 E839.9682
G1 X117.276 Y100.6 E840.59345
G1 X108.48 Y100.6 E840.88601
G1 X108.481 Y119.399 E841.51127
G1 X110 Y119.399 E841.56179
G0 F9000 X110 Y119.799
;TYPE:WALL-OUTER
G1 F1500 X117.679 Y119.799 E841.81719
G1 X117.676 Y100.2 E842.46906
G1 X108.08 Y100.2 E842.78822
G1 X108.081 Y119.799 E843.44009
G1 X110 Y119.799 E843.50391
G0 F9000 X110.862 Y119.319
;TYPE:FILL
G1 F1633.6 X109.65 Y118.107 E843.56092
G0 F9000 X109.871 Y118.107
G0 X109.871 Y116.325
G0 X109.651 Y116.325
G1 F1633.6 X116.11 Y114.594 E843.78333
G0 F9000 X115.889 Y114.594
G0 X115.889 Y116.081
G0 X116.11 Y116.081
G1 F1633.6 X109.65 Y109.622 E844.08717
G0 F9000 X109.652 Y110.113
G1 F1633.6 X116.109 Y108.383 E844.3095
G0 F9000 X116.11 Y107.596
G1 F1633.6 X109.65 Y101.137 E844.61334
G0 F9000 X109.871 Y101.137
G0 X109.871 Y103.901
G0 X109.652 Y103.901
G1 F1633.6 X116.109 Y102.171 E844.83567
G0 F9000 X115.889 Y102.171
G0 X112.476 Y100.91
G0 X112.476 Y100.679
G1 F1633.6 X109.651 Y111.221 E845.19867
G0 F9000 X109.871 Y111.221
G0 X115.889 Y110.3
G0 X116.11 Y110.3
G1 F1633.6 X113.693 Y119.32 E845.50926
G0 F9000 X113.693 Y119.09
G0 X115.889 Y118.944
G0 X116.24 Y118.944
;TYPE:SKIN
G1 F1027.4 X116.24 Y101.052 E846.37809
G1 X116.824 Y101.052 E846.40645
G1 X116.824 Y118.944 E847.27528
G1 X116.24 Y118.944 E847.30364
G0 F9000 X115.889 Y118.944
G0 X109.871 Y118.944
G0 X109.516 Y118.944
G1 F1027.4 X108.932 Y118.944 E847.332
G1 X108.932 Y101.052 E848.20083
G1 X109.516 Y101.052 E848.22919
G1 X109.516 Y118.944 E849.09802
G0 F9000 X110.171 Y118.79
;MESH:NONMESH
G0 F300 X110.171 Y118.79 Z17.2
G0 F9000 X110 Y119.4
;TIME_ELAPSED:1262.239778
;LAYER:85
;note -- min layer time used
;TYPE:WALL-INNER
;MESH:testprint.stl
G1 F1500 X117.552 Y119.4 E849.34921
G1 X117.552 Y100.6 E849.9745
G1 X108.752 Y100.6 E850.26719
G1 X108.752 Y119.4 E850.89248
G1 X110 Y119.4 E850.93398
G0 F9000 X110 Y119.8
;TYPE:WALL-OUTER
G1 F1500 X117.952 Y119.8 E851.19847
G1 X117.952 Y100.2 E851.85037
G1 X108.352 Y100.2 E852.16966
G1 X108.352 Y119.8 E852.82156
G1 X110 Y119.8 E852.87638
G0 F9000 X110.114 Y119.12
G0 X111.064 Y119.09
G0 X111.064 Y119.32
;TYPE:FILL
G1 F1656.4 X109.924 Y118.18 E852.93
G0 F9000 X110.144 Y118.18
G0 X110.144 Y116.399
G0 X109.925 Y116.399
G1 F1656.4 X116.382 Y114.668 E853.15234
G0 F9000 X116.162 Y114.668
G0 X116.162 Y116.154
G0 X116.383 Y116.154
G1 F1656.4 X109.924 Y109.695 E853.45615
G1 X109.924 Y109.654
G1 X112.329 Y100.679 E853.7652
G0 F9000 X112.329 Y100.91
G0 X110.144 Y101.21
G0 X109.924 Y101.21
G1 F1656.4 X116.383 Y107.668 E854.06898
G0 F9000 X116.381 Y108.457
G1 F1656.4 X109.925 Y110.187 E854.29129
G0 F9000 X110.144 Y110.187
G0 X110.144 Y103.975
G0 X109.925 Y103.975
G1 F1656.4 X116.381 Y102.245 E854.51359
G0 F9000 X116.162 Y102.245
G0 X116.162 Y108.734
G0 X116.382 Y108.734
G1 F1656.4 X113.546 Y119.32 E854.8781
G0 F9000 X113.546 Y119.09
G0 X116.162 Y118.947
G0 X116.513 Y118.947
;TYPE:SKIN
G1 F1023.9 X116.513 Y101.053 E855.75
G1 X117.099 Y101.053 E855.77856
G1 X117.099 Y118.947 E856.65046
G1 X116.513 Y118.947 E856.67901
G0 F9000 X116.162 Y118.947
G0 X110.144 Y118.947
G0 X109.791 Y118.947
G1 F1023.9 X109.205 Y118.947 E856.70757
G1 X109.205 Y101.053 E857.57947
G1 X109.791 Y101.053 E857.60803
G1 X109.791 Y118.947 E858.47993
G0 F9000 X110.444 Y118.79
;MESH:NONMESH
G0 F300 X110.444 Y118.79 Z17.4
G0 F9000 X110 Y119.4
;TIME_ELAPSED:1275.657590
;LAYER:86
;note -- min layer time used
;TYPE:WALL-INNER
;MESH:testprint.stl
G1 F1500 X117.824 Y119.4 E858.74016
G1 X117.824 Y100.6 E859.36545
G1 X109.024 Y100.6 E859.65814
G1 X109.024 Y119.4 E860.28343
G1 X110 Y119.4 E860.31589
G0 F9000 X110 Y119.8
;TYPE:WALL-OUTER
G1 F1500 X118.224 Y119.8 E860.58942
G1 X118.224 Y100.2 E861.24132
G1 X108.624 Y100.2 E861.56062
G1 X108.624 Y119.8 E862.21252
G1 X110 Y119.8 E862.25828
G0 F9000 X110.386 Y119.12
G0 X111.263 Y119.09
G0 X111.263 Y119.32
;TYPE:FILL
G1 F1627.6 X110.196 Y118.252 E862.30849
G0 F9000 X110.416 Y118.252
G0 X110.416 Y116.472
G0 X110.197 Y116.472
G1 F1627.6 X116.654 Y114.741 E862.53084
G0 F9000 X116.434 Y114.741
G0 X116.434 Y116.227
G0 X116.656 Y116.227
G1 F1627.6 X110.196 Y109.767 E862.8347
G0 F9000 X110.196 Y110.26
G1 F1627.6 X116.654 Y108.53 E863.05706
G0 F9000 X116.655 Y107.741
G1 F1627.6 X110.196 Y101.282 E863.36088
G0 F9000 X110.416 Y101.282
G0 X112.183 Y100.91
G0 X112.183 Y100.68
G1 F1627.6 X110.196 Y108.095 E863.6162
G0 F9000 X110.416 Y108.095
G0 X110.416 Y104.048
G0 X110.197 Y104.048
G1 F1627.6 X116.654 Y102.318 E863.83854
G0 F9000 X116.434 Y102.318
G0 X116.434 Y107.174
G0 X116.654 Y107.174
G1 F1627.6 X113.4 Y119.321 E864.25679
G0 F9000 X113.4 Y119.09
G0 X110.416 Y118.947
G0 X110 Y118.947
;TYPE:SKIN
G1 F1023.9 X109.477 Y118.947 E864.28228
G1 X109.477 Y101.053 E865.15418
G1 X110.063 Y101.053 E865.18273
G1 X110.063 Y118.947 E866.05464
G1 X110 Y118.947 E866.05771
G0 F9000 X110.416 Y118.947
G0 X116.434 Y118.947
G0 X116.785 Y118.947
G1 F1023.9 X116.785 Y101.053 E866.92961
G1 X117.371 Y101.053 E866.95817
G1 X117.371 Y118.947 E867.83007
G1 X116.785 Y118.947 E867.85863
G0 F9000 X116.134 Y118.79
;MESH:NONMESH
G0 F300 X116.134 Y118.79 Z17.6
G0 F9000 X110.386 Y119.12
G0 X110 Y119.4
;TIME_ELAPSED:1289.245869
;LAYER:87
;note -- min layer time used
;TYPE:WALL-INNER
;MESH:testprint.stl
G1 F1500 X118.096 Y119.4 E868.1279
G1 X118.096 Y100.6 E868.75319
G1 X109.296 Y100.6 E869.04588
G1 X109.296 Y119.4 E869.67117
G1 X110 Y119.4 E869.69458
G0 F9000 X110 Y119.8
;TYPE:WALL-OUTER
G1 F1500 X118.496 Y119.8 E869.97716
G1 X118.496 Y100.2 E870.62906
G1 X108.896 Y100.2 E870.94836
G1 X108.896 Y119.8 E871.60026
G1 X110 Y119.8 E871.63698
G0 F9000 X110.659 Y119.12
G0 X111.464 Y119.09
G0 X111.464 Y119.32
;TYPE:FILL
G1 F1637.9 X110.468 Y118.324 E871.68383
G0 F9000 X110.689 Y118.324
G0 X110.689 Y116.545
G0 X110.47 Y116.545
G1 F1637.9 X116.927 Y114.815 E871.90616
G0 F9000 X116.707 Y114.815
G0 X116.707 Y116.299
G0 X116.929 Y116.299
G1 F1637.9 X110.468 Y109.839 E872.21004
G0 F9000 X110.47 Y110.334
G1 F1637.9 X116.927 Y108.604 E872.43238
G0 F9000 X116.928 Y107.813
G1 F1637.9 X110.468 Y101.354 E872.73621
G0 F9000 X110.689 Y101.354
G0 X112.036 Y100.91
G0 X112.036 Y100.68
G1 F1637.9 X110.469 Y106.526 E872.93752
G0 F9000 X110.689 Y106.526
G0 X110.689 Y104.122
G0 X110.47 Y104.122
G1 F1637.9 X116.926 Y102.392 E873.15982
G0 F9000 X116.707 Y102.392
G0 X116.707 Y105.605
G0 X116.927 Y105.605
G1 F1637.9 X113.253 Y119.321 E873.6321
G0 F9000 X113.253 Y119.09
G0 X110.689 Y118.947
G0 X110 Y118.947
;TYPE:SKIN
G1 F1023.9 X109.749 Y118.947 E873.64433
G1 X109.749 Y101.053 E874.51623
G1 X110.335 Y101.053 E874.54479
G1 X110.335 Y118.947 E875.41669
G1 X110 Y118.947 E875.43301
G0 F9000 X110.689 Y118.947
G0 X116.707 Y118.948
G0 X117.06 Y118.948
G1 F1025.6 X117.057 Y101.053 E876.30348
G1 F1023.9 X117.643 Y101.053 E876.33203
G1 F1025.6 X117.644 Y118.948 E877.2025
G1 F1027.4 X117.06 Y118.948 E877.23086
G0 F9000 X116.407 Y118.79
;MESH:NONMESH
G0 F300 X116.407 Y118.79 Z17.8
G0 F9000 X110.659 Y119.12
G0 X110 Y119.4
;TIME_ELAPSED:1302.722900
;LAYER:88
;note -- min layer time used
;TYPE:WALL-INNER
;MESH:testprint.stl
G1 F1500 X118.368 Y119.4 E877.50918
G1 X118.368 Y100.6 E878.13447
G1 X109.568 Y100.6 E878.42716
G1 X109.568 Y119.4 E879.05245
G1 X110 Y119.4 E879.06682
G0 F9000 X110 Y119.8
;TYPE:WALL-OUTER
G1 F1500 X118.768 Y119.8 E879.35844
G1 X118.768 Y100.2 E880.01034
G1 X109.168 Y100.2 E880.32964
G1 X109.168 Y119.8 E880.98154
G1 X110 Y119.8 E881.00921
G0 F9000 X110 Y119.49
G0 X110.89 Y119.228
G0 X110.962 Y118.398
G0 X110.741 Y118.398
;TYPE:FILL
G1 F1606.5 X111.663 Y119.32 E881.05258
G0 F9000 X111.663 Y119.09
G0 X113.106 Y119.09
G0 X113.106 Y119.321
G1 F1606.5 X117.199 Y104.049 E881.57845
G0 F9000 X116.979 Y104.049
G0 X116.979 Y102.465
G0 X117.199 Y102.465
G1 F1606.5 X110.743 Y104.195 E881.80076
G0 F9000 X110.742 Y104.964
G1 F1606.5 X111.89 Y100.679 E881.9483
G0 F9000 X111.89 Y100.91
G0 X110.962 Y101.427
G0 X110.741 Y101.427
G1 F1606.5 X117.2 Y107.886 E882.25211
G0 F9000 X117.199 Y108.677
G1 F1606.5 X110.743 Y110.407 E882.47442
G0 F9000 X110.741 Y109.913
G1 F1606.5 X117.2 Y116.371 E882.7782
G0 F9000 X116.979 Y116.371
G0 X116.979 Y114.888
G0 X117.199 Y114.888
G1 F1606.5 X110.743 Y116.618 E883.00051
G0 F9000 X110.962 Y116.618
G0 X110.962 Y118.947
G0 X110.021 Y118.947
;TYPE:SKIN
G1 F1023.9 X110.021 Y101.053 E883.87241
G1 X110.607 Y101.053 E883.90097
G1 X110.607 Y118.947 E884.77287
G1 X110.021 Y118.947 E884.80142
G0 F9000 X110.962 Y118.947
G0 X116.979 Y118.948
G0 X117.332 Y118.948
G1 F1025.6 X117.329 Y101.053 E885.67189
G1 F1023.9 X117.915 Y101.053 E885.70044
G1 F1025.6 X117.916 Y118.948 E886.57091
G1 F1027.4 X117.332 Y118.948 E886.59927
G0 F9000 X116.679 Y118.79
;MESH:NONMESH
G0 F300 X116.679 Y118.79 Z18
G0 F9000 X110 Y119.399
;TIME_ELAPSED:1316.127314
;LAYER:89
;note -- min layer time used
;TYPE:WALL-INNER
;MESH:testprint.stl
G1 F1500 X118.643 Y119.399 E886.88673
G1 X118.64 Y100.6 E887.51199
G1 X109.844 Y100.6 E887.80455
G1 X109.845 Y119.399 E888.42981
G1 X110 Y119.399 E888.43496
G0 F9000 X110 Y119.799
;TYPE:WALL-OUTER
G1 F1500 X119.043 Y119.799 E888.73573
G1 X119.04 Y100.2 E889.3876
G1 X109.444 Y100.2 E889.70676
G1 X109.445 Y119.799 E890.35863
G1 X110 Y119.799 E890.37709
G0 F9000 X110 Y119.49
G0 X111.162 Y119.227
G0 X111.234 Y118.471
G0 X111.014 Y118.471
;TYPE:FILL
G1 F1586.8 X111.861 Y119.319 E890.41695
G0 F9000 X111.861 Y119.09
G0 X112.961 Y119.09
G0 X112.961 Y119.319
G1 F1586.8 X117.472 Y102.484 E890.99664
G1 X117.472 Y102.538
G1 X111.014 Y104.268 E891.21901
G0 F9000 X111.014 Y103.404
G1 F1586.8 X111.744 Y100.68 E891.3128
G0 F9000 X111.744 Y100.91
G0 X111.234 Y101.5
G0 X111.014 Y101.5
G1 F1586.8 X117.473 Y107.96 E891.61664
G0 F9000 X117.471 Y108.75
G1 F1586.8 X111.014 Y110.48 E891.83897
G0 F9000 X111.014 Y109.986
G1 F1586.8 X117.473 Y116.445 E892.14278
G0 F9000 X117.252 Y116.445
G0 X117.252 Y114.961
G0 X117.472 Y114.961
G1 F1586.8 X111.015 Y116.691 E892.36512
G0 F9000 X111.234 Y116.691
G0 X111.234 Y118.944
G0 X110.296 Y118.944
;TYPE:SKIN
G1 F1027.4 X110.296 Y101.052 E893.23395
G1 X110.88 Y101.052 E893.26231
G1 X110.88 Y118.944 E894.13114
G1 X110.296 Y118.944 E894.1595
G0 F9000 X111.234 Y118.944
G0 X117.252 Y118.944
G0 X117.604 Y118.944
G1 F1027.4 X117.604 Y101.052 E895.02833
G1 X118.188 Y101.052 E895.05669
G1 X118.188 Y118.944 E895.92552
G1 X117.604 Y118.944 E895.95388
G0 F9000 X116.952 Y118.79
;MESH:NONMESH
G0 F300 X116.952 Y118.79 Z18.2
G0 F9000 X110.117 Y119.399
;TIME_ELAPSED:1329.379191
;LAYER:90
;note -- min layer time used
;TYPE:WALL-INNER
;MESH:testprint.stl
G1 F1500 X118.915 Y119.399 E896.24651
G1 X118.912 Y100.6 E896.87176
G1 X110.116 Y100.6 E897.16432
G1 X110.117 Y119.399 E897.78958
G0 F9000 X110 Y119.799
;TYPE:WALL-OUTER
G1 F1500 X119.315 Y119.799 E898.0994
G1 X119.312 Y100.2 E898.75126
G1 X109.716 Y100.2 E899.07042
G1 X109.717 Y119.799 E899.72229
G1 X110 Y119.799 E899.7317
G0 F9000 X110 Y119.49
G0 X111.435 Y119.227
G0 X111.507 Y118.543
G0 X111.287 Y118.543
;TYPE:FILL
G1 F1605.7 X112.062 Y119.319 E899.76818
G0 F9000 X112.814 Y119.319
G1 F1605.7 X117.745 Y100.916 E900.40186
G0 F9000 X117.525 Y100.916
G0 X117.525 Y102.612
G0 X117.745 Y102.612
G1 F1605.7 X111.288 Y104.342 E900.62419
G0 F9000 X111.507 Y104.342
G0 X111.507 Y101.834
G0 X111.287 Y101.834
G1 F1605.7 X111.597 Y100.679 E900.66397
G0 F9000 X111.287 Y101.572
G1 F1605.7 X117.746 Y108.032 E900.9678
G0 F9000 X117.745 Y108.824
G1 F1605.7 X111.287 Y110.554 E901.19017
G0 F9000 X111.287 Y110.058
G1 F1605.7 X117.746 Y116.517 E901.49398
G0 F9000 X117.525 Y116.517
G0 X117.525 Y115.035
G0 X117.745 Y115.035
G1 F1605.7 X111.287 Y116.765 E901.71635
G0 F9000 X111.507 Y116.765
G0 X111.507 Y118.944
G0 X110.568 Y118.944
;TYPE:SKIN
G1 F1027.4 X110.568 Y101.052 E902.58518
G1 X111.152 Y101.052 E902.61354
G1 X111.152 Y118.944 E903.48237
G1 X110.568 Y118.944 E903.51073
G0 F9000 X111.507 Y118.944
G0 X117.525 Y118.944
G0 X117.876 Y118.944
G1 F1027.4 X117.876 Y101.052 E904.37956
G1 X118.46 Y101.052 E904.40792
G1 X118.46 Y118.944 E905.27675
G1 X117.876 Y118.944 E905.30511
G0 F9000 X117.225 Y118.79
;MESH:NONMESH
G0 F300 X117.225 Y118.79 Z18.4
G0 F9000 X110.388 Y119.4
;TIME_ELAPSED:1342.746224
;LAYER:91
;note -- min layer time used
;TYPE:WALL-INNER
;MESH:testprint.stl
G1 F1500 X119.188 Y119.4 E905.5978
G1 X119.188 Y100.6 E906.22309
G1 X110.388 Y100.6 E906.51578
G1 X110.388 Y119.4 E907.14107
G0 F9000 X110 Y119.8
;TYPE:WALL-OUTER
G1 F1500 X119.588 Y119.8 E907.45997
G1 X119.588 Y100.2 E908.11187
G1 X109.988 Y100.2 E908.43117
G1 X109.988 Y119.8 E909.08307
G1 X110 Y119.8 E909.08346
G0 F9000 X110.269 Y119.52
G0 X111.707 Y119.228
G0 X111.779 Y118.616
G0 X111.559 Y118.616
;TYPE:FILL
G1 F1554.8 X112.263 Y119.32 E909.11658
G0 F9000 X112.668 Y119.32
G1 F1554.8 X117.663 Y100.679 E909.75845
G0 F9000 X117.663 Y100.91
G0 X117.797 Y102.685
G0 X118.017 Y102.685
G1 F1554.8 X111.56 Y104.415 E909.98079
G0 F9000 X111.779 Y104.415
G0 X111.779 Y101.645
G0 X111.559 Y101.645
G1 F1554.8 X118.018 Y108.104 E910.2846
G0 F9000 X118.017 Y108.897
G1 F1554.8 X111.56 Y110.627 E910.50694
G0 F9000 X111.559 Y110.13
G1 F1554.8 X118.018 Y116.589 E910.81075
G0 F9000 X117.797 Y116.589
G0 X117.797 Y115.108
G0 X118.018 Y115.108
G1 F1554.8 X111.559 Y116.838 E911.03315
G0 F9000 X111.779 Y116.838
G0 X111.779 Y118.948
G0 X110.84 Y118.948
;TYPE:SKIN
G1 F1027.4 X110.84 Y101.052 E911.90217
G1 X111.424 Y101.052 E911.93053
G1 X111.424 Y118.948 E912.79956
G1 X110.84 Y118.948 E912.82792
G0 F9000 X111.779 Y118.948
G0 X117.797 Y118.947
G0 X118.149 Y118.947
G1 F1023.9 X118.149 Y101.053 E913.69982
G1 X118.735 Y101.053 E913.72837
G1 X118.735 Y118.947 E914.60028
G1 X118.149 Y118.947 E914.62883
G0 F9000 X117.497 Y118.79
;MESH:NONMESH
G0 F300 X117.497 Y118.79 Z18.6
G0 F9000 X110.66 Y119.4
;TIME_ELAPSED:1355.998494
;LAYER:92
;note -- min layer time used
;TYPE:WALL-INNER
;MESH:testprint.stl
G1 F1500 X119.46 Y119.4 E914.92152
G1 X119.46 Y100.6 E915.54681
G1 X110.66 Y100.6 E915.8395
G1 X110.66 Y119.4 E916.46479
G0 F9000 X110.26 Y119.8
;TYPE:WALL-OUTER
G1 F1500 X119.86 Y119.8 E916.78409
G1 X119.86 Y100.2 E917.43599
G1 X110.26 Y100.2 E917.75529
G1 X110.26 Y119.8 E918.40718
G0 F9000 X110.542 Y119.52
G0 X111.98 Y119.228
G0 X112.052 Y118.688
G0 X111.832 Y118.688
;TYPE:FILL
G1 F1549.6 X112.464 Y119.32 E918.43691
G1 X112.521 Y119.32
G1 X117.515 Y100.68 E919.07875
G0 F9000 X117.515 Y100.91
G0 X118.07 Y102.759
G0 X118.29 Y102.759
G1 F1549.6 X111.833 Y104.489 E919.30108
G0 F9000 X112.052 Y104.489
G0 X112.052 Y101.717
G0 X111.832 Y101.717
G1 F1549.6 X118.29 Y108.176 E919.60487
G0 F9000 X118.289 Y108.971
G1 F1549.6 X111.833 Y110.701 E919.82717
G0 F9000 X111.832 Y110.203
G1 F1549.6 X118.29 Y116.661 E920.13094
G0 F9000 X118.07 Y116.661
G0 X118.07 Y115.182
G0 X118.29 Y115.182
G1 F1549.6 X111.833 Y116.912 E920.35327
G0 F9000 X112.052 Y116.912
G0 X112.052 Y118.947
G0 X111.113 Y118.947
;TYPE:SKIN
G1 F1023.9 X111.113 Y101.053 E921.22518
G1 X111.699 Y101.053 E921.25373
G1 X111.699 Y118.947 E922.12564
G1 X111.113 Y118.947 E922.15419
G0 F9000 X112.052 Y118.947
G0 X118.07 Y118.947
G0 X118.421 Y118.947
G1 F1023.9 X118.421 Y101.053 E923.02609
G1 X119.007 Y101.053 E923.05465
G1 X119.007 Y118.947 E923.92655
G1 X118.421 Y118.947 E923.95511
G0 F9000 X117.77 Y118.79
;MESH:NONMESH
G0 F300 X117.77 Y118.79 Z18.8
G0 F9000 X110.932 Y119.4
;TIME_ELAPSED:1369.207324
;LAYER:93
;note -- min layer time used
;TYPE:WALL-INNER
;MESH:testprint.stl
G1 F1500 X119.732 Y119.4 E924.24779
G1 X119.732 Y100.6 E924.87309
G1 X110.932 Y100.6 E925.16577
G1 X110.932 Y119.4 E925.79107
G0 F9000 X110.532 Y119.8
;TYPE:WALL-OUTER
G1 F1500 X120.132 Y119.8 E926.11036
G1 X120.132 Y100.2 E926.76226
G1 X110.532 Y100.2 E927.08156
G1 X110.532 Y119.8 E927.73346
G0 F9000 X110.814 Y119.52
G0 X112.253 Y119.228
G0 X112.325 Y118.761
G0 X112.105 Y118.761
;TYPE:FILL
G1 F1545.4 X112.663 Y119.32 E927.75973
G0 F9000 X112.375 Y119.32
G1 F1545.4 X117.369 Y100.68 E928.40156
G0 F9000 X117.369 Y100.91
G0 X118.343 Y102.832
G0 X118.563 Y102.832
G1 F1545.4 X112.105 Y104.562 E928.62393
G0 F9000 X112.325 Y104.562
G0 X112.325 Y101.791
G0 X112.105 Y101.791
G1 F1545.4 X118.563 Y108.25 E928.92772
G0 F9000 X118.563 Y109.043
G1 F1545.4 X112.105 Y110.774 E929.15009
G0 F9000 X112.105 Y110.276
G1 F1545.4 X118.563 Y116.735 E929.45388
G0 F9000 X118.343 Y116.735
G0 X118.343 Y115.255
G0 X118.563 Y115.255
G1 F1545.4 X112.106 Y116.985 E929.67622
G0 F9000 X112.325 Y116.985
G0 X112.325 Y118.947
G0 X111.385 Y118.947
;TYPE:SKIN
G1 F1023.9 X111.385 Y101.053 E930.54812
G1 X111.971 Y101.053 E930.57667
G1 X111.971 Y118.947 E931.44858
G1 X111.385 Y118.947 E931.47713
G0 F9000 X112.325 Y118.947
G0 X118.343 Y118.948
G0 X118.696 Y118.948
G1 F1025.6 X118.693 Y101.053 E932.3476
G1 F1023.9 X119.279 Y101.053 E932.37615
G1 F1025.6 X119.28 Y118.948 E933.24662
G1 F1027.4 X118.696 Y118.948 E933.27498
G0 F9000 X118.043 Y118.79
;MESH:NONMESH
G0 F300 X118.043 Y118.79 Z19
G0 F9000 X111.204 Y119.4
;TIME_ELAPSED:1382.451701
;LAYER:94
;note -- min layer time used
;TYPE:WALL-INNER
;MESH:testprint.stl
G1 F1500 X120.004 Y119.4 E933.56767
G1 X120.004 Y100.6 E934.19296
G1 X111.204 Y100.6 E934.48565
G1 X111.204 Y119.4 E935.11094
G0 F9000 X110.804 Y119.8
;TYPE:WALL-OUTER
G1 F1500 X120.404 Y119.8 E935.43023
G1 X120.404 Y100.2 E936.08213
G1 X110.804 Y100.2 E936.40143
G1 X110.804 Y119.8 E937.05333
G0 F9000 X111.087 Y119.52
G0 X112.525 Y119.228
G0 X112.597 Y118.833
G0 X112.377 Y118.833
;TYPE:FILL
G1 F1616.1 X112.864 Y119.32 E937.07623
G0 F9000 X112.377 Y118.763
G1 F1616.1 X117.222 Y100.68 E937.69889
G0 F9000 X117.222 Y100.91
G0 X118.615 Y102.906
G0 X118.834 Y102.906
G1 F1616.1 X112.378 Y104.636 E937.92119
G0 F9000 X112.597 Y104.636
G0 X112.597 Y101.862
G0 X112.377 Y101.862
G1 F1616.1 X118.836 Y108.322 E938.22503
G0 F9000 X118.835 Y109.117
G1 F1616.1 X112.378 Y110.848 E938.44737
G0 F9000 X112.377 Y110.348
G1 F1616.1 X118.836 Y116.807 E938.75119
G0 F9000 X118.615 Y116.807
G0 X118.615 Y117.84
G0 X118.836 Y117.84
G1 F1616.1 X118.439 Y119.32 E938.80215
G0 F9000 X118.439 Y119.09
G0 X118.615 Y115.329
G0 X118.835 Y115.329
G1 F1616.1 X112.378 Y117.059 E939.02449
G0 F9000 X112.597 Y117.059
G0 X112.597 Y118.947
G0 X111.657 Y118.947
;TYPE:SKIN
G1 F1023.9 X111.657 Y101.053 E939.89639
G1 X112.243 Y101.053 E939.92494
G1 X112.243 Y118.947 E940.79685
G1 X111.657 Y118.947 E940.8254
G0 F9000 X112.597 Y118.947
G0 X118.615 Y118.948
G0 X118.968 Y118.948
G1 F1025.6 X118.965 Y101.053 E941.69587
G1 F1023.9 X119.551 Y101.053 E941.72442
G1 F1025.6 X119.552 Y118.948 E942.59489
G1 F1027.4 X118.968 Y118.948 E942.62325
G0 F9000 X118.315 Y118.79
;MESH:NONMESH
G0 F300 X118.315 Y118.79 Z19.2
G0 F9000 X111.476 Y119.4
;TIME_ELAPSED:1395.864817
;LAYER:95
;note -- min layer time used
;TYPE:WALL-INNER
;MESH:testprint.stl
G1 F1500 X120.276 Y119.4 E942.91594
G1 X120.276 Y100.6 E943.54123
G1 X111.476 Y100.6 E943.83391
G1 X111.476 Y119.4 E944.45921
G0 F9000 X111.076 Y119.8
;TYPE:WALL-OUTER
G1 F1500 X120.676 Y119.8 E944.7785
G1 X120.676 Y100.2 E945.4304
G1 X111.076 Y100.2 E945.7497
G1 X111.076 Y119.8 E946.4016
G0 F9000 X111.359 Y119.52
G0 X112.798 Y119.228
G0 X112.87 Y118.906
G0 X112.65 Y118.906
;TYPE:FILL
G1 F1618.5 X113.064 Y119.32 E946.42107
G0 F9000 X113.064 Y119.09
G0 X112.87 Y117.198
G0 X112.65 Y117.198
G1 F1618.5 X117.077 Y100.679 E946.98988
G0 F9000 X117.077 Y100.91
G0 X118.888 Y102.978
G0 X119.108 Y102.978
G1 F1618.5 X112.651 Y104.709 E947.21223
G0 F9000 X112.87 Y104.709
G0 X112.87 Y101.936
G0 X112.65 Y101.936
G1 F1618.5 X119.109 Y108.395 E947.51604
G0 F9000 X119.108 Y109.19
G1 F1618.5 X112.651 Y110.92 E947.73837
G0 F9000 X112.65 Y110.421
G1 F1618.5 X119.109 Y116.881 E948.04221
G0 F9000 X119.109 Y116.278
G1 F1618.5 X118.293 Y119.321 E948.147
G0 F9000 X118.293 Y119.09
G0 X118.888 Y115.402
G0 X119.109 Y115.402
G1 F1618.5 X112.65 Y117.132 E948.36939
G0 F9000 X112.87 Y117.132
G0 X112.87 Y118.947
G0 X111.929 Y118.947
;TYPE:SKIN
G1 F1023.9 X111.929 Y101.053 E949.2413
G1 X112.515 Y101.053 E949.26985
G1 X112.515 Y118.947 E950.14176
G1 X111.929 Y118.947 E950.17031
G0 F9000 X112.87 Y118.947
G0 X118.888 Y118.948
G0 X119.24 Y118.948
G1 F1027.4 X119.24 Y101.052 E951.03934
G1 X119.824 Y101.052 E951.0677
G1 X119.824 Y118.948 E951.93672
G1 X119.24 Y118.948 E951.96508
G0 F9000 X118.588 Y118.79
;MESH:NONMESH
G0 F300 X118.588 Y118.79 Z19.4
G0 F9000 X111.753 Y119.399
;TIME_ELAPSED:1409.274288
;LAYER:96
;note -- min layer time used
;TYPE:WALL-INNER
;MESH:testprint.stl
G1 F1500 X120.551 Y119.399 E952.2577
G1 X120.548 Y100.6 E952.88296
G1 X111.752 Y100.6 E953.17552
G1 X111.753 Y119.399 E953.80077
G0 F9000 X111.353 Y119.799
;TYPE:WALL-OUTER
G1 F1500 X120.951 Y119.799 E954.12001
G1 X120.948 Y100.2 E954.77187
G1 X111.352 Y100.2 E955.09104
G1 X111.353 Y119.799 E955.7429
G0 F9000 X111.632 Y119.52
G0 X113.071 Y119.227
G0 X113.143 Y118.98
G0 X112.923 Y118.98
;TYPE:FILL
G1 F1616.3 X113.262 Y119.319 E955.75885
G0 F9000 X113.262 Y119.09
G0 X113.143 Y117.205
G0 X112.924 Y117.205
G1 F1616.3 X119.381 Y115.475 E955.98118
G0 F9000 X119.381 Y114.715
G1 F1616.3 X118.148 Y119.32 E956.13974
G0 F9000 X118.148 Y119.09
G0 X119.161 Y116.954
G0 X119.382 Y116.954
G1 F1616.3 X112.923 Y110.495 E956.44355
G0 F9000 X112.923 Y110.993
G1 F1616.3 X119.381 Y109.263 E956.66592
G0 F9000 X119.382 Y108.469
G1 F1616.3 X112.923 Y102.009 E956.96975
G0 F9000 X113.143 Y102.009
G0 X113.143 Y104.782
G0 X112.923 Y104.782
G1 F1616.3 X119.38 Y103.051 E957.1921
G0 F9000 X119.161 Y103.051
G0 X116.931 Y100.91
G0 X116.931 Y100.679
G1 F1616.3 X112.923 Y115.637 E957.70715
G0 F9000 X113.143 Y115.637
G0 X113.143 Y118.944
G0 X112.204 Y118.944
;TYPE:SKIN
G1 F1027.4 X112.204 Y101.052 E958.57598
G1 X112.788 Y101.052 E958.60434
G1 X112.788 Y118.944 E959.47318
G1 X112.204 Y118.944 E959.50153
G0 F9000 X113.143 Y118.944
G0 X119.161 Y118.944
G0 X119.512 Y118.944
G1 F1027.4 X119.512 Y101.052 E960.37037
G1 X120.096 Y101.052 E960.39873
G1 X120.096 Y118.944 E961.26756
G1 X119.512 Y118.944 E961.29592
G0 F9000 X118.861 Y118.79
;MESH:NONMESH
G0 F300 X118.861 Y118.79 Z19.6
G0 F9000 X112.024 Y119.4
;TIME_ELAPSED:1422.683834
;LAYER:97
;note -- min layer time used
;TYPE:WALL-INNER
;MESH:testprint.stl
G1 F1500 X120.824 Y119.4 E961.58861
G1 X120.824 Y100.6 E962.2139
G1 X112.024 Y100.6 E962.50659
G1 X112.024 Y119.4 E963.13188
G0 F9000 X111.624 Y119.8
;TYPE:WALL-OUTER
G1 F1500 X121.224 Y119.8 E963.45117
G1 X121.224 Y100.2 E964.10307
G1 X111.624 Y100.2 E964.42237
G1 X111.624 Y119.8 E965.07427
G0 F9000 X111.905 Y119.52
G0 X113.343 Y119.228
G0 X113.194 Y119.051
;TYPE:FILL
G1 F1636.9 X113.464 Y119.32 E965.08694
G0 F9000 X113.464 Y119.09
G0 X113.415 Y117.279
G0 X113.196 Y117.279
G1 F1636.9 X119.653 Y115.549 E965.30928
G0 F9000 X119.433 Y115.549
G0 X119.433 Y117.025
G0 X119.654 Y117.025
G1 F1636.9 X113.194 Y110.565 E965.61314
G0 F9000 X113.195 Y111.067
G1 F1636.9 X119.654 Y109.337 E965.83554
G0 F9000 X119.654 Y108.539
G1 F1636.9 X113.194 Y102.08 E966.13937
G0 F9000 X113.415 Y102.08
G0 X113.415 Y104.856
G0 X113.196 Y104.856
G1 F1636.9 X119.653 Y103.125 E966.36172
G0 F9000 X119.433 Y103.125
G0 X116.784 Y100.91
G0 X116.784 Y100.679
G1 F1636.9 X113.195 Y114.072 E966.82289
G0 F9000 X113.415 Y114.072
G0 X119.433 Y113.151
G0 X119.653 Y113.151
G1 F1636.9 X118 Y119.32 E967.03531
G0 F9000 X118 Y119.09
G0 X119.433 Y118.947
G0 X119.785 Y118.947
;TYPE:SKIN
G1 F1023.9 X119.785 Y101.053 E967.90721
G1 X120.371 Y101.053 E967.93576
G1 X120.371 Y118.947 E968.80767
G1 X119.785 Y118.947 E968.83622
G0 F9000 X119.433 Y118.947
G0 X113.415 Y118.948
G0 X112.476 Y118.948
G1 F1027.4 X112.476 Y101.052 E969.70525
G1 X113.06 Y101.052 E969.73361
G1 X113.06 Y118.948 E970.60263
G1 X112.476 Y118.948 E970.63099
G0 F9000 X113.715 Y118.79
;MESH:NONMESH
G0 F300 X113.715 Y118.79 Z19.8
G0 F9000 X113.343 Y119.228
G0 X112.296 Y119.4
;TIME_ELAPSED:1436.015583
;LAYER:98
;note -- min layer time used
;TYPE:WALL-INNER
;MESH:testprint.stl
G1 F1500 X121.096 Y119.4 E970.92368
G1 X121.096 Y100.6 E971.54897
G1 X112.296 Y100.6 E971.84166
G1 X112.296 Y119.4 E972.46695
G0 F9000 X111.896 Y119.8
;TYPE:WALL-OUTER
G1 F1500 X121.496 Y119.8 E972.78625
G1 X121.496 Y100.2 E973.43815
G1 X111.896 Y100.2 E973.75745
G1 X111.896 Y119.8 E974.40934
G0 F9000 X112.177 Y119.52
G0 X113.616 Y119.228
G0 X113.468 Y119.125
;TYPE:FILL
G1 F1596.6 X113.663 Y119.32 E974.41852
G0 F9000 X113.663 Y119.09
G0 X113.688 Y117.352
G0 X113.468 Y117.352
G1 F1596.6 X119.926 Y115.621 E974.64089
G0 F9000 X119.706 Y115.621
G0 X119.706 Y117.098
G0 X119.927 Y117.098
G1 F1596.6 X113.468 Y110.64 E974.94468
G0 F9000 X113.469 Y111.14
G1 F1596.6 X119.926 Y109.41 E975.16702
G0 F9000 X119.927 Y108.613
G1 F1596.6 X113.468 Y102.154 E975.47083
G0 F9000 X113.688 Y102.154
G0 X113.688 Y104.928
G0 X113.469 Y104.928
G1 F1596.6 X119.926 Y103.198 E975.69316
G0 F9000 X119.706 Y103.198
G0 X116.638 Y100.91
G0 X116.638 Y100.68
G1 F1596.6 X113.468 Y112.507 E976.10042
G0 F9000 X113.688 Y112.507
G0 X119.706 Y111.587
G0 X119.927 Y111.587
G1 F1596.6 X117.854 Y119.321 E976.36673
G0 F9000 X117.854 Y119.09
G0 X119.706 Y118.947
G0 X120.057 Y118.947
;TYPE:SKIN
G1 F1023.9 X120.057 Y101.053 E977.23863
G1 X120.643 Y101.053 E977.26719
G1 X120.643 Y118.947 E978.13909
G1 X120.057 Y118.947 E978.16765
G0 F9000 X119.706 Y118.947
G0 X113.688 Y118.947
G0 X112.749 Y118.947
G1 F1023.9 X112.749 Y101.053 E979.03955
G1 X113.335 Y101.053 E979.0681
G1 X113.335 Y118.947 E979.94001
G1 X112.749 Y118.947 E979.96856
G0 F9000 X113.988 Y118.79
;MESH:NONMESH
G0 F300 X113.988 Y118.79 Z20
G0 F9000 X113.616 Y119.228
G0 X112.568 Y119.4
;TIME_ELAPSED:1449.408140
;LAYER:99
;note -- min layer time used
;TYPE:WALL-INNER
;MESH:testprint.stl
G1 F1500 X121.368 Y119.4 E980.26125
G1 X121.368 Y100.6 E980.88654
G1 X112.568 Y100.6 E981.17923
G1 X112.568 Y119.4 E981.80452
G0 F9000 X112.168 Y119.8
;TYPE:WALL-OUTER
G1 F1500 X121.768 Y119.8 E982.12382
G1 X121.768 Y100.2 E982.77572
G1 X112.168 Y100.2 E983.09502
G1 X112.168 Y119.8 E983.74691
G0 F9000 X112.45 Y119.52
G0 X113.889 Y119.228
G0 X113.741 Y119.197
;TYPE:FILL
G1 F1616 X113.864 Y119.32 E983.7527
G0 F9000 X113.864 Y119.09
G0 X113.961 Y117.426
G0 X113.742 Y117.426
G1 F1616 X120.198 Y115.696 E983.975
G0 F9000 X119.978 Y115.696
G0 X119.978 Y117.17
G0 X120.2 Y117.17
G1 F1616 X113.741 Y110.712 E984.27879
G0 F9000 X113.741 Y110.941
G1 F1616 X116.491 Y100.68 E984.63212
G0 F9000 X116.491 Y100.91
G0 X113.961 Y102.226
G0 X113.741 Y102.226
G1 F1616 X120.199 Y108.684 E984.93588
G0 F9000 X120.198 Y109.484
G1 F1616 X113.741 Y111.214 E985.15822
G0 F9000 X113.961 Y111.214
G0 X113.961 Y105.002
G0 X113.741 Y105.002
G1 F1616 X120.198 Y103.273 E985.38054
G0 F9000 X119.978 Y103.273
G0 X119.978 Y110.024
G0 X120.198 Y110.024
G1 F1616 X117.707 Y119.321 E985.70067
G0 F9000 X117.707 Y119.09
G0 X119.978 Y118.947
G0 X120.329 Y118.947
;TYPE:SKIN
G1 F1023.9 X120.329 Y101.053 E986.57258
G1 X120.915 Y101.053 E986.60113
G1 X120.915 Y118.947 E987.47303
G1 X120.329 Y118.947 E987.50159
G0 F9000 X119.978 Y118.947
G0 X113.961 Y118.947
G0 X113.021 Y118.947
G1 F1023.9 X113.021 Y101.053 E988.37349
G1 X113.607 Y101.053 E988.40205
G1 X113.607 Y118.947 E989.27395
G1 X113.021 Y118.947 E989.3025
G0 F9000 X114.261 Y118.79
;MESH:NONMESH
G0 F300 X114.261 Y118.79 Z20.2
G0 F9000 X113.889 Y119.228
G0 X112.84 Y119.4
;TIME_ELAPSED:1462.863584
;LAYER:100
;note -- min layer time used
;TYPE:WALL-INNER
;MESH:testprint.stl
G1 F1500 X121.64 Y119.4 E989.59519
G1 X121.64 Y100.6 E990.22048
G1 X112.84 Y100.6 E990.51317
G1 X112.84 Y119.4 E991.13846
G0 F9000 X112.44 Y119.8
;TYPE:WALL-OUTER
G1 F1500 X122.04 Y119.8 E991.45776
G1 X122.04 Y100.2 E992.10966
G1 X112.44 Y100.2 E992.42896
G1 X112.44 Y119.8 E993.08085
G0 F9000 X112.723 Y119.52
G0 X114.161 Y119.228
G0 X114.233 Y117.499
G0 X114.014 Y117.499
;TYPE:FILL
G1 F1594 X120.472 Y115.768 E993.30323
G0 F9000 X120.251 Y115.768
G0 X120.251 Y117.244
G0 X120.473 Y117.244
G1 F1594 X114.012 Y110.784 E993.60711
G0 F9000 X114.013 Y111.287
G1 F1594 X120.471 Y109.557 E993.82948
G0 F9000 X120.472 Y108.758
G1 F1594 X114.012 Y102.299 E994.13332
G0 F9000 X114.233 Y102.299
G0 X114.233 Y105.076
G0 X114.013 Y105.076
G1 F1594 X120.471 Y103.345 E994.35569
G0 F9000 X120.251 Y103.345
G0 X116.345 Y100.91
G0 X116.345 Y100.68
G1 F1594 X114.013 Y109.382 E994.65533
G0 F9000 X114.233 Y109.382
G0 X120.251 Y108.461
G0 X120.471 Y108.461
G1 F1594 X117.561 Y119.321 E995.02928
G0 F9000 X117.561 Y119.09
G0 X120.251 Y118.948
G0 X120.604 Y118.948
;TYPE:SKIN
G1 F1025.6 X120.601 Y101.053 E995.89975
G1 F1023.9 X121.187 Y101.053 E995.9283
G1 F1025.6 X121.188 Y118.948 E996.79877
G1 F1027.4 X120.604 Y118.948 E996.82713
G0 F9000 X120.251 Y118.948
G0 X114.233 Y118.947
G0 X113.293 Y118.947
G1 F1023.9 X113.293 Y101.053 E997.69903
G1 X113.879 Y101.053 E997.72758
G1 X113.879 Y118.947 E998.59949
G1 X113.293 Y118.947 E998.62804
G0 F9000 X114.533 Y118.79
;MESH:NONMESH
G0 F300 X114.533 Y118.79 Z20.4
G0 F9000 X114.161 Y119.228
G0 X113.112 Y119.4
;TIME_ELAPSED:1476.225391
;LAYER:101
;note -- min layer time used
;TYPE:WALL-INNER
;MESH:testprint.stl
G1 F1500 X121.912 Y119.4 E998.92073
G1 X121.912 Y100.6 E999.54602
G1 X113.112 Y100.6 E999.83871
G1 X113.112 Y119.4 E1000.464
G0 F9000 X112.712 Y119.8
;TYPE:WALL-OUTER
G1 F1500 X122.312 Y119.8 E1000.7833
G1 X122.312 Y100.2 E1001.4352
G1 X112.712 Y100.2 E1001.75449
G1 X112.712 Y119.8 E1002.40639
G0 F9000 X112.995 Y119.52
G0 X114.434 Y119.228
G0 X114.506 Y117.572
G0 X114.287 Y117.572
;TYPE:FILL
G1 F1556.2 X120.744 Y115.841 E1002.62874
G0 F9000 X120.524 Y115.841
G0 X120.524 Y117.318
G0 X120.746 Y117.318
G1 F1556.2 X114.285 Y110.857 E1002.93264
G0 F9000 X114.287 Y111.36
G1 F1556.2 X120.744 Y109.63 E1003.15498
G0 F9000 X120.745 Y108.832
G1 F1556.2 X114.285 Y102.372 E1003.45884
G0 F9000 X114.506 Y102.372
G0 X116.198 Y100.91
G0 X116.198 Y100.68
G1 F1556.2 X114.286 Y107.816 E1003.70455
G0 F9000 X114.506 Y107.816
G0 X114.506 Y105.148
G0 X114.287 Y105.148
G1 F1556.2 X120.744 Y103.418 E1003.92689
G0 F9000 X120.524 Y103.418
G0 X120.524 Y106.896
G0 X120.744 Y106.896
G1 F1556.2 X117.416 Y119.32 E1004.35468
G0 F9000 X117.416 Y119.09
G0 X114.506 Y118.947
G0 X113.565 Y118.947
;TYPE:SKIN
G1 F1023.9 X113.565 Y101.053 E1005.22659
G1 X114.151 Y101.053 E1005.25514
G1 X114.151 Y118.947 E1006.12704
G1 X113.565 Y118.947 E1006.1556
G0 F9000 X114.506 Y118.947
G0 X120.524 Y118.948
G0 X120.876 Y118.948
G1 F1027.4 X120.876 Y101.052 E1007.02462
G1 X121.46 Y101.052 E1007.05298
G1 X121.46 Y118.948 E1007.92201
G1 X120.876 Y118.948 E1007.95037
G0 F9000 X120.224 Y118.79
;MESH:NONMESH
G0 F300 X120.224 Y118.79 Z20.6
G0 F9000 X113.389 Y119.399
;TIME_ELAPSED:1489.658899
;LAYER:102
;note -- min layer time used
;TYPE:WALL-INNER
;MESH:testprint.stl
G1 F1500 X122.187 Y119.399 E1008.24299
G1 X122.184 Y100.6 E1008.86825
G1 X113.388 Y100.6 E1009.1608
G1 X113.389 Y119.399 E1009.78606
G0 F9000 X112.989 Y119.799
;TYPE:WALL-OUTER
G1 F1500 X122.587 Y119.799 E1010.10529
G1 X122.584 Y100.2 E1010.75716
G1 X112.988 Y100.2 E1011.07632
G1 X112.989 Y119.799 E1011.72819
G0 F9000 X113.268 Y119.52
G0 X114.706 Y119.227
G0 X114.778 Y117.646
G0 X114.558 Y117.646
;TYPE:FILL
G1 F1564.4 X121.016 Y115.916 E1011.95055
G0 F9000 X120.796 Y115.916
G0 X120.796 Y117.388
G0 X121.017 Y117.388
G1 F1564.4 X114.558 Y110.929 E1012.25437
G0 F9000 X114.559 Y111.434
G1 F1564.4 X121.016 Y109.704 E1012.4767
G0 F9000 X121.017 Y108.903
G1 F1564.4 X114.558 Y102.444 E1012.78051
G0 F9000 X114.778 Y102.444
G0 X116.051 Y100.91
G0 X116.051 Y100.68
G1 F1564.4 X114.558 Y106.254 E1012.97244
G0 F9000 X114.778 Y106.254
G0 X114.778 Y105.222
G0 X114.559 Y105.222
G1 F1564.4 X121.016 Y103.492 E1013.19477
G0 F9000 X120.796 Y103.492
G0 X120.796 Y105.335
G0 X121.016 Y105.335
G1 F1564.4 X117.269 Y119.32 E1013.67632
G0 F9000 X117.269 Y119.09
G0 X114.778 Y118.944
G0 X113.84 Y118.944
;TYPE:SKIN
G1 F1027.4 X113.84 Y101.052 E1014.54516
G1 X114.424 Y101.052 E1014.57351
G1 X114.424 Y118.944 E1015.44235
G1 X113.84 Y118.944 E1015.47071
G0 F9000 X114.778 Y118.944
G0 X120.796 Y118.944
G0 X121.148 Y118.944
G1 F1027.4 X121.148 Y101.052 E1016.33954
G1 X121.732 Y101.052 E1016.3679
G1 X121.732 Y118.944 E1017.23673
G1 X121.148 Y118.944 E1017.26509
G0 F9000 X120.496 Y118.79
;MESH:NONMESH
G0 F300 X120.496 Y118.79 Z20.8
G0 F9000 X113.66 Y119.4
;TIME_ELAPSED:1502.956102
;LAYER:103
;note -- min layer time used
;TYPE:WALL-INNER
;MESH:testprint.stl
G1 F1500 X122.46 Y119.4 E1017.55778
G1 X122.46 Y100.6 E1018.18307
G1 X113.66 Y100.6 E1018.47576
G1 X113.66 Y119.4 E1019.10105
G0 F9000 X113.26 Y119.8
;TYPE:WALL-OUTER
G1 F1500 X122.86 Y119.8 E1019.42034
G1 X122.86 Y100.2 E1020.07224
G1 X113.26 Y100.2 E1020.39154
G1 X113.26 Y119.8 E1021.04344
G0 F9000 X113.541 Y119.52
G0 X114.979 Y119.228
G0 X115.051 Y117.719
G0 X114.832 Y117.719
;TYPE:FILL
G1 F1538.6 X121.29 Y115.988 E1021.26581
G0 F9000 X121.069 Y115.988
G0 X121.069 Y117.462
G0 X121.29 Y117.462
G1 F1538.6 X114.831 Y111.002 E1021.56965
G0 F9000 X114.832 Y111.507
G1 F1538.6 X121.289 Y109.777 E1021.79199
G0 F9000 X121.29 Y108.976
G1 F1538.6 X114.831 Y102.517 E1022.0958
G0 F9000 X115.051 Y102.517
G0 X115.906 Y100.91
G0 X115.906 Y100.679
G1 F1538.6 X114.831 Y104.69 E1022.23391
G0 F9000 X114.831 Y105.295
G1 F1538.6 X121.288 Y103.565 E1022.45625
G0 F9000 X121.289 Y103.772
G1 F1538.6 X117.122 Y119.32 E1022.99163
G0 F9000 X117.122 Y119.09
G0 X115.051 Y118.948
G0 X114.112 Y118.948
;TYPE:SKIN
G1 F1027.4 X114.112 Y101.052 E1023.86065
G1 X114.696 Y101.052 E1023.88901
G1 X114.696 Y118.948 E1024.75804
G1 X114.112 Y118.948 E1024.7864
G0 F9000 X115.051 Y118.948
G0 X121.069 Y118.947
G0 X121.421 Y118.947
G1 F1023.9 X121.421 Y101.053 E1025.6583
G1 X122.007 Y101.053 E1025.68685
G1 X122.007 Y118.947 E1026.55876
G1 X121.421 Y118.947 E1026.58731
G0 F9000 X120.769 Y118.79
;MESH:NONMESH
G0 F300 X120.769 Y118.79 Z21
G0 F9000 X113.932 Y119.4
;TIME_ELAPSED:1516.087210
;LAYER:104
;note -- min layer time used
;TYPE:WALL-INNER
;MESH:testprint.stl
G1 F1500 X122.732 Y119.4 E1026.88
G1 X122.732 Y100.6 E1027.50529
G1 X113.932 Y100.6 E1027.79798
G1 X113.932 Y119.4 E1028.42327
G0 F9000 X113.532 Y119.8
;TYPE:WALL-OUTER
G1 F1500 X123.132 Y119.8 E1028.74257
G1 X123.132 Y100.2 E1029.39447
G1 X113.532 Y100.2 E1029.71376
G1 X113.532 Y119.8 E1030.36566
G0 F9000 X113.813 Y119.52
G0 X115.252 Y119.228
G0 X115.324 Y117.792
G0 X115.105 Y117.792
;TYPE:FILL
G1 F1567.3 X121.562 Y116.062 E1030.588
G0 F9000 X121.342 Y116.062
G0 X121.342 Y117.534
G0 X121.563 Y117.534
G1 F1567.3 X115.104 Y111.074 E1030.89183
G0 F9000 X115.104 Y111.581
G1 F1567.3 X121.563 Y109.85 E1031.11424
G0 F9000 X121.563 Y109.049
G1 F1567.3 X115.104 Y102.589 E1031.41808
G0 F9000 X115.104 Y103.121
G1 F1567.3 X115.759 Y100.679 E1031.50217
G0 F9000 X115.759 Y100.91
G0 X115.324 Y105.369
G0 X115.105 Y105.369
G1 F1567.3 X121.562 Y103.639 E1031.7245
G0 F9000 X121.342 Y103.639
G0 X121.342 Y102.203
G0 X121.562 Y102.203
G1 F1567.3 X116.975 Y119.32 E1032.31391
G0 F9000 X116.975 Y119.09
G0 X115.324 Y118.947
G0 X114.385 Y118.947
;TYPE:SKIN
G1 F1023.9 X114.385 Y101.053 E1033.18581
G1 X114.971 Y101.053 E1033.21436
G1 X114.971 Y118.947 E1034.08627
G1 X114.385 Y118.947 E1034.11482
G0 F9000 X115.324 Y118.947
G0 X121.342 Y118.947
G0 X121.693 Y118.947
G1 F1023.9 X121.693 Y101.053 E1034.98673
G1 X122.279 Y101.053 E1035.01528
G1 X122.279 Y118.947 E1035.88719
G1 X121.693 Y118.947 E1035.91574
G0 F9000 X121.042 Y118.79
;MESH:NONMESH
G0 F300 X121.042 Y118.79 Z21.2
G0 F9000 X114.204 Y119.4
;TIME_ELAPSED:1529.354222
;LAYER:105
;note -- min layer time used
;TYPE:WALL-INNER
;MESH:testprint.stl
G1 F1500 X123.004 Y119.4 E1036.20843
G1 X123.004 Y100.6 E1036.83372
G1 X114.204 Y100.6 E1037.12641
G1 X114.204 Y119.4 E1037.7517
G0 F9000 X113.804 Y119.8
;TYPE:WALL-OUTER
G1 F1500 X123.404 Y119.8 E1038.071
G1 X123.404 Y100.2 E1038.72289
G1 X113.804 Y100.2 E1039.04219
G1 X113.804 Y119.8 E1039.69409
G0 F9000 X114.086 Y119.52
G0 X115.524 Y119.228
G0 X115.596 Y117.866
G0 X115.376 Y117.866
;TYPE:FILL
G1 F1580.8 X121.834 Y116.135 E1039.91647
G0 F9000 X121.614 Y116.135
G0 X121.614 Y117.606
G0 X121.834 Y117.606
G1 F1580.8 X115.376 Y111.147 E1040.22025
G0 F9000 X115.377 Y111.654
G1 F1580.8 X121.834 Y109.924 E1040.44259
G0 F9000 X121.834 Y109.121
G1 F1580.8 X115.376 Y102.662 E1040.74638
G0 F9000 X115.596 Y102.662
G0 X115.596 Y101.56
G0 X115.377 Y101.56
G1 F1580.8 X115.613 Y100.679 E1040.77671
G0 F9000 X115.613 Y100.91
G0 X115.596 Y105.442
G0 X115.377 Y105.442
G1 F1580.8 X121.834 Y103.712 E1040.99905
G0 F9000 X121.614 Y103.712
G0 X121.644 Y100.88
G0 X121.824 Y100.679
G1 F1580.8 X116.829 Y119.32 E1041.64092
G0 F9000 X116.829 Y119.09
G0 X115.596 Y118.947
G0 X114.657 Y118.947
;TYPE:SKIN
G1 F1023.9 X114.657 Y101.053 E1042.51283
G1 X115.243 Y101.053 E1042.54138
G1 X115.243 Y118.947 E1043.41329
G1 X114.657 Y118.947 E1043.44184
G0 F9000 X115.596 Y118.947
G0 X121.614 Y118.947
G0 X121.965 Y118.947
G1 F1023.9 X121.965 Y101.053 E1044.31375
G1 X122.551 Y101.053 E1044.3423
G1 X122.551 Y118.947 E1045.2142
G1 X121.965 Y118.947 E1045.24276
G0 F9000 X121.314 Y118.79
;MESH:NONMESH
G0 F300 X121.314 Y118.79 Z21.4
G0 F9000 X114.476 Y119.4
;TIME_ELAPSED:1542.692461
;LAYER:106
;note -- min layer time used
;TYPE:WALL-INNER
;MESH:testprint.stl
G1 F1500 X123.276 Y119.4 E1045.53545
G1 X123.276 Y100.6 E1046.16074
G1 X114.476 Y100.6 E1046.45343
G1 X114.476 Y119.4 E1047.07872
G0 F9000 X114.076 Y119.8
;TYPE:WALL-OUTER
G1 F1500 X123.676 Y119.8 E1047.39801
G1 X123.676 Y100.2 E1048.04991
G1 X114.076 Y100.2 E1048.36921
G1 X114.076 Y119.8 E1049.02111
G0 F9000 X114.358 Y119.52
G0 X115.797 Y119.228
G0 X115.869 Y117.939
G0 X115.65 Y117.939
;TYPE:FILL
G1 F1510.8 X122.107 Y116.209 E1049.24344
G0 F9000 X121.887 Y116.209
G0 X121.887 Y117.678
G0 X122.107 Y117.678
G1 F1510.8 X115.649 Y111.219 E1049.54723
G0 F9000 X115.649 Y111.728
G1 F1510.8 X122.107 Y109.997 E1049.76961
G0 F9000 X122.107 Y109.193
G1 F1510.8 X115.649 Y102.734 E1050.0734
G0 F9000 X115.869 Y102.734
G0 X115.869 Y105.516
G0 X115.649 Y105.516
G1 F1510.8 X122.106 Y103.786 E1050.29573
G0 F9000 X121.887 Y103.786
G0 X121.677 Y100.91
G0 X121.677 Y100.68
G1 F1510.8 X116.682 Y119.32 E1050.93757
G0 F9000 X116.682 Y119.09
G0 X115.869 Y118.947
G0 X114.929 Y118.947
;TYPE:SKIN
G1 F1023.9 X114.929 Y101.053 E1051.80948
G1 X115.515 Y101.053 E1051.83803
G1 X115.515 Y118.947 E1052.70994
G1 X114.929 Y118.947 E1052.73849
G0 F9000 X115.869 Y118.947
G0 X121.887 Y118.948
G0 X122.24 Y118.948
G1 F1025.6 X122.237 Y101.053 E1053.60896
G1 F1023.9 X122.823 Y101.053 E1053.63751
G1 F1025.6 X122.824 Y118.948 E1054.50797
G1 F1027.4 X122.24 Y118.948 E1054.53633
G0 F9000 X121.587 Y118.79
;MESH:NONMESH
G0 F300 X121.587 Y118.79 Z21.6
G0 F9000 X114.748 Y119.4
;TIME_ELAPSED:1555.886381
;LAYER:107
;note -- min layer time used
;TYPE:WALL-INNER
;MESH:testprint.stl
G1 F1500 X123.548 Y119.4 E1054.82902
G1 X123.548 Y100.6 E1055.45431
G1 X114.748 Y100.6 E1055.747
G1 X114.748 Y119.4 E1056.37229
G0 F9000 X114.348 Y119.8
;TYPE:WALL-OUTER
G1 F1500 X123.948 Y119.8 E1056.69159
G1 X123.948 Y100.2 E1057.34349
G1 X114.348 Y100.2 E1057.66279
G1 X114.348 Y119.8 E1058.31469
G0 F9000 X114.631 Y119.52
G0 X116.537 Y119.09
G0 X116.537 Y119.32
;TYPE:FILL
G1 F1518.4 X121.531 Y100.679 E1058.95655
G0 F9000 X122.279 Y100.68
G1 F1518.4 X122.38 Y100.781 E1058.9613
G0 F9000 X122.19 Y100.88
G0 X122.16 Y103.859
G0 X122.38 Y103.859
G1 F1518.4 X115.922 Y105.589 E1059.18367
G0 F9000 X116.142 Y105.589
G0 X116.142 Y102.808
G0 X115.922 Y102.808
G1 F1518.4 X122.38 Y109.266 E1059.48743
G0 F9000 X122.38 Y110.07
G1 F1518.4 X115.922 Y111.801 E1059.70981
G0 F9000 X115.922 Y111.293
G1 F1518.4 X122.38 Y117.752 E1060.0136
G0 F9000 X122.16 Y117.752
G0 X122.16 Y116.282
G0 X122.381 Y116.282
G1 F1518.4 X115.923 Y118.012 E1060.23597
G0 F9000 X116.142 Y118.012
G0 X116.142 Y118.947
G0 X115.201 Y118.947
;TYPE:SKIN
G1 F1023.9 X115.201 Y101.053 E1061.10787
G1 X115.787 Y101.053 E1061.13642
G1 X115.787 Y118.947 E1062.00833
G1 X115.201 Y118.947 E1062.03688
G0 F9000 X116.142 Y118.947
G0 X122.16 Y118.948
G0 X122.512 Y118.948
G1 F1027.4 X122.512 Y101.052 E1062.90591
G1 X123.096 Y101.052 E1062.93427
G1 X123.096 Y118.948 E1063.80329
G1 X122.512 Y118.948 E1063.83165
G0 F9000 X121.86 Y118.79
;MESH:NONMESH
G0 F300 X121.86 Y118.79 Z21.8
G0 F9000 X115.025 Y119.399
;TIME_ELAPSED:1569.125761
;LAYER:108
;note -- min layer time used
;TYPE:WALL-INNER
;MESH:testprint.stl
G1 F1500 X123.823 Y119.399 E1064.12428
G1 X123.82 Y100.6 E1064.74953
G1 X115.024 Y100.6 E1065.04209
G1 X115.025 Y119.399 E1065.66735
G0 F9000 X114.625 Y119.799
;TYPE:WALL-OUTER
G1 F1500 X124.223 Y119.799 E1065.98658
G1 X124.22 Y100.2 E1066.63844
G1 X114.624 Y100.2 E1066.95761
G1 X114.625 Y119.799 E1067.60947
G0 F9000 X114.904 Y119.52
G0 X116.342 Y119.227
G0 X116.391 Y119.32
;TYPE:FILL
G1 F1555.5 X121.385 Y100.679 E1068.25134
G0 F9000 X121.385 Y100.91
G0 X122.479 Y100.91
G0 X122.479 Y100.68
G1 F1555.5 X122.653 Y100.854 E1068.25952
G0 F9000 X122.432 Y100.854
G0 X122.432 Y103.932
G0 X122.652 Y103.932
G1 F1555.5 X116.195 Y105.662 E1068.48186
G0 F9000 X116.414 Y105.662
G0 X116.414 Y102.881
G0 X116.194 Y102.881
G1 F1555.5 X122.653 Y109.339 E1068.78565
G0 F9000 X122.652 Y110.143
G1 F1555.5 X116.195 Y111.873 E1069.00798
G0 F9000 X116.194 Y111.366
G1 F1555.5 X122.653 Y117.824 E1069.31177
G0 F9000 X122.432 Y117.824
G0 X122.432 Y119.13
G0 X122.653 Y119.13
G1 F1555.5 X122.602 Y119.32 E1069.31831
G0 F9000 X122.463 Y119.12
G0 X122.432 Y116.355
G0 X122.652 Y116.355
G1 F1555.5 X116.195 Y118.085 E1069.54065
G0 F9000 X116.414 Y118.085
G0 X116.414 Y118.944
G0 X115.476 Y118.944
;TYPE:SKIN
G1 F1027.4 X115.476 Y101.052 E1070.40948
G1 X116.06 Y101.052 E1070.43784
G1 X116.06 Y118.944 E1071.30667
G1 X115.476 Y118.944 E1071.33503
G0 F9000 X116.414 Y118.944
G0 X122.432 Y118.944
G0 X122.784 Y118.944
G1 F1027.4 X122.784 Y101.052 E1072.20386
G1 X123.368 Y101.052 E1072.23222
G1 X123.368 Y118.944 E1073.10105
G1 X122.784 Y118.944 E1073.12941
G0 F9000 X122.132 Y118.79
;MESH:NONMESH
G0 F300 X122.132 Y118.79 Z22
G0 F9000 X115.297 Y119.399
;TIME_ELAPSED:1582.535894
;LAYER:109
;note -- min layer time used
;TYPE:WALL-INNER
;MESH:testprint.stl
G1 F1500 X124.095 Y119.399 E1073.42203
G1 X124.092 Y100.6 E1074.04729
G1 X115.296 Y100.6 E1074.33985
G1 X115.297 Y119.399 E1074.9651
G0 F9000 X114.897 Y119.799
;TYPE:WALL-OUTER
G1 F1500 X124.495 Y119.799 E1075.28434
G1 X124.492 Y100.2 E1075.9362
G1 X114.896 Y100.2 E1076.25536
G1 X114.897 Y119.799 E1076.90723
G0 F9000 X115.176 Y119.52
G0 X116.615 Y119.227
G0 X116.687 Y118.484
G0 X116.468 Y118.484
;TYPE:FILL
G1 F1590.9 X121.238 Y100.679 E1077.52031
G0 F9000 X121.238 Y100.91
G0 X122.679 Y100.91
G0 X122.679 Y100.68
G1 F1590.9 X122.926 Y100.927 E1077.53193
G0 F9000 X122.705 Y100.927
G0 X122.705 Y104.006
G0 X122.925 Y104.006
G1 F1590.9 X116.468 Y105.736 E1077.75426
G0 F9000 X116.687 Y105.736
G0 X116.687 Y102.953
G0 X116.467 Y102.953
G1 F1590.9 X122.926 Y109.412 E1078.05808
G0 F9000 X122.925 Y110.217
G1 F1590.9 X116.468 Y111.947 E1078.28041
G0 F9000 X116.467 Y111.438
G1 F1590.9 X122.926 Y117.897 E1078.58422
G0 F9000 X122.925 Y117.565
G1 F1590.9 X122.455 Y119.32 E1078.64465
G0 F9000 X122.455 Y119.09
G0 X122.705 Y116.429
G0 X122.926 Y116.429
G1 F1590.9 X116.467 Y118.159 E1078.86705
G0 F9000 X116.687 Y118.159
G0 X116.687 Y118.944
G0 X115.748 Y118.944
;TYPE:SKIN
G1 F1027.4 X115.748 Y101.052 E1079.73588
G1 X116.332 Y101.052 E1079.76424
G1 X116.332 Y118.944 E1080.63307
G1 X115.748 Y118.944 E1080.66143
G0 F9000 X116.687 Y118.944
G0 X122.705 Y118.944
G0 X123.056 Y118.944
G1 F1027.4 X123.056 Y101.052 E1081.53026
G1 X123.64 Y101.052 E1081.55862
G1 X123.64 Y118.944 E1082.42745
G1 X123.056 Y118.944 E1082.45581
G0 F9000 X122.405 Y118.79
;MESH:NONMESH
G0 F300 X122.405 Y118.79 Z22.2
G0 F9000 X115.568 Y119.4
;TIME_ELAPSED:1595.934621
;LAYER:110
;note -- min layer time used
;TYPE:WALL-INNER
;MESH:testprint.stl
G1 F1500 X124.368 Y119.4 E1082.7485
G1 X124.368 Y100.6 E1083.37379
G1 X115.568 Y100.6 E1083.66648
G1 X115.568 Y119.4 E1084.29177
G0 F9000 X115.168 Y119.8
;TYPE:WALL-OUTER
G1 F1500 X124.768 Y119.8 E1084.61107
G1 X124.768 Y100.2 E1085.26297
G1 X115.168 Y100.2 E1085.58227
G1 X115.168 Y119.8 E1086.23416
G0 F9000 X115.449 Y119.52
G0 X116.888 Y119.228
G0 X116.96 Y118.232
G0 X116.741 Y118.232
;TYPE:FILL
G1 F1601.3 X123.198 Y116.502 E1086.4565
G0 F9000 X123.197 Y116.006
G1 F1601.3 X122.309 Y119.32 E1086.57061
G0 F9000 X122.309 Y119.09
G0 X122.977 Y117.969
G0 X123.198 Y117.969
G1 F1601.3 X116.74 Y111.511 E1086.87438
G0 F9000 X116.741 Y112.02
G1 F1601.3 X123.197 Y110.29 E1087.09668
G0 F9000 X123.198 Y109.484
G1 F1601.3 X116.74 Y103.026 E1087.40044
G0 F9000 X116.96 Y103.026
G0 X116.96 Y105.809
G0 X116.74 Y105.809
G1 F1601.3 X123.196 Y104.079 E1087.62275
G0 F9000 X122.977 Y104.079
G0 X122.977 Y100.999
G0 X123.198 Y100.999
G1 F1601.3 X122.879 Y100.68 E1087.63775
G0 F9000 X122.879 Y100.91
G0 X121.092 Y100.91
G0 X121.092 Y100.68
G1 F1601.3 X116.74 Y116.924 E1088.19708
G0 F9000 X116.96 Y116.924
G0 X116.96 Y118.947
G0 X116.021 Y118.947
;TYPE:SKIN
G1 F1023.9 X116.021 Y101.053 E1089.06899
G1 X116.607 Y101.053 E1089.09754
G1 X116.607 Y118.947 E1089.96945
G1 X116.021 Y118.947 E1089.998
G0 F9000 X116.96 Y118.947
G0 X122.977 Y118.947
G0 X123.329 Y118.947
G1 F1023.9 X123.329 Y101.053 E1090.86991
G1 X123.915 Y101.053 E1090.89846
G1 X123.915 Y118.947 E1091.77036
G1 X123.329 Y118.947 E1091.79892
G0 F9000 X122.677 Y118.79
;MESH:NONMESH
G0 F300 X122.677 Y118.79 Z22.4
G0 F9000 X115.84 Y119.4
;TIME_ELAPSED:1609.374976
;LAYER:111
;note -- min layer time used
;TYPE:WALL-INNER
;MESH:testprint.stl
G1 F1500 X124.64 Y119.4 E1092.09161
G1 X124.64 Y100.6 E1092.7169
G1 X115.84 Y100.6 E1093.00959
G1 X115.84 Y119.4 E1093.63488
G0 F9000 X115.44 Y119.8
;TYPE:WALL-OUTER
G1 F1500 X125.04 Y119.8 E1093.95417
G1 X125.04 Y100.2 E1094.60607
G1 X115.44 Y100.2 E1094.92537
G1 X115.44 Y119.8 E1095.57727
G0 F9000 X115.722 Y119.52
G0 X117.16 Y119.228
G0 X117.232 Y118.306
G0 X117.013 Y118.306
;TYPE:FILL
G1 F1675.4 X123.471 Y116.576 E1095.79964
G0 F9000 X123.25 Y116.576
G0 X123.25 Y118.042
G0 X123.471 Y118.042
G1 F1675.4 X117.011 Y111.582 E1096.1035
G0 F9000 X117.012 Y112.095
G1 F1675.4 X123.47 Y110.364 E1096.32587
G0 F9000 X123.471 Y109.556
G1 F1675.4 X117.011 Y103.097 E1096.62971
G0 F9000 X117.232 Y103.097
G0 X117.232 Y105.883
G0 X117.013 Y105.883
G1 F1675.4 X123.47 Y104.153 E1096.85204
G0 F9000 X123.25 Y104.153
G0 X123.25 Y101.071
G0 X123.471 Y101.071
G1 F1675.4 X123.08 Y100.68 E1096.87043
G0 F9000 X123.08 Y100.91
G0 X120.945 Y100.91
G0 X120.945 Y100.68
G1 F1675.4 X117.012 Y115.359 E1097.37588
G0 F9000 X117.232 Y115.359
G0 X122.162 Y119.09
G0 X122.162 Y119.321
G1 F1675.4 X123.47 Y114.438 E1097.54401
G0 F9000 X123.25 Y114.438
G0 X123.25 Y118.947
G0 X123.601 Y118.947
;TYPE:SKIN
G1 F1023.9 X123.601 Y101.053 E1098.41592
G1 X124.187 Y101.053 E1098.44447
G1 X124.187 Y118.947 E1099.31638
G1 X123.601 Y118.947 E1099.34493
G0 F9000 X123.25 Y118.947
G0 X117.232 Y118.947
G0 X116.293 Y118.947
G1 F1023.9 X116.293 Y101.053 E1100.21684
G1 X116.879 Y101.053 E1100.24539
G1 X116.879 Y118.947 E1101.11729
G1 X116.293 Y118.947 E1101.14585
G0 F9000 X117.532 Y118.79
;MESH:NONMESH
G0 F300 X117.532 Y118.79 Z22.6
G0 F9000 X117.16 Y119.228
G0 X116.112 Y119.4
;TIME_ELAPSED:1622.891613
;LAYER:112
;note -- min layer time used
;TYPE:WALL-INNER
;MESH:testprint.stl
G1 F1500 X124.912 Y119.4 E1101.43854
G1 X124.912 Y100.6 E1102.06383
G1 X116.112 Y100.6 E1102.35652
G1 X116.112 Y119.4 E1102.98181
G0 F9000 X115.712 Y119.8
;TYPE:WALL-OUTER
G1 F1500 X125.312 Y119.8 E1103.3011
G1 X125.312 Y100.2 E1103.953
G1 X115.712 Y100.2 E1104.2723
G1 X115.712 Y119.8 E1104.9242
G0 F9000 X115.994 Y119.52
G0 X117.433 Y119.228
G0 X117.505 Y118.379
G0 X117.285 Y118.379
;TYPE:FILL
G1 F1617.6 X123.743 Y116.649 E1105.14657
G0 F9000 X123.523 Y116.649
G0 X123.523 Y118.115
G0 X123.744 Y118.115
G1 F1617.6 X117.285 Y111.656 E1105.45038
G0 F9000 X117.285 Y112.167
G1 F1617.6 X123.743 Y110.437 E1105.67275
G0 F9000 X123.744 Y109.63
G1 F1617.6 X117.285 Y103.171 E1105.97656
G0 F9000 X117.505 Y103.171
G0 X117.505 Y105.956
G0 X117.286 Y105.956
G1 F1617.6 X123.743 Y104.225 E1106.1989
G0 F9000 X123.523 Y104.225
G0 X123.523 Y101.145
G0 X123.744 Y101.145
G1 F1617.6 X123.279 Y100.68 E1106.22077
G0 F9000 X123.279 Y100.91
G0 X120.799 Y100.91
G0 X120.799 Y100.68
G1 F1617.6 X117.285 Y113.794 E1106.67233
G0 F9000 X117.505 Y113.794
G0 X123.523 Y112.874
G0 X123.743 Y112.874
G1 F1617.6 X122.016 Y119.321 E1106.89432
G0 F9000 X122.016 Y119.09
G0 X123.523 Y118.948
G0 X123.876 Y118.948
;TYPE:SKIN
G1 F1025.6 X123.873 Y101.053 E1107.76479
G1 F1023.9 X124.459 Y101.053 E1107.79334
G1 F1025.6 X124.46 Y118.948 E1108.66381
G1 F1027.4 X123.876 Y118.948 E1108.69217
G0 F9000 X123.523 Y118.948
G0 X117.505 Y118.947
G0 X116.565 Y118.947
G1 F1023.9 X116.565 Y101.053 E1109.56407
G1 X117.151 Y101.053 E1109.59262
G1 X117.151 Y118.947 E1110.46453
G1 X116.565 Y118.947 E1110.49308
G0 F9000 X117.805 Y118.79
;MESH:NONMESH
G0 F300 X117.805 Y118.79 Z22.8
G0 F9000 X117.433 Y119.228
G0 X116.384 Y119.4
;TIME_ELAPSED:1636.373072
;LAYER:113
;note -- min layer time used
;TYPE:WALL-INNER
;MESH:testprint.stl
G1 F1500 X125.184 Y119.4 E1110.78577
G1 X125.184 Y100.6 E1111.41106
G1 X116.384 Y100.6 E1111.70375
G1 X116.384 Y119.4 E1112.32904
G0 F9000 X115.984 Y119.8
;TYPE:WALL-OUTER
G1 F1500 X125.584 Y119.8 E1112.64834
G1 X125.584 Y100.2 E1113.30024
G1 X115.984 Y100.2 E1113.61954
G1 X115.984 Y119.8 E1114.27143
G0 F9000 X116.267 Y119.52
G0 X117.705 Y119.228
G0 X117.777 Y118.453
G0 X117.558 Y118.453
;TYPE:FILL
G1 F1627.2 X124.016 Y116.723 E1114.4938
G0 F9000 X123.795 Y116.723
G0 X123.795 Y118.187
G0 X124.017 Y118.187
G1 F1627.2 X117.557 Y111.727 E1114.79766
G0 F9000 X117.557 Y112.23
G1 F1627.2 X120.652 Y100.68 E1115.19537
G0 F9000 X120.652 Y100.91
G0 X123.48 Y100.91
G0 X123.48 Y100.68
G1 F1627.2 X124.015 Y101.215 E1115.22053
G0 F9000 X123.795 Y101.215
G0 X123.795 Y104.3
G0 X124.014 Y104.3
G1 F1627.2 X117.557 Y106.03 E1115.44287
G0 F9000 X117.777 Y106.03
G0 X117.777 Y103.242
G0 X117.557 Y103.242
G1 F1627.2 X124.016 Y109.701 E1115.74668
G0 F9000 X124.015 Y110.511
G1 F1627.2 X117.557 Y112.242 E1115.96906
G0 F9000 X117.777 Y112.242
G0 X123.795 Y111.31
G0 X124.015 Y111.31
G1 F1627.2 X121.869 Y119.321 E1116.2449
G0 F9000 X121.869 Y119.09
G0 X123.795 Y118.948
G0 X124.148 Y118.948
;TYPE:SKIN
G1 F1025.6 X124.145 Y101.053 E1117.11536
G1 F1023.9 X124.731 Y101.053 E1117.14392
G1 F1025.6 X124.732 Y118.948 E1118.01438
G1 F1027.4 X124.148 Y118.948 E1118.04274
G0 F9000 X123.795 Y118.948
G0 X117.777 Y118.947
G0 X116.837 Y118.947
G1 F1023.9 X116.837 Y101.053 E1118.91465
G1 X117.423 Y101.053 E1118.9432
G1 X117.423 Y118.947 E1119.8151
G1 X116.837 Y118.947 E1119.84366
G0 F9000 X118.077 Y118.79
;MESH:NONMESH
G0 F300 X118.077 Y118.79 Z23
G0 F9000 X117.705 Y119.228
G0 X116.661 Y119.399
;TIME_ELAPSED:1649.869405
;LAYER:114
;note -- min layer time used
;TYPE:WALL-INNER
;MESH:testprint.stl
G1 F1500 X125.459 Y119.399 E1120.13628
G1 X125.456 Y100.6 E1120.76154
G1 X116.66 Y100.6 E1121.05409
G1 X116.661 Y119.399 E1121.67935
G0 F9000 X116.261 Y119.799
;TYPE:WALL-OUTER
G1 F1500 X125.859 Y119.799 E1121.99858
G1 X125.856 Y100.2 E1122.65045
G1 X116.26 Y100.2 E1122.96961
G1 X116.261 Y119.799 E1123.62148
G0 F9000 X116.54 Y119.52
G0 X117.978 Y119.227
G0 X118.05 Y118.526
G0 X117.831 Y118.526
;TYPE:FILL
G1 F1635.4 X124.289 Y116.795 E1123.84385
G0 F9000 X124.068 Y116.795
G0 X124.068 Y118.26
G0 X124.289 Y118.26
G1 F1635.4 X117.83 Y111.801 E1124.14766
G0 F9000 X117.83 Y112.314
G1 F1635.4 X124.288 Y110.584 E1124.37003
G0 F9000 X124.288 Y109.774
G1 F1635.4 X117.83 Y103.316 E1124.6738
G0 F9000 X118.05 Y103.316
G0 X118.05 Y106.103
G0 X117.83 Y106.103
G1 F1635.4 X124.288 Y104.372 E1124.89617
G0 F9000 X124.068 Y104.372
G0 X124.068 Y101.289
G0 X124.288 Y101.289
G1 F1635.4 X123.679 Y100.68 E1124.92482
G0 F9000 X123.679 Y100.91
G0 X120.506 Y100.91
G0 X120.506 Y100.68
G1 F1635.4 X117.83 Y110.668 E1125.26874
G0 F9000 X118.05 Y110.668
G0 X124.068 Y109.747
G0 X124.288 Y109.747
G1 F1635.4 X121.723 Y119.32 E1125.59837
G0 F9000 X121.723 Y119.09
G0 X124.068 Y118.944
G0 X124.42 Y118.944
;TYPE:SKIN
G1 F1027.4 X124.42 Y101.052 E1126.4672
G1 X125.004 Y101.052 E1126.49556
G1 X125.004 Y118.944 E1127.36439
G1 X124.42 Y118.944 E1127.39275
G0 F9000 X124.068 Y118.944
G0 X118.05 Y118.944
G0 X117.112 Y118.944
G1 F1027.4 X117.112 Y101.052 E1128.26158
G1 X117.696 Y101.052 E1128.28994
G1 X117.696 Y118.944 E1129.15877
G1 X117.112 Y118.944 E1129.18713
G0 F9000 X118.35 Y118.79
;MESH:NONMESH
G0 F300 X118.35 Y118.79 Z23.2
G0 F9000 X117.978 Y119.227
G0 X116.933 Y119.399
;TIME_ELAPSED:1663.364398
;LAYER:115
;note -- min layer time used
;TYPE:WALL-INNER
;MESH:testprint.stl
G1 F1500 X125.731 Y119.399 E1129.47975
G1 X125.728 Y100.6 E1130.10501
G1 X116.932 Y100.6 E1130.39757
G1 X116.933 Y119.399 E1131.02282
G0 F9000 X116.533 Y119.799
;TYPE:WALL-OUTER
G1 F1500 X126.131 Y119.799 E1131.34205
G1 X126.128 Y100.2 E1131.99392
G1 X116.532 Y100.2 E1132.31308
G1 X116.533 Y119.799 E1132.96495
G0 F9000 X116.812 Y119.52
G0 X118.251 Y119.227
G0 X118.323 Y118.599
G0 X118.104 Y118.599
;TYPE:FILL
G1 F1644.9 X124.562 Y116.868 E1133.18733
G0 F9000 X124.341 Y116.868
G0 X124.341 Y118.334
G0 X124.562 Y118.334
G1 F1644.9 X118.103 Y111.875 E1133.49114
G0 F9000 X118.104 Y112.387
G1 F1644.9 X124.561 Y110.657 E1133.71347
G0 F9000 X124.561 Y109.848
G1 F1644.9 X118.103 Y103.39 E1134.01724
G0 F9000 X118.323 Y103.39
G0 X118.323 Y106.175
G0 X118.103 Y106.175
G1 F1644.9 X124.561 Y104.445 E1134.2396
G0 F9000 X124.341 Y104.445
G0 X124.341 Y101.362
G0 X124.561 Y101.362
G1 F1644.9 X123.879 Y100.68 E1134.27168
G0 F9000 X123.879 Y100.91
G0 X120.36 Y100.91
G0 X120.36 Y100.68
G1 F1644.9 X118.103 Y109.103 E1134.56172
G0 F9000 X118.323 Y109.103
G0 X124.341 Y108.182
G0 X124.562 Y108.182
G1 F1644.9 X121.578 Y119.319 E1134.9452
G0 F9000 X121.578 Y119.09
G0 X124.341 Y118.944
G0 X124.692 Y118.944
;TYPE:SKIN
G1 F1027.4 X124.692 Y101.052 E1135.81403
G1 X125.276 Y101.052 E1135.84239
G1 X125.276 Y118.944 E1136.71122
G1 X124.692 Y118.944 E1136.73958
G0 F9000 X124.341 Y118.944
G0 X118.323 Y118.944
G0 X117.384 Y118.944
G1 F1027.4 X117.384 Y101.052 E1137.60841
G1 X117.968 Y101.052 E1137.63677
G1 X117.968 Y118.944 E1138.5056
G1 X117.384 Y118.944 E1138.53396
G0 F9000 X118.623 Y118.79
;MESH:NONMESH
G0 F300 X118.623 Y118.79 Z23.4
G0 F9000 X118.251 Y119.227
G0 X117.204 Y119.4
;TIME_ELAPSED:1676.868847
;LAYER:116
;note -- min layer time used
;TYPE:WALL-INNER
;MESH:testprint.stl
G1 F1500 X126.004 Y119.4 E1138.82665
G1 X126.004 Y100.6 E1139.45194
G1 X117.204 Y100.6 E1139.74463
G1 X117.204 Y119.4 E1140.36992
G0 F9000 X116.804 Y119.8
;TYPE:WALL-OUTER
G1 F1500 X126.404 Y119.8 E1140.68922
G1 X126.404 Y100.2 E1141.34112
G1 X116.804 Y100.2 E1141.66042
G1 X116.804 Y119.8 E1142.31231
G0 F9000 X117.085 Y119.52
G0 X118.523 Y119.228
G0 X118.595 Y118.673
G0 X118.375 Y118.673
;TYPE:FILL
G1 F1803.5 X124.834 Y116.942 E1142.53472
G0 F9000 X124.613 Y116.942
G0 X124.613 Y118.405
G0 X124.834 Y118.405
G1 F1803.5 X118.375 Y111.946 E1142.83853
G0 F9000 X118.376 Y112.461
G1 F1803.5 X124.833 Y110.731 E1143.06087
G0 F9000 X124.834 Y109.92
G1 F1803.5 X118.375 Y103.46 E1143.3647
G0 F9000 X118.595 Y103.46
G0 X118.595 Y106.249
G0 X118.376 Y106.249
G1 F1803.5 X124.833 Y104.519 E1143.58704
G0 F9000 X124.613 Y104.519
G0 X124.613 Y106.621
G0 X124.833 Y106.621
G1 F1803.5 X121.43 Y119.321 E1144.02435
G0 F9000 X121.43 Y119.09
G0 X118.595 Y107.541
G0 X118.375 Y107.541
G1 F1803.5 X120.214 Y100.679 E1144.26063
G0 F9000 X120.214 Y100.91
G0 X124.08 Y100.91
G0 X124.08 Y100.68
G1 F1803.5 X124.834 Y101.434 E1144.2961
G0 F9000 X124.613 Y101.434
G0 X124.613 Y118.947
G0 X124.965 Y118.947
;TYPE:SKIN
G1 F1023.9 X124.965 Y101.053 E1145.168
G1 X125.551 Y101.053 E1145.19655
G1 X125.551 Y118.947 E1146.06846
G1 X124.965 Y118.947 E1146.09701
G0 F9000 X124.613 Y118.947
G0 X118.595 Y118.948
G0 X117.656 Y118.948
G1 F1027.4 X117.656 Y101.052 E1146.96604
G1 X118.24 Y101.052 E1146.9944
G1 X118.24 Y118.948 E1147.86342
G1 X117.656 Y118.948 E1147.89178
G0 F9000 X118.895 Y118.79
;MESH:NONMESH
G0 F300 X118.895 Y118.79 Z23.6
G0 F9000 X118.523 Y119.228
G0 X117.476 Y119.4
;TIME_ELAPSED:1690.554627
;LAYER:117
;note -- min layer time used
;TYPE:WALL-INNER
;MESH:testprint.stl
G1 F1500 X126.276 Y119.4 E1148.18447
G1 X126.276 Y100.6 E1148.80976
G1 X117.476 Y100.6 E1149.10245
G1 X117.476 Y119.4 E1149.72774
G0 F9000 X117.076 Y119.8
;TYPE:WALL-OUTER
G1 F1500 X126.676 Y119.8 E1150.04704
G1 X126.676 Y100.2 E1150.69894
G1 X117.076 Y100.2 E1151.01824
G1 X117.076 Y119.8 E1151.67013
G0 F9000 X117.357 Y119.52
G0 X118.796 Y119.228
G0 X118.868 Y118.746
G0 X118.648 Y118.746
;TYPE:FILL
G1 F1654.9 X125.107 Y117.015 E1151.89254
G0 F9000 X124.886 Y117.015
G0 X124.886 Y118.479
G0 X125.107 Y118.479
G1 F1654.9 X118.648 Y112.019 E1152.19638
G0 F9000 X118.649 Y112.534
G1 F1654.9 X125.106 Y110.804 E1152.41871
G0 F9000 X125.107 Y109.993
G1 F1654.9 X118.648 Y103.534 E1152.72252
G0 F9000 X118.868 Y103.534
G0 X118.868 Y105.977
G0 X118.648 Y105.977
G1 F1654.9 X120.067 Y100.679 E1152.90495
G0 F9000 X120.067 Y100.91
G0 X124.279 Y100.91
G0 X124.279 Y100.68
G1 F1654.9 X125.107 Y101.508 E1152.94389
G0 F9000 X124.886 Y101.508
G0 X124.886 Y104.592
G0 X125.105 Y104.592
G1 F1654.9 X118.648 Y106.322 E1153.16623
G0 F9000 X118.868 Y106.322
G0 X124.886 Y105.058
G0 X125.106 Y105.058
G1 F1654.9 X121.284 Y119.32 E1153.65732
G0 F9000 X121.284 Y119.09
G0 X118.868 Y118.947
G0 X117.929 Y118.947
;TYPE:SKIN
G1 F1023.9 X117.929 Y101.053 E1154.52923
G1 X118.515 Y101.053 E1154.55778
G1 X118.515 Y118.947 E1155.42969
G1 X117.929 Y118.947 E1155.45824
G0 F9000 X118.868 Y118.947
G0 X124.886 Y118.947
G0 X125.237 Y118.947
G1 F1023.9 X125.237 Y101.053 E1156.33014
G1 X125.823 Y101.053 E1156.3587
G1 X125.823 Y118.947 E1157.2306
G1 X125.237 Y118.947 E1157.25916
G0 F9000 X124.586 Y118.79
;MESH:NONMESH
G0 F300 X124.586 Y118.79 Z23.8
G0 F9000 X117.748 Y119.4
;TIME_ELAPSED:1704.167983
;LAYER:118
;note -- min layer time used
;TYPE:WALL-INNER
;MESH:testprint.stl
G1 F1500 X126.548 Y119.4 E1157.55185
G1 X126.548 Y100.6 E1158.17714
G1 X117.748 Y100.6 E1158.46983
G1 X117.748 Y119.4 E1159.09512
G0 F9000 X117.348 Y119.8
;TYPE:WALL-OUTER
G1 F1500 X126.948 Y119.8 E1159.41441
G1 X126.948 Y100.2 E1160.06631
G1 X117.348 Y100.2 E1160.38561
G1 X117.348 Y119.8 E1161.03751
G0 F9000 X117.63 Y119.52
G0 X119.069 Y119.228
G0 X119.141 Y118.819
G0 X118.922 Y118.819
;TYPE:FILL
G1 F1819.4 X125.379 Y117.089 E1161.25984
G0 F9000 X125.159 Y117.089
G0 X125.159 Y118.551
G0 X125.38 Y118.551
G1 F1819.4 X118.921 Y112.091 E1161.56368
G0 F9000 X118.921 Y112.608
G1 F1819.4 X125.378 Y110.878 E1161.78601
G0 F9000 X125.38 Y110.065
G1 F1819.4 X118.921 Y103.606 E1162.08983
G0 F9000 X118.921 Y104.408
G1 F1819.4 X119.92 Y100.679 E1162.21823
G0 F9000 X119.92 Y100.91
G0 X124.48 Y100.91
G0 X124.48 Y100.68
G1 F1819.4 X125.38 Y101.58 E1162.26056
G0 F9000 X125.159 Y101.58
G0 X125.159 Y103.489
G0 X125.379 Y103.489
G1 F1819.4 X121.137 Y119.32 E1162.80568
G0 F9000 X121.137 Y119.09
G0 X119.141 Y106.396
G0 X118.922 Y106.396
G1 F1819.4 X125.379 Y104.666 E1163.02801
G0 F9000 X125.159 Y104.666
G0 X125.159 Y118.948
G0 X125.512 Y118.948
;TYPE:SKIN
G1 F1025.6 X125.509 Y101.053 E1163.89848
G1 F1023.9 X126.095 Y101.053 E1163.92703
G1 F1025.6 X126.096 Y118.948 E1164.7975
G1 F1027.4 X125.512 Y118.948 E1164.82585
G0 F9000 X125.159 Y118.948
G0 X119.141 Y118.947
G0 X118.201 Y118.947
G1 F1023.9 X118.201 Y101.053 E1165.69776
G1 X118.787 Y101.053 E1165.72631
G1 X118.787 Y118.947 E1166.59822
G1 X118.201 Y118.947 E1166.62677
G0 F9000 X119.441 Y118.79
;MESH:NONMESH
G0 F300 X119.441 Y118.79 Z24
G0 F9000 X119.069 Y119.228
G0 X118.02 Y119.4
;TIME_ELAPSED:1717.718867
;LAYER:119
;note -- min layer time used
;TYPE:WALL-INNER
;MESH:testprint.stl
G1 F1500 X126.82 Y119.4 E1166.91946
G1 X126.82 Y100.6 E1167.54475
G1 X118.02 Y100.6 E1167.83744
G1 X118.02 Y119.4 E1168.46273
G0 F9000 X117.62 Y119.8
;TYPE:WALL-OUTER
G1 F1500 X127.22 Y119.8 E1168.78203
G1 X127.22 Y100.2 E1169.43393
G1 X117.62 Y100.2 E1169.75322
G1 X117.62 Y119.8 E1170.40512
G0 F9000 X117.903 Y119.52
G0 X119.341 Y119.228
G0 X119.413 Y118.893
G0 X119.193 Y118.893
;TYPE:FILL
G1 F1767.1 X125.651 Y117.162 E1170.6275
G0 F9000 X125.431 Y117.162
G0 X125.431 Y118.623
G0 X125.651 Y118.623
G1 F1767.1 X119.193 Y112.164 E1170.93129
G0 F9000 X119.193 Y112.681
G1 F1767.1 X125.651 Y110.951 E1171.15365
G0 F9000 X125.651 Y110.138
G1 F1767.1 X119.193 Y103.679 E1171.45744
G0 F9000 X119.193 Y102.851
G1 F1767.1 X119.774 Y100.679 E1171.53222
G0 F9000 X119.774 Y100.91
G0 X124.679 Y100.91
G0 X124.679 Y100.68
G1 F1767.1 X125.651 Y101.652 E1171.57794
G0 F9000 X125.65 Y101.932
G1 F1767.1 X120.991 Y119.321 E1172.1767
G0 F9000 X120.991 Y119.09
G0 X119.413 Y106.469
G0 X119.194 Y106.469
G1 F1767.1 X125.651 Y104.739 E1172.39904
G0 F9000 X125.431 Y104.739
G0 X125.431 Y118.948
G0 X125.784 Y118.948
;TYPE:SKIN
G1 F1025.6 X125.781 Y101.053 E1173.2695
G1 F1023.9 X126.367 Y101.053 E1173.29806
G1 F1025.6 X126.368 Y118.948 E1174.16852
G1 F1027.4 X125.784 Y118.948 E1174.19688
G0 F9000 X125.431 Y118.948
G0 X119.413 Y118.947
G0 X118.473 Y118.947
G1 F1023.9 X118.473 Y101.053 E1175.06879
G1 X119.059 Y101.053 E1175.09734
G1 X119.059 Y118.947 E1175.96924
G1 X118.473 Y118.947 E1175.9978
G0 F9000 X119.713 Y118.79
;MESH:NONMESH
G0 F300 X119.713 Y118.79 Z24.2
G0 F9000 X119.341 Y119.228
G0 X118.292 Y119.4
;TIME_ELAPSED:1731.188515
;LAYER:120
;note -- min layer time used
;TYPE:WALL-INNER
;MESH:testprint.stl
G1 F1500 X127.092 Y119.4 E1176.29049
G1 X127.092 Y100.6 E1176.91578
G1 X118.292 Y100.6 E1177.20847
G1 X118.292 Y119.4 E1177.83376
G0 F9000 X117.892 Y119.8
;TYPE:WALL-OUTER
G1 F1500 X127.492 Y119.8 E1178.15305
G1 X127.492 Y100.2 E1178.80495
G1 X117.892 Y100.2 E1179.12425
G1 X117.892 Y119.8 E1179.77615
G0 F9000 X118.175 Y119.52
G0 X119.614 Y119.228
G0 X119.686 Y118.966
G0 X119.466 Y118.966
;TYPE:FILL
G1 F1782.5 X125.924 Y117.235 E1179.99853
G0 F9000 X125.704 Y117.235
G0 X125.704 Y118.696
G0 X125.924 Y118.696
G1 F1782.5 X119.466 Y112.238 E1180.30229
G0 F9000 X119.467 Y112.754
G1 F1782.5 X125.924 Y111.024 E1180.52463
G0 F9000 X125.924 Y110.211
G1 F1782.5 X119.466 Y103.752 E1180.82841
G0 F9000 X119.686 Y103.752
G0 X119.686 Y101.285
G0 X119.466 Y101.285
G1 F1782.5 X119.629 Y100.679 E1180.84929
G0 F9000 X119.629 Y100.91
G0 X124.879 Y100.91
G0 X124.879 Y100.68
G1 F1782.5 X125.924 Y101.726 E1180.89846
G0 F9000 X125.704 Y101.726
G0 X125.734 Y100.88
G0 X125.84 Y100.679
G1 F1782.5 X120.845 Y119.32 E1181.54034
G0 F9000 X120.845 Y119.09
G0 X119.686 Y106.542
G0 X119.466 Y106.542
G1 F1782.5 X125.923 Y104.812 E1181.76267
G0 F9000 X125.704 Y104.812
G0 X125.704 Y118.948
G0 X126.056 Y118.948
;TYPE:SKIN
G1 F1027.4 X126.056 Y101.052 E1182.6317
G1 X126.64 Y101.052 E1182.66006
G1 X126.64 Y118.948 E1183.52908
G1 X126.056 Y118.948 E1183.55744
G0 F9000 X125.704 Y118.948
G0 X119.686 Y118.947
G0 X118.745 Y118.947
G1 F1023.9 X118.745 Y101.053 E1184.42935
G1 X119.331 Y101.053 E1184.4579
G1 X119.331 Y118.947 E1185.32981
G1 X118.745 Y118.947 E1185.35836
G0 F9000 X119.986 Y118.79
;MESH:NONMESH
G0 F300 X119.986 Y118.79 Z24.4
G0 F9000 X119.614 Y119.228
G0 X118.569 Y119.399
;TIME_ELAPSED:1744.807866
;LAYER:121
;note -- min layer time used
;TYPE:WALL-INNER
;MESH:testprint.stl
G1 F1500 X127.367 Y119.399 E1185.65098
G1 X127.364 Y100.6 E1186.27624
G1 X118.568 Y100.6 E1186.5688
G1 X118.569 Y119.399 E1187.19405
G0 F9000 X118.169 Y119.799
;TYPE:WALL-OUTER
G1 F1500 X127.767 Y119.799 E1187.51328
G1 X127.764 Y100.2 E1188.16515
G1 X118.168 Y100.2 E1188.48431
G1 X118.169 Y119.799 E1189.13618
G0 F9000 X118.448 Y119.52
G0 X119.887 Y119.227
G0 X119.74 Y119.039
;TYPE:FILL
G1 F1536 X126.196 Y117.309 E1189.35848
G0 F9000 X125.976 Y117.309
G0 X125.976 Y118.768
G0 X126.197 Y118.768
G1 F1536 X119.739 Y112.31 E1189.66225
G0 F9000 X119.739 Y112.828
G1 F1536 X126.196 Y111.098 E1189.88458
G0 F9000 X126.197 Y110.282
G1 F1536 X119.739 Y103.825 E1190.18832
G0 F9000 X119.959 Y103.825
G0 X119.959 Y106.616
G0 X119.739 Y106.616
G1 F1536 X126.196 Y104.886 E1190.41066
G0 F9000 X125.976 Y104.886
G0 X125.976 Y101.797
G0 X126.197 Y101.797
G1 F1536 X125.079 Y100.68 E1190.46322
G0 F9000 X125.693 Y100.679
G1 F1536 X120.698 Y119.32 E1191.1051
G0 F9000 X120.698 Y119.09
G0 X119.959 Y118.944
G0 X119.02 Y118.944
;TYPE:SKIN
G1 F1027.4 X119.02 Y101.052 E1191.97393
G1 X119.604 Y101.052 E1192.00229
G1 X119.604 Y118.944 E1192.87112
G1 X119.02 Y118.944 E1192.89948
G0 F9000 X119.959 Y118.944
G0 X125.976 Y118.944
G0 X126.328 Y118.944
G1 F1027.4 X126.328 Y101.052 E1193.76831
G1 X126.912 Y101.052 E1193.79667
G1 X126.912 Y118.944 E1194.6655
G1 X126.328 Y118.944 E1194.69386
G0 F9000 X125.676 Y118.79
;MESH:NONMESH
G0 F300 X125.676 Y118.79 Z24.6
G0 F9000 X118.84 Y119.4
;TIME_ELAPSED:1758.052623
;LAYER:122
;note -- min layer time used
;TYPE:WALL-INNER
;MESH:testprint.stl
G1 F1500 X127.64 Y119.4 E1194.98655
G1 X127.64 Y100.6 E1195.61184
G1 X118.84 Y100.6 E1195.90453
G1 X118.84 Y119.4 E1196.52982
G0 F9000 X118.44 Y119.8
;TYPE:WALL-OUTER
G1 F1500 X128.04 Y119.8 E1196.84912
G1 X128.04 Y100.2 E1197.50102
G1 X118.44 Y100.2 E1197.82031
G1 X118.44 Y119.8 E1198.47221
G0 F9000 X118.721 Y119.52
G0 X120.159 Y119.228
G0 X120.011 Y119.113
;TYPE:FILL
G1 F1576.3 X126.469 Y117.382 E1198.69459
G0 F9000 X126.249 Y117.382
G0 X126.249 Y118.842
G0 X126.47 Y118.842
G1 F1576.3 X120.011 Y112.383 E1198.9984
G0 F9000 X120.011 Y112.901
G1 F1576.3 X126.469 Y111.17 E1199.22077
G0 F9000 X126.47 Y110.357
G1 F1576.3 X120.011 Y103.897 E1199.52461
G0 F9000 X120.231 Y103.897
G0 X120.231 Y106.689
G0 X120.011 Y106.689
G1 F1576.3 X126.469 Y104.959 E1199.74698
G0 F9000 X126.249 Y104.959
G0 X126.249 Y101.871
G0 X126.47 Y101.871
G1 F1576.3 X125.279 Y100.68 E1199.803
G0 F9000 X125.547 Y100.68
G1 F1576.3 X120.552 Y119.32 E1200.44484
G0 F9000 X120.552 Y119.09
G0 X120.231 Y118.948
G0 X119.292 Y118.948
;TYPE:SKIN
G1 F1027.4 X119.292 Y101.052 E1201.31387
G1 X119.876 Y101.052 E1201.34223
G1 X119.876 Y118.948 E1202.21125
G1 X119.292 Y118.948 E1202.23961
G0 F9000 X120.231 Y118.948
G0 X126.249 Y118.947
G0 X126.601 Y118.947
G1 F1023.9 X126.601 Y101.053 E1203.11152
G1 X127.187 Y101.053 E1203.14007
G1 X127.187 Y118.947 E1204.01197
G1 X126.601 Y118.947 E1204.04053
G0 F9000 X125.949 Y118.79
;MESH:NONMESH
G0 F300 X125.949 Y118.79 Z24.8
G0 F9000 X119.112 Y119.4
;TIME_ELAPSED:1771.216987
;LAYER:123
;note -- min layer time used
;TYPE:WALL-INNER
;MESH:testprint.stl
G1 F1500 X127.912 Y119.4 E1204.33322
G1 X127.912 Y100.6 E1204.95851
G1 X119.112 Y100.6 E1205.2512
G1 X119.112 Y119.4 E1205.87649
G0 F9000 X118.712 Y119.8
;TYPE:WALL-OUTER
G1 F1500 X128.312 Y119.8 E1206.19578
G1 X128.312 Y100.2 E1206.84768
G1 X118.712 Y100.2 E1207.16698
G1 X118.712 Y119.8 E1207.81888
G0 F9000 X118.993 Y119.52
G0 X120.432 Y119.228
G0 X120.284 Y119.186
;TYPE:FILL
G1 F1601.2 X126.742 Y117.456 E1208.04125
G0 F9000 X126.522 Y117.456
G0 X126.522 Y118.849
G0 X126.743 Y118.849
G1 F1601.2 X126.617 Y119.321 E1208.0575
G0 F9000 X126.743 Y118.914
G1 F1601.2 X120.284 Y112.455 E1208.36131
G0 F9000 X120.285 Y112.975
G1 F1601.2 X126.742 Y111.244 E1208.58365
G0 F9000 X126.743 Y110.429
G1 F1601.2 X120.284 Y103.969 E1208.88749
G0 F9000 X120.504 Y103.969
G0 X120.504 Y106.763
G0 X120.285 Y106.763
G1 F1601.2 X126.741 Y105.033 E1209.10979
G0 F9000 X126.522 Y105.033
G0 X126.522 Y101.944
G0 X126.743 Y101.944
G1 F1601.2 X125.48 Y100.68 E1209.16922
G1 X125.4 Y100.68
G1 X120.405 Y119.32 E1209.81106
G0 F9000 X119.565 Y118.947
;TYPE:SKIN
G1 F1023.9 X119.565 Y101.053 E1210.68297
G1 X120.151 Y101.053 E1210.71152
G1 X120.151 Y118.947 E1211.58343
G1 X119.565 Y118.947 E1211.61198
G0 F9000 X120.504 Y118.947
G0 X126.522 Y118.947
G0 X126.873 Y118.947
G1 F1023.9 X126.873 Y101.053 E1212.48388
G1 X127.459 Y101.053 E1212.51244
G1 X127.459 Y118.947 E1213.38434
G1 X126.873 Y118.947 E1213.4129
G0 F9000 X126.222 Y118.79
;MESH:NONMESH
G0 F300 X126.222 Y118.79 Z25
G0 F9000 X119.384 Y119.4
;TIME_ELAPSED:1784.369823
;LAYER:124
;note -- min layer time used
;TYPE:WALL-INNER
;MESH:testprint.stl
G1 F1500 X128.184 Y119.4 E1213.70559
G1 X128.184 Y100.6 E1214.33088
G1 X119.384 Y100.6 E1214.62356
G1 X119.384 Y119.4 E1215.24886
G0 F9000 X118.984 Y119.8
;TYPE:WALL-OUTER
G1 F1500 X128.584 Y119.8 E1215.56815
G1 X128.584 Y100.2 E1216.22005
G1 X118.984 Y100.2 E1216.53935
G1 X118.984 Y119.8 E1217.19125
G0 F9000 X119.266 Y119.52
G0 X120.704 Y119.228
G0 X120.556 Y119.259
;TYPE:FILL
G1 F1622.2 X127.015 Y117.529 E1217.41365
G0 F9000 X127.014 Y117.292
G1 F1622.2 X126.471 Y119.32 E1217.48347
G0 F9000 X127.015 Y118.986
G1 F1622.2 X120.555 Y112.527 E1217.78731
G0 F9000 X120.557 Y113.048
G1 F1622.2 X127.014 Y111.317 E1218.00965
G0 F9000 X127.015 Y110.501
G1 F1622.2 X120.555 Y104.042 E1218.31349
G0 F9000 X120.776 Y104.042
G0 X120.776 Y106.836
G0 X120.556 Y106.836
G1 F1622.2 X127.013 Y105.106 E1218.53582
G0 F9000 X126.794 Y105.106
G0 X126.794 Y102.016
G0 X127.015 Y102.016
G1 F1622.2 X125.679 Y100.68 E1218.59867
G0 F9000 X125.254 Y100.68
G1 F1622.2 X120.556 Y118.214 E1219.20242
G0 F9000 X120.776 Y118.214
G0 X120.776 Y118.947
G0 X119.837 Y118.947
;TYPE:SKIN
G1 F1023.9 X119.837 Y101.053 E1220.07432
G1 X120.423 Y101.053 E1220.10288
G1 X120.423 Y118.947 E1220.97478
G1 X119.837 Y118.947 E1221.00334
G0 F9000 X120.776 Y118.947
G0 X126.794 Y118.947
G0 X127.145 Y118.947
G1 F1023.9 X127.145 Y101.053 E1221.87524
G1 X127.731 Y101.053 E1221.90379
G1 X127.731 Y118.947 E1222.7757
G1 X127.145 Y118.947 E1222.80425
G0 F9000 X126.494 Y118.79
;MESH:NONMESH
G0 F300 X126.494 Y118.79 Z25.2
G0 F9000 X119.656 Y119.4
;TIME_ELAPSED:1797.557161
;LAYER:125
;note -- min layer time used
;TYPE:WALL-INNER
;MESH:testprint.stl
G1 F1500 X128.456 Y119.4 E1223.09694
G1 X128.456 Y100.6 E1223.72223
G1 X119.656 Y100.6 E1224.01492
G1 X119.656 Y119.4 E1224.64021
G0 F9000 X119.256 Y119.8
;TYPE:WALL-OUTER
G1 F1500 X128.856 Y119.8 E1224.95951
G1 X128.856 Y100.2 E1225.61141
G1 X119.256 Y100.2 E1225.9307
G1 X119.256 Y119.8 E1226.5826
G0 F9000 X119.539 Y119.52
G0 X120.977 Y119.228
G0 X120.879 Y119.32
;TYPE:FILL
G1 F1699.8 X127.287 Y117.603 E1226.80325
G0 F9000 X127.067 Y117.603
G0 X127.067 Y119.058
G0 X127.288 Y119.058
G1 F1699.8 X120.829 Y112.6 E1227.10704
G0 F9000 X120.83 Y113.121
G1 F1699.8 X127.287 Y111.391 E1227.32938
G0 F9000 X127.288 Y110.573
G1 F1699.8 X120.829 Y104.114 E1227.63319
G0 F9000 X121.049 Y104.114
G0 X121.049 Y106.91
G0 X120.829 Y106.91
G1 F1699.8 X127.287 Y105.18 E1227.85556
G0 F9000 X127.067 Y105.18
G0 X127.067 Y102.088
G0 X127.288 Y102.088
G1 F1699.8 X125.881 Y100.681 E1227.92174
G0 F9000 X125.107 Y100.68
G1 F1699.8 X120.829 Y116.645 E1228.47147
G0 F9000 X121.049 Y116.645
G0 X126.324 Y119.09
G0 X126.324 Y119.321
G1 F1699.8 X127.288 Y115.724 E1228.59533
G0 F9000 X127.067 Y115.724
G0 X127.067 Y118.948
G0 X127.42 Y118.948
;TYPE:SKIN
G1 F1025.6 X127.417 Y101.053 E1229.46579
G1 F1023.9 X128.003 Y101.053 E1229.49435
G1 F1025.6 X128.004 Y118.948 E1230.36481
G1 F1027.4 X127.42 Y118.948 E1230.39317
G0 F9000 X127.067 Y118.948
G0 X121.049 Y118.947
G0 X120.109 Y118.947
G1 F1023.9 X120.109 Y101.053 E1231.26507
G1 X120.695 Y101.053 E1231.29363
G1 X120.695 Y118.947 E1232.16553
G1 X120.109 Y118.947 E1232.19409
G0 F9000 X121.349 Y118.79
;MESH:NONMESH
G0 F300 X121.349 Y118.79 Z25.4
G0 F9000 X120.977 Y119.228
G0 X119.928 Y119.4
;TIME_ELAPSED:1810.902787
;LAYER:126
;note -- min layer time used
;TYPE:WALL-INNER
;MESH:testprint.stl
G1 F1500 X128.728 Y119.4 E1232.48678
G1 X128.728 Y100.6 E1233.11207
G1 X119.928 Y100.6 E1233.40476
G1 X119.928 Y119.4 E1234.03005
G0 F9000 X119.528 Y119.8
;TYPE:WALL-OUTER
G1 F1500 X129.128 Y119.8 E1234.34934
G1 X129.128 Y100.2 E1235.00124
G1 X119.528 Y100.2 E1235.32054
G1 X119.528 Y119.8 E1235.97244
G0 F9000 X119.811 Y119.52
G0 X121.25 Y119.228
G0 X121.422 Y119.32
;TYPE:FILL
G1 F1936.9 X127.56 Y117.676 E1236.18378
G0 F9000 X127.34 Y117.676
G0 X127.34 Y119.132
G0 X127.561 Y119.132
G1 F1936.9 X121.102 Y112.673 E1236.4876
G0 F9000 X121.102 Y113.194
G1 F1936.9 X127.561 Y111.464 E1236.71
G0 F9000 X127.561 Y110.647
G1 F1936.9 X121.102 Y104.188 E1237.01381
G0 F9000 X121.322 Y104.188
G0 X121.322 Y106.983
G0 X121.103 Y106.983
G1 F1936.9 X127.56 Y105.252 E1237.23615
G0 F9000 X127.34 Y105.252
G0 X127.34 Y102.161
G0 X127.561 Y102.161
G1 F1936.9 X126.079 Y100.68 E1237.30584
G0 F9000 X126.079 Y100.91
G0 X124.961 Y100.91
G0 X124.961 Y100.679
G1 F1936.9 X121.102 Y115.082 E1237.80178
G0 F9000 X121.322 Y115.082
G0 X127.34 Y114.16
G0 X127.561 Y114.16
G1 F1936.9 X126.178 Y119.321 E1237.97949
G0 F9000 X126.178 Y119.09
G0 X121.292 Y100.88
G0 X121.103 Y100.771
G1 F1936.9 X121.443 Y100.68 E1237.9912
G0 F9000 X121.443 Y100.91
G0 X121.322 Y118.947
G0 X120.381 Y118.947
;TYPE:SKIN
G1 F1023.9 X120.381 Y101.053 E1238.8631
G1 X120.967 Y101.053 E1238.89166
G1 X120.967 Y118.947 E1239.76356
G1 X120.381 Y118.947 E1239.79211
G0 F9000 X121.322 Y118.947
G0 X127.34 Y118.948
G0 X127.692 Y118.948
G1 F1027.4 X127.692 Y101.052 E1240.66114
G1 X128.276 Y101.052 E1240.6895
G1 X128.276 Y118.948 E1241.55852
G1 X127.692 Y118.948 E1241.58688
G0 F9000 X127.04 Y118.79
;MESH:NONMESH
G0 F300 X127.04 Y118.79 Z25.6
G0 F9000 X120.205 Y119.399
;TIME_ELAPSED:1824.813210
;LAYER:127
;note -- min layer time used
;TYPE:WALL-INNER
;MESH:testprint.stl
G1 F1500 X129.003 Y119.399 E1241.87951
G1 X129 Y100.6 E1242.50476
G1 X120.204 Y100.6 E1242.79732
G1 X120.205 Y119.399 E1243.42258
G0 F9000 X119.805 Y119.799
;TYPE:WALL-OUTER
G1 F1500 X129.403 Y119.799 E1243.74181
G1 X129.4 Y100.2 E1244.39367
G1 X119.804 Y100.2 E1244.71284
G1 X119.805 Y119.799 E1245.3647
G0 F9000 X120.084 Y119.52
G0 X120.492 Y119.436
G0 X121.972 Y119.09
G0 X121.972 Y119.319
;TYPE:FILL
G1 F1985.9 X127.832 Y117.749 E1245.56648
G0 F9000 X127.612 Y117.749
G0 X127.643 Y119.12
G0 X127.833 Y119.205
G1 F1985.9 X121.374 Y112.746 E1245.87029
G0 F9000 X121.375 Y113.267
G1 F1985.9 X127.832 Y111.537 E1246.09263
G0 F9000 X127.833 Y110.719
G1 F1985.9 X121.374 Y104.261 E1246.39642
G0 F9000 X121.594 Y104.261
G0 X121.594 Y107.056
G0 X121.374 Y107.056
G1 F1985.9 X127.832 Y105.326 E1246.61878
G0 F9000 X127.612 Y105.326
G0 X127.612 Y102.233
G0 X127.832 Y102.233
G1 F1985.9 X126.279 Y100.68 E1246.69183
G0 F9000 X126.279 Y100.91
G0 X124.815 Y100.91
G0 X124.815 Y100.68
G1 F1985.9 X121.374 Y113.523 E1247.13406
G0 F9000 X121.594 Y113.523
G0 X127.612 Y112.602
G0 X127.832 Y112.602
G1 F1985.9 X126.032 Y119.319 E1247.36535
G0 F9000 X126.032 Y119.09
G0 X121.594 Y100.844
G0 X121.374 Y100.844
G1 F1985.9 X121.988 Y100.68 E1247.38649
G0 F9000 X121.988 Y100.91
G0 X121.594 Y118.944
G0 X120.656 Y118.944
;TYPE:SKIN
G1 F1027.4 X120.656 Y101.052 E1248.25532
G1 X121.24 Y101.052 E1248.28368
G1 X121.24 Y118.944 E1249.15251
G1 X120.656 Y118.944 E1249.18087
G0 F9000 X121.594 Y118.944
G0 X127.612 Y118.944
G0 X127.964 Y118.944
G1 F1027.4 X127.964 Y101.052 E1250.0497
G1 X128.548 Y101.052 E1250.07806
G1 X128.548 Y118.944 E1250.94689
G1 X127.964 Y118.944 E1250.97525
G0 F9000 X127.312 Y118.79
;MESH:NONMESH
G0 F300 X127.312 Y118.79 Z25.8
G0 F9000 X120.477 Y119.399
;TIME_ELAPSED:1838.738886
;LAYER:128
;note -- min layer time used
;TYPE:WALL-INNER
;MESH:testprint.stl
G1 F1500 X129.275 Y119.399 E1251.26787
G1 X129.272 Y100.6 E1251.89313
G1 X120.476 Y100.6 E1252.18569
G1 X120.477 Y119.399 E1252.81094
G0 F9000 X120.077 Y119.799
;TYPE:WALL-OUTER
G1 F1500 X129.675 Y119.799 E1253.13017
G1 X129.672 Y100.2 E1253.78204
G1 X120.076 Y100.2 E1254.1012
G1 X120.077 Y119.799 E1254.75307
G0 F9000 X120.356 Y119.52
G0 X122.52 Y119.09
G0 X122.52 Y119.319
;TYPE:FILL
G1 F1949.8 X128.106 Y117.822 E1254.94542
G0 F9000 X127.885 Y117.822
G0 X127.916 Y119.12
G0 X128.106 Y119.277
G1 F1949.8 X121.647 Y112.818 E1255.24923
G0 F9000 X121.648 Y113.341
G1 F1949.8 X128.105 Y111.611 E1255.47156
G0 F9000 X128.105 Y111.034
G1 F1949.8 X125.885 Y119.319 E1255.75684
G0 F9000 X125.885 Y119.09
G0 X121.867 Y111.954
G0 X121.647 Y111.954
G1 F1949.8 X124.668 Y100.679 E1256.14508
G0 F9000 X124.668 Y100.91
G0 X126.479 Y100.91
G0 X126.479 Y100.68
G1 F1949.8 X128.105 Y102.306 E1256.22156
G0 F9000 X127.885 Y102.306
G0 X127.885 Y105.4
G0 X128.104 Y105.4
G1 F1949.8 X121.647 Y107.13 E1256.4439
G0 F9000 X121.867 Y107.13
G0 X121.867 Y104.333
G0 X121.647 Y104.333
G1 F1949.8 X128.106 Y110.792 E1256.74771
G0 F9000 X127.885 Y110.792
G0 X122.536 Y100.91
G0 X122.536 Y100.68
G1 F1949.8 X121.648 Y100.918 E1256.77829
G0 F9000 X121.867 Y100.918
G0 X121.867 Y118.944
G0 X120.928 Y118.944
;TYPE:SKIN
G1 F1027.4 X120.928 Y101.052 E1257.64712
G1 X121.512 Y101.052 E1257.67548
G1 X121.512 Y118.944 E1258.54431
G1 X120.928 Y118.944 E1258.57267
G0 F9000 X121.867 Y118.944
G0 X127.885 Y118.944
G0 X128.236 Y118.944
G1 F1027.4 X128.236 Y101.052 E1259.4415
G1 X128.82 Y101.052 E1259.46986
G1 X128.82 Y118.944 E1260.33869
G1 X128.236 Y118.944 E1260.36705
G0 F9000 X127.585 Y118.79
;MESH:NONMESH
G0 F300 X127.585 Y118.79 Z26
G0 F9000 X120.748 Y119.4
;TIME_ELAPSED:1852.687672
;LAYER:129
;note -- min layer time used
;TYPE:WALL-INNER
;MESH:testprint.stl
G1 F1500 X129.548 Y119.4 E1260.65974
G1 X129.548 Y100.6 E1261.28503
G1 X120.748 Y100.6 E1261.57772
G1 X120.748 Y119.4 E1262.20301
G0 F9000 X120.348 Y119.8
;TYPE:WALL-OUTER
G1 F1500 X129.948 Y119.8 E1262.52231
G1 X129.948 Y100.2 E1263.17421
G1 X120.348 Y100.2 E1263.4935
G1 X120.348 Y119.8 E1264.1454
G0 F9000 X120.629 Y119.52
G0 X123.062 Y119.09
G0 X123.062 Y119.32
;TYPE:FILL
G1 F2000.6 X128.378 Y117.896 E1264.32845
G0 F9000 X128.158 Y117.896
G0 X128.189 Y119.12
G0 X128.348 Y119.32
G1 F2000.6 X121.919 Y112.891 E1264.63085
G0 F9000 X121.92 Y113.414
G1 F2000.6 X128.378 Y111.684 E1264.85321
G0 F9000 X128.379 Y110.865
G1 F2000.6 X121.919 Y104.406 E1265.15705
G0 F9000 X122.14 Y104.406
G0 X122.14 Y107.203
G0 X121.92 Y107.203
G1 F2000.6 X128.378 Y105.472 E1265.37942
G0 F9000 X128.158 Y105.472
G0 X128.158 Y102.379
G0 X128.378 Y102.379
G1 F2000.6 X126.679 Y100.68 E1265.45934
G0 F9000 X126.679 Y100.91
G0 X124.522 Y100.91
G0 X124.522 Y100.679
G1 F2000.6 X121.92 Y110.39 E1265.79372
G0 F9000 X122.14 Y110.39
G0 X128.158 Y109.469
G0 X128.379 Y109.469
G1 F2000.6 X125.739 Y119.32 E1266.13293
G0 F9000 X125.739 Y119.09
G0 X122.14 Y100.991
G0 X121.921 Y100.991
G1 F2000.6 X123.08 Y100.68 E1266.17284
G0 F9000 X123.08 Y100.91
G0 X122.14 Y118.947
G0 X121.201 Y118.947
;TYPE:SKIN
G1 F1023.9 X121.201 Y101.053 E1267.04475
G1 X121.787 Y101.053 E1267.0733
G1 X121.787 Y118.947 E1267.94521
G1 X121.201 Y118.947 E1267.97376
G0 F9000 X122.14 Y118.947
G0 X128.158 Y118.947
G0 X128.509 Y118.947
G1 F1023.9 X128.509 Y101.053 E1268.84566
G1 X129.095 Y101.053 E1268.87422
G1 X129.095 Y118.947 E1269.74612
G1 X128.509 Y118.947 E1269.77468
G0 F9000 X127.858 Y118.79
;MESH:NONMESH
G0 F300 X127.858 Y118.79 Z26.2
G0 F9000 X121.02 Y119.4
;TIME_ELAPSED:1866.658326
;LAYER:130
;note -- min layer time used
;TYPE:WALL-INNER
;MESH:testprint.stl
G1 F1500 X129.82 Y119.4 E1270.06736
G1 X129.82 Y100.6 E1270.69266
G1 X121.02 Y100.6 E1270.98534
G1 X121.02 Y119.4 E1271.61064
G0 F9000 X120.62 Y119.8
;TYPE:WALL-OUTER
G1 F1500 X130.22 Y119.8 E1271.92993
G1 X130.22 Y100.2 E1272.58183
G1 X120.62 Y100.2 E1272.90113
G1 X120.62 Y119.8 E1273.55303
G0 F9000 X120.902 Y119.52
G0 X123.609 Y119.09
G0 X123.609 Y119.32
;TYPE:FILL
G1 F1896.4 X128.65 Y117.97 E1273.7266
G0 F9000 X128.43 Y117.97
G0 X128.461 Y119.12
G0 X128.549 Y119.32
G1 F1896.4 X122.192 Y112.962 E1274.02564
G0 F9000 X122.193 Y113.488
G1 F1896.4 X128.65 Y111.758 E1274.24797
G0 F9000 X128.651 Y110.937
G1 F1896.4 X122.192 Y104.477 E1274.55181
G0 F9000 X122.412 Y104.477
G0 X122.412 Y107.277
G0 X122.193 Y107.277
G1 F1896.4 X128.649 Y105.547 E1274.77411
G0 F9000 X128.43 Y105.547
G0 X128.43 Y107.907
G0 X128.65 Y107.907
G1 F1896.4 X125.592 Y119.32 E1275.1671
G0 F9000 X125.592 Y119.09
G0 X122.412 Y108.827
G0 X122.192 Y108.827
G1 F1896.4 X124.375 Y100.679 E1275.44766
G0 F9000 X123.63 Y100.68
G1 F1896.4 X122.193 Y101.065 E1275.49714
G0 F9000 X122.412 Y101.065
G0 X126.88 Y100.91
G0 X126.88 Y100.68
G1 F1896.4 X128.651 Y102.451 E1275.58044
G0 F9000 X128.43 Y102.451
G0 X128.43 Y118.947
G0 X128.781 Y118.947
;TYPE:SKIN
G1 F1023.9 X128.781 Y101.053 E1276.45235
G1 X129.367 Y101.053 E1276.4809
G1 X129.367 Y118.947 E1277.35281
G1 X128.781 Y118.947 E1277.38136
G0 F9000 X128.43 Y118.947
G0 X122.412 Y118.947
G0 X121.473 Y118.947
G1 F1023.9 X121.473 Y101.053 E1278.25326
G1 X122.059 Y101.053 E1278.28182
G1 X122.059 Y118.947 E1279.15372
G1 X121.473 Y118.947 E1279.18228
G0 F9000 X122.712 Y118.79
;MESH:NONMESH
G0 F300 X122.712 Y118.79 Z26.4
G0 F9000 X122.34 Y119.228
G0 X121.292 Y119.4
;TIME_ELAPSED:1880.369788
;LAYER:131
;note -- min layer time used
;TYPE:WALL-INNER
;MESH:testprint.stl
G1 F1500 X130.092 Y119.4 E1279.47496
G1 X130.092 Y100.6 E1280.10026
G1 X121.292 Y100.6 E1280.39294
G1 X121.292 Y119.4 E1281.01824
G0 F9000 X120.892 Y119.8
;TYPE:WALL-OUTER
G1 F1500 X130.492 Y119.8 E1281.33753
G1 X130.492 Y100.2 E1281.98943
G1 X120.892 Y100.2 E1282.30873
G1 X120.892 Y119.8 E1282.96063
G0 F9000 X121.174 Y119.52
G0 X124.154 Y119.09
G0 X124.154 Y119.32
;TYPE:FILL
G1 F1718.5 X128.924 Y118.042 E1283.12487
G0 F9000 X128.703 Y118.042
G0 X128.749 Y119.09
G0 X128.749 Y119.32
G1 F1718.5 X122.465 Y113.036 E1283.42045
G0 F9000 X122.466 Y113.561
G1 F1718.5 X128.923 Y111.831 E1283.64279
G0 F9000 X128.924 Y111.01
G1 F1718.5 X122.465 Y104.551 E1283.9466
G0 F9000 X122.685 Y104.551
G0 X122.685 Y107.263
G0 X122.465 Y107.263
G1 F1718.5 X124.229 Y100.679 E1284.17331
G1 X124.174 Y100.68
G1 X122.465 Y101.138 E1284.23216
G0 F9000 X122.685 Y101.138
G0 X127.079 Y100.91
G0 X127.079 Y100.68
G1 F1718.5 X128.924 Y102.525 E1284.31894
G0 F9000 X128.703 Y102.525
G0 X128.703 Y105.619
G0 X128.922 Y105.619
G1 F1718.5 X122.466 Y107.349 E1284.54124
G0 F9000 X122.685 Y107.349
G0 X128.703 Y106.344
G0 X128.923 Y106.344
G1 F1718.5 X125.446 Y119.321 E1284.98808
G0 F9000 X125.446 Y119.09
G0 X122.685 Y118.947
G0 X121.745 Y118.947
;TYPE:SKIN
G1 F1023.9 X121.745 Y101.053 E1285.85999
G1 X122.331 Y101.053 E1285.88854
G1 X122.331 Y118.947 E1286.76045
G1 X121.745 Y118.947 E1286.789
G0 F9000 X122.685 Y118.947
G0 X128.703 Y118.948
G0 X129.056 Y118.948
G1 F1025.6 X129.053 Y101.053 E1287.65947
G1 F1023.9 X129.639 Y101.053 E1287.68802
G1 F1025.6 X129.64 Y118.948 E1288.55848
G1 F1027.4 X129.056 Y118.948 E1288.58684
G0 F9000 X128.403 Y118.79
;MESH:NONMESH
G0 F300 X128.403 Y118.79 Z26.6
G0 F9000 X121.564 Y119.4
;TIME_ELAPSED:1893.977179
;LAYER:132
;note -- min layer time used
;TYPE:WALL-INNER
;MESH:testprint.stl
G1 F1500 X130.364 Y119.4 E1288.87953
G1 X130.364 Y100.6 E1289.50482
G1 X121.564 Y100.6 E1289.79751
G1 X121.564 Y119.4 E1290.4228
G0 F9000 X121.164 Y119.8
;TYPE:WALL-OUTER
G1 F1500 X130.764 Y119.8 E1290.7421
G1 X130.764 Y100.2 E1291.394
G1 X121.164 Y100.2 E1291.7133
G1 X121.164 Y119.8 E1292.36519
G0 F9000 X121.447 Y119.52
G0 X124.703 Y119.09
G0 X124.703 Y119.32
;TYPE:FILL
G1 F1866.4 X129.195 Y118.117 E1292.51986
G0 F9000 X128.975 Y118.117
G0 X128.949 Y119.09
G0 X128.949 Y119.32
G1 F1866.4 X122.737 Y113.108 E1292.81206
G0 F9000 X122.739 Y113.635
G1 F1866.4 X129.195 Y111.905 E1293.03436
G0 F9000 X129.195 Y111.081
G1 F1866.4 X122.737 Y104.623 E1293.33813
G0 F9000 X122.958 Y104.623
G0 X122.958 Y105.695
G0 X122.738 Y105.695
G1 F1866.4 X124.082 Y100.679 E1293.51084
G0 F9000 X124.724 Y100.68
G1 F1866.4 X122.739 Y101.212 E1293.57919
G0 F9000 X122.958 Y101.212
G0 X127.28 Y100.91
G0 X127.28 Y100.68
G1 F1866.4 X129.195 Y102.596 E1293.66929
G0 F9000 X128.975 Y102.596
G0 X128.975 Y104.779
G0 X129.195 Y104.779
G1 F1866.4 X125.299 Y119.321 E1294.17002
G0 F9000 X125.299 Y119.09
G0 X122.958 Y107.423
G0 X122.738 Y107.423
G1 F1866.4 X129.195 Y105.693 E1294.39236
G0 F9000 X128.975 Y105.693
G0 X128.975 Y118.948
G0 X129.328 Y118.948
;TYPE:SKIN
G1 F1025.6 X129.325 Y101.053 E1295.26282
G1 F1023.9 X129.911 Y101.053 E1295.29137
G1 F1025.6 X129.912 Y118.948 E1296.16184
G1 F1027.4 X129.328 Y118.948 E1296.1902
G0 F9000 X128.975 Y118.948
G0 X122.958 Y118.947
G0 X122.017 Y118.947
G1 F1023.9 X122.017 Y101.053 E1297.0621
G1 X122.603 Y101.053 E1297.09066
G1 X122.603 Y118.947 E1297.96256
G1 X122.017 Y118.947 E1297.99112
G0 F9000 X123.258 Y118.79
;MESH:NONMESH
G0 F300 X123.258 Y118.79 Z26.8
G0 F9000 X122.886 Y119.228
G0 X121.841 Y119.399
;TIME_ELAPSED:1907.626872
;LAYER:133
;note -- min layer time used
;TYPE:WALL-INNER
;MESH:testprint.stl
G1 F1500 X130.639 Y119.399 E1298.28374
G1 X130.636 Y100.6 E1298.909
G1 X121.84 Y100.6 E1299.20155
G1 X121.841 Y119.399 E1299.82681
G0 F9000 X121.441 Y119.799
;TYPE:WALL-OUTER
G1 F1500 X131.039 Y119.799 E1300.14604
G1 X131.036 Y100.2 E1300.79791
G1 X121.44 Y100.2 E1301.11707
G1 X121.441 Y119.799 E1301.76894
G0 F9000 X121.72 Y119.52
G0 X125.153 Y119.09
G0 X125.153 Y119.32
;TYPE:FILL
G1 F1788.7 X129.468 Y103.219 E1302.32335
G0 F9000 X129.468 Y102.669
G1 F1788.7 X127.479 Y100.68 E1302.41691
G0 F9000 X127.479 Y100.91
G0 X125.268 Y100.91
G0 X125.268 Y100.68
G1 F1788.7 X123.011 Y101.285 E1302.49463
G0 F9000 X123.23 Y101.285
G0 X123.936 Y100.91
G0 X123.936 Y100.68
G1 F1788.7 X123.01 Y104.137 E1302.61366
G0 F9000 X123.01 Y104.696
G1 F1788.7 X129.469 Y111.155 E1302.91747
G0 F9000 X129.468 Y111.978
G1 F1788.7 X123.011 Y113.708 E1303.13981
G0 F9000 X123.01 Y113.181
G1 F1788.7 X129.147 Y119.319 E1303.4285
G0 F9000 X129.147 Y119.09
G0 X129.248 Y118.189
G0 X129.468 Y118.189
G1 F1788.7 X125.252 Y119.319 E1303.57367
G0 F9000 X125.252 Y119.09
G0 X123.23 Y107.496
G0 X123.011 Y107.496
G1 F1788.7 X129.468 Y105.766 E1303.79601
G0 F9000 X129.248 Y105.766
G0 X129.248 Y118.944
G0 X129.6 Y118.944
;TYPE:SKIN
G1 F1027.4 X129.6 Y101.052 E1304.66484
G1 X130.184 Y101.052 E1304.6932
G1 X130.184 Y118.944 E1305.56203
G1 X129.6 Y118.944 E1305.59039
G0 F9000 X129.248 Y118.944
G0 X123.23 Y118.944
G0 X122.292 Y118.944
G1 F1027.4 X122.292 Y101.052 E1306.45922
G1 X122.876 Y101.052 E1306.48758
G1 X122.876 Y118.944 E1307.35641
G1 X122.292 Y118.944 E1307.38477
G0 F9000 X123.53 Y118.79
;MESH:NONMESH
G0 F300 X123.53 Y118.79 Z27
G0 F9000 X123.158 Y119.227
G0 X122.113 Y119.399
;TIME_ELAPSED:1921.129667
;LAYER:134
;note -- min layer time used
;TYPE:WALL-INNER
;MESH:testprint.stl
G1 F1500 X130.911 Y119.399 E1307.67739
G1 X130.908 Y100.6 E1308.30265
G1 X122.112 Y100.6 E1308.59521
G1 X122.113 Y119.399 E1309.22046
G0 F9000 X121.713 Y119.799
;TYPE:WALL-OUTER
G1 F1500 X131.311 Y119.799 E1309.5397
G1 X131.308 Y100.2 E1310.19156
G1 X121.712 Y100.2 E1310.51073
G1 X121.713 Y119.799 E1311.16259
G0 F9000 X121.992 Y119.52
G0 X125.007 Y119.09
G0 X125.007 Y119.319
;TYPE:FILL
G1 F1802 X129.741 Y101.654 E1311.77086
G0 F9000 X129.521 Y101.654
G0 X129.521 Y102.743
G0 X129.741 Y102.743
G1 F1802 X127.679 Y100.68 E1311.86788
G0 F9000 X127.679 Y100.91
G0 X125.813 Y100.91
G0 X125.813 Y100.68
G1 F1802 X123.283 Y101.358 E1311.95499
G0 F9000 X123.79 Y100.679
G1 F1802 X123.283 Y102.572 E1312.02017
G0 F9000 X123.503 Y102.572
G0 X123.503 Y104.77
G0 X123.283 Y104.77
G1 F1802 X129.742 Y111.229 E1312.32399
G0 F9000 X129.741 Y112.051
G1 F1802 X123.283 Y113.781 E1312.54635
G0 F9000 X123.283 Y113.255
G1 F1802 X129.348 Y119.319 E1312.83161
G0 F9000 X129.348 Y119.09
G0 X129.521 Y118.262
G0 X129.741 Y118.262
G1 F1802 X125.797 Y119.319 E1312.96742
G0 F9000 X125.797 Y119.09
G0 X123.503 Y107.569
G0 X123.283 Y107.569
G1 F1802 X129.741 Y105.839 E1313.18978
G0 F9000 X129.521 Y105.839
G0 X129.521 Y118.944
G0 X129.872 Y118.944
;TYPE:SKIN
G1 F1027.4 X129.872 Y101.052 E1314.05862
G1 X130.456 Y101.052 E1314.08697
G1 X130.456 Y118.944 E1314.95581
G1 X129.872 Y118.944 E1314.98417
G0 F9000 X129.521 Y118.944
G0 X123.503 Y118.944
G0 X122.564 Y118.944
G1 F1027.4 X122.564 Y101.052 E1315.853
G1 X123.148 Y101.052 E1315.88136
G1 X123.148 Y118.944 E1316.75019
G1 X122.564 Y118.944 E1316.77855
G0 F9000 X123.803 Y118.79
;MESH:NONMESH
G0 F300 X123.803 Y118.79 Z27.2
G0 F9000 X123.431 Y119.227
G0 X122.384 Y119.4
;TIME_ELAPSED:1934.764105
;LAYER:135
;note -- min layer time used
;TYPE:WALL-INNER
;MESH:testprint.stl
G1 F1500 X131.184 Y119.4 E1317.07124
G1 X131.184 Y100.6 E1317.69653
G1 X122.384 Y100.6 E1317.98922
G1 X122.384 Y119.4 E1318.61451
G0 F9000 X121.984 Y119.8
;TYPE:WALL-OUTER
G1 F1500 X131.584 Y119.8 E1318.9338
G1 X131.584 Y100.2 E1319.5857
G1 X121.984 Y100.2 E1319.905
G1 X121.984 Y119.8 E1320.5569
G0 F9000 X122.265 Y119.52
G0 X124.86 Y119.09
G0 X124.86 Y119.321
;TYPE:FILL
G1 F1898.5 X129.855 Y100.679 E1321.19881
G0 F9000 X129.855 Y100.91
G0 X127.88 Y100.91
G0 X127.88 Y100.68
G1 F1898.5 X130.014 Y102.815 E1321.29921
G0 F9000 X129.793 Y102.815
G0 X129.793 Y105.913
G0 X130.012 Y105.913
G1 F1898.5 X123.555 Y107.643 E1321.52154
G0 F9000 X123.775 Y107.643
G0 X123.775 Y104.841
G0 X123.555 Y104.841
G1 F1898.5 X130.014 Y111.3 E1321.82535
G0 F9000 X130.013 Y112.125
G1 F1898.5 X123.556 Y113.855 E1322.04769
G0 F9000 X123.555 Y113.326
G1 F1898.5 X129.549 Y119.32 E1322.32963
G0 F9000 X129.549 Y119.09
G0 X129.793 Y118.336
G0 X130.014 Y118.336
G1 F1898.5 X126.341 Y119.32 E1322.4561
G0 F9000 X126.341 Y119.09
G0 X123.775 Y101.432
G0 X123.556 Y101.432
G1 F1898.5 X126.362 Y100.68 E1322.55272
G0 F9000 X126.362 Y100.91
G0 X123.745 Y100.88
G0 X123.643 Y100.68
G1 F1898.5 X123.555 Y101.008 E1322.56402
G0 F9000 X123.775 Y101.008
G0 X123.775 Y118.948
G0 X122.836 Y118.948
;TYPE:SKIN
G1 F1027.4 X122.836 Y101.052 E1323.43304
G1 X123.42 Y101.052 E1323.4614
G1 X123.42 Y118.948 E1324.33043
G1 X122.836 Y118.948 E1324.35879
G0 F9000 X123.775 Y118.948
G0 X129.793 Y118.947
G0 X130.145 Y118.947
G1 F1023.9 X130.145 Y101.053 E1325.23069
G1 X130.731 Y101.053 E1325.25924
G1 X130.731 Y118.947 E1326.13115
G1 X130.145 Y118.947 E1326.1597
G0 F9000 X129.493 Y118.79
;MESH:NONMESH
G0 F300 X129.493 Y118.79 Z27.4
G0 F9000 X122.656 Y119.4
;TIME_ELAPSED:1948.707663
;LAYER:136
;note -- min layer time used
;TYPE:WALL-INNER
;MESH:testprint.stl
G1 F1500 X131.456 Y119.4 E1326.45239
G1 X131.456 Y100.6 E1327.07768
G1 X122.656 Y100.6 E1327.37037
G1 X122.656 Y119.4 E1327.99566
G0 F9000 X122.256 Y119.8
;TYPE:WALL-OUTER
G1 F1500 X131.856 Y119.8 E1328.31496
G1 X131.856 Y100.2 E1328.96686
G1 X122.256 Y100.2 E1329.28616
G1 X122.256 Y119.8 E1329.93805
G0 F9000 X122.538 Y119.52
G0 X124.714 Y119.09
G0 X124.714 Y119.32
;TYPE:FILL
G1 F1898.7 X129.709 Y100.68 E1330.5799
G0 F9000 X129.709 Y100.91
G0 X128.079 Y100.91
G0 X128.079 Y100.68
G1 F1898.7 X130.287 Y102.888 E1330.68375
G0 F9000 X130.066 Y102.888
G0 X130.066 Y105.986
G0 X130.286 Y105.986
G1 F1898.7 X123.828 Y107.716 E1330.90612
G0 F9000 X124.048 Y107.716
G0 X124.048 Y104.914
G0 X123.828 Y104.914
G1 F1898.7 X130.287 Y111.374 E1331.20996
G0 F9000 X130.286 Y112.197
G1 F1898.7 X123.828 Y113.928 E1331.43233
G0 F9000 X123.828 Y113.399
G1 F1898.7 X129.748 Y119.32 E1331.71082
G0 F9000 X129.748 Y119.09
G0 X130.066 Y118.409
G0 X130.286 Y118.409
G1 F1898.7 X126.887 Y119.32 E1331.82786
G0 F9000 X126.887 Y119.09
G0 X124.048 Y101.504
G0 X123.829 Y101.504
G1 F1898.7 X126.907 Y100.68 E1331.93384
G0 F9000 X126.907 Y100.91
G0 X124.048 Y118.947
G0 X123.109 Y118.947
;TYPE:SKIN
G1 F1023.9 X123.109 Y101.053 E1332.80574
G1 X123.695 Y101.053 E1332.83429
G1 X123.695 Y118.947 E1333.7062
G1 X123.109 Y118.947 E1333.73475
G0 F9000 X124.048 Y118.947
G0 X130.066 Y118.947
G0 X130.417 Y118.947
G1 F1023.9 X130.417 Y101.053 E1334.60666
G1 X131.003 Y101.053 E1334.63521
G1 X131.003 Y118.947 E1335.50712
G1 X130.417 Y118.947 E1335.53567
G0 F9000 X129.766 Y118.79
;MESH:NONMESH
G0 F300 X129.766 Y118.79 Z27.6
G0 F9000 X122.928 Y119.4
;TIME_ELAPSED:1962.409075
;LAYER:137
;note -- min layer time used
;TYPE:WALL-INNER
;MESH:testprint.stl
G1 F1500 X131.728 Y119.4 E1335.82836
G1 X131.728 Y100.6 E1336.45365
G1 X122.928 Y100.6 E1336.74634
G1 X122.928 Y119.4 E1337.37163
G0 F9000 X122.528 Y119.8
;TYPE:WALL-OUTER
G1 F1500 X132.128 Y119.8 E1337.69093
G1 X132.128 Y100.2 E1338.34282
G1 X122.528 Y100.2 E1338.66212
G1 X122.528 Y119.8 E1339.31402
G0 F9000 X122.81 Y119.52
G0 X123.976 Y119.283
G0 X124.567 Y119.09
G0 X124.567 Y119.321
;TYPE:FILL
G1 F1892.4 X129.562 Y100.68 E1339.9559
G0 F9000 X129.562 Y100.91
G0 X128.28 Y100.91
G0 X128.28 Y100.68
G1 F1892.4 X130.56 Y102.96 E1340.06314
G0 F9000 X130.339 Y102.96
G0 X130.339 Y106.06
G0 X130.559 Y106.06
G1 F1892.4 X124.101 Y107.79 E1340.28551
G0 F9000 X124.321 Y107.79
G0 X124.321 Y104.986
G0 X124.101 Y104.986
G1 F1892.4 X130.56 Y111.446 E1340.58934
G0 F9000 X130.559 Y112.271
G1 F1892.4 X124.101 Y114.002 E1340.81172
G0 F9000 X124.101 Y113.472
G1 F1892.4 X129.949 Y119.32 E1341.08679
G0 F9000 X129.949 Y119.09
G0 X130.339 Y118.483
G0 X130.559 Y118.483
G1 F1892.4 X127.435 Y119.32 E1341.19436
G0 F9000 X127.435 Y119.09
G0 X124.321 Y101.578
G0 X124.101 Y101.578
G1 F1892.4 X127.454 Y100.68 E1341.30981
G0 F9000 X127.454 Y100.91
G0 X130.339 Y118.948
G0 X130.692 Y118.948
;TYPE:SKIN
G1 F1025.6 X130.689 Y101.053 E1342.18028
G1 F1023.9 X131.275 Y101.053 E1342.20883
G1 F1025.6 X131.276 Y118.948 E1343.0793
G1 F1027.4 X130.692 Y118.948 E1343.10765
G0 F9000 X130.339 Y118.948
G0 X124.321 Y118.947
G0 X123.381 Y118.947
G1 F1023.9 X123.381 Y101.053 E1343.97956
G1 X123.967 Y101.053 E1344.00811
G1 X123.967 Y118.947 E1344.88002
G1 X123.381 Y118.947 E1344.90857
G0 F9000 X124.621 Y118.79
;MESH:NONMESH
G0 F300 X124.621 Y118.79 Z27.8
G0 F9000 X124.249 Y119.228
G0 X123.2 Y119.4
;TIME_ELAPSED:1975.965654
;LAYER:138
;note -- min layer time used
;TYPE:WALL-INNER
;MESH:testprint.stl
G1 F1500 X132 Y119.4 E1345.20126
G1 X132 Y100.6 E1345.82655
G1 X123.2 Y100.6 E1346.11924
G1 X123.2 Y119.4 E1346.74453
G0 F9000 X122.8 Y119.8
;TYPE:WALL-OUTER
G1 F1500 X132.4 Y119.8 E1347.06383
G1 X132.4 Y100.2 E1347.71573
G1 X122.8 Y100.2 E1348.03502
G1 X122.8 Y119.8 E1348.68692
G0 F9000 X123.083 Y119.52
G0 X124.521 Y119.228
G0 X124.421 Y119.32
;TYPE:FILL
G1 F1866.7 X129.416 Y100.68 E1349.32877
G0 F9000 X128.48 Y100.681
G1 F1866.7 X130.832 Y103.033 E1349.4394
G0 F9000 X130.611 Y103.033
G0 X130.611 Y106.133
G0 X130.831 Y106.133
G1 F1866.7 X124.374 Y107.863 E1349.66173
G0 F9000 X124.593 Y107.863
G0 X124.593 Y105.059
G0 X124.373 Y105.059
G1 F1866.7 X130.832 Y111.518 E1349.96554
G0 F9000 X130.831 Y112.345
G1 F1866.7 X124.374 Y114.075 E1350.18788
G0 F9000 X124.373 Y113.544
G1 F1866.7 X130.149 Y119.32 E1350.45956
G0 F9000 X130.633 Y119.32
G1 F1866.7 X130.832 Y118.578 E1350.48512
G1 X130.832 Y118.556
G1 X127.981 Y119.32 E1350.58329
G0 F9000 X127.981 Y119.09
G0 X124.593 Y101.652
G0 X124.373 Y101.652
G1 F1866.7 X127.998 Y100.68 E1350.70811
G0 F9000 X127.998 Y100.91
G0 X130.611 Y118.948
G0 X130.964 Y118.948
;TYPE:SKIN
G1 F1025.6 X130.961 Y101.053 E1351.57858
G1 F1023.9 X131.547 Y101.053 E1351.60713
G1 F1025.6 X131.548 Y118.948 E1352.4776
G1 F1027.4 X130.964 Y118.948 E1352.50596
G0 F9000 X130.611 Y118.948
G0 X124.593 Y118.947
G0 X123.653 Y118.947
G1 F1023.9 X123.653 Y101.053 E1353.37786
G1 X124.239 Y101.053 E1353.40641
G1 X124.239 Y118.947 E1354.27832
G1 X123.653 Y118.947 E1354.30687
G0 F9000 X124.893 Y118.79
;MESH:NONMESH
G0 F300 X124.893 Y118.79 Z28
G0 F9000 X124.521 Y119.228
G0 X123.472 Y119.4
;TIME_ELAPSED:1989.473716
;LAYER:139
;note -- min layer time used
;TYPE:WALL-INNER
;MESH:testprint.stl
G1 F1500 X132.272 Y119.4 E1354.59956
G1 X132.272 Y100.6 E1355.22485
G1 X123.472 Y100.6 E1355.51754
G1 X123.472 Y119.4 E1356.14283
G0 F9000 X123.072 Y119.8
;TYPE:WALL-OUTER
G1 F1500 X132.672 Y119.8 E1356.46213
G1 X132.672 Y100.2 E1357.11403
G1 X123.072 Y100.2 E1357.43333
G1 X123.072 Y119.8 E1358.08522
G0 F9000 X123.355 Y119.52
G0 X124.794 Y119.228
G0 X124.866 Y117.936
G0 X124.646 Y117.936
;TYPE:FILL
G1 F1898.3 X129.27 Y100.679 E1358.67944
G0 F9000 X128.679 Y100.68
G1 F1898.3 X131.105 Y103.106 E1358.79355
G0 F9000 X130.884 Y103.106
G0 X130.884 Y106.206
G0 X131.104 Y106.206
G1 F1898.3 X124.647 Y107.936 E1359.01589
G0 F9000 X124.866 Y107.936
G0 X124.866 Y105.133
G0 X124.646 Y105.133
G1 F1898.3 X131.105 Y111.591 E1359.31968
G0 F9000 X131.104 Y112.417
G1 F1898.3 X124.647 Y114.148 E1359.54202
G0 F9000 X124.646 Y113.618
G1 F1898.3 X130.348 Y119.32 E1359.81023
G1 X130.487 Y119.32
G1 X131.105 Y117.015 E1359.8896
G0 F9000 X130.884 Y117.015
G0 X130.884 Y118.629
G0 X131.104 Y118.629
G1 F1898.3 X128.524 Y119.32 E1359.97843
G0 F9000 X128.524 Y119.09
G0 X124.866 Y101.724
G0 X124.646 Y101.724
G1 F1898.3 X128.544 Y100.68 E1360.11265
G0 F9000 X128.544 Y100.91
G0 X130.884 Y118.948
G0 X131.236 Y118.948
;TYPE:SKIN
G1 F1027.4 X131.236 Y101.052 E1360.98168
G1 X131.82 Y101.052 E1361.01004
G1 X131.82 Y118.948 E1361.87906
G1 X131.236 Y118.948 E1361.90742
G0 F9000 X130.884 Y118.948
G0 X124.866 Y118.947
G0 X123.925 Y118.947
G1 F1023.9 X123.925 Y101.053 E1362.77933
G1 X124.511 Y101.053 E1362.80788
G1 X124.511 Y118.947 E1363.67978
G1 X123.925 Y118.947 E1363.70834
G0 F9000 X125.166 Y118.79
;MESH:NONMESH
G0 F300 X125.166 Y118.79 Z28.2
G0 F9000 X124.794 Y119.228
G0 X123.749 Y119.399
;TIME_ELAPSED:2003.125854
;LAYER:140
;note -- min layer time used
;TYPE:WALL-INNER
;MESH:testprint.stl
G1 F1500 X132.547 Y119.399 E1364.00096
G1 X132.544 Y100.6 E1364.62622
G1 X123.748 Y100.6 E1364.91877
G1 X123.749 Y119.399 E1365.54403
G0 F9000 X123.349 Y119.799
;TYPE:WALL-OUTER
G1 F1500 X132.947 Y119.799 E1365.86326
G1 X132.944 Y100.2 E1366.51513
G1 X123.348 Y100.2 E1366.83429
G1 X123.349 Y119.799 E1367.48616
G0 F9000 X123.628 Y119.52
G0 X125.067 Y119.227
G0 X125.139 Y116.368
G0 X124.919 Y116.368
;TYPE:FILL
G1 F1872.3 X129.123 Y100.68 E1368.02635
G1 X129.094 Y100.68
G1 X124.92 Y101.798 E1368.17007
G0 F9000 X125.139 Y101.798
G0 X125.139 Y105.205
G0 X124.919 Y105.205
G1 F1872.3 X131.378 Y111.664 E1368.47388
G0 F9000 X131.377 Y112.491
G1 F1872.3 X124.919 Y114.222 E1368.69626
G0 F9000 X124.919 Y113.69
G1 F1872.3 X130.547 Y119.319 E1368.96101
G0 F9000 X130.34 Y119.319
G1 F1872.3 X131.377 Y115.449 E1369.09427
G0 F9000 X131.157 Y115.449
G0 X131.157 Y118.703
G0 X131.377 Y118.703
G1 F1872.3 X129.077 Y119.319 E1369.17346
G0 F9000 X129.077 Y119.09
G0 X125.139 Y108.01
G0 X124.92 Y108.01
G1 F1872.3 X131.377 Y106.28 E1369.3958
G0 F9000 X131.157 Y106.28
G0 X131.157 Y103.178
G0 X131.378 Y103.178
G1 F1872.3 X128.879 Y100.68 E1369.51332
G0 F9000 X128.879 Y100.91
G0 X131.157 Y118.944
G0 X131.508 Y118.944
;TYPE:SKIN
G1 F1027.4 X131.508 Y101.052 E1370.38215
G1 X132.092 Y101.052 E1370.41051
G1 X132.092 Y118.944 E1371.27934
G1 X131.508 Y118.944 E1371.3077
G0 F9000 X131.157 Y118.944
G0 X125.139 Y118.944
G0 X124.2 Y118.944
G1 F1027.4 X124.2 Y101.052 E1372.17653
G1 X124.784 Y101.052 E1372.20489
G1 X124.784 Y118.944 E1373.07372
G1 X124.2 Y118.944 E1373.10208
G0 F9000 X125.439 Y118.79
;MESH:NONMESH
G0 F300 X125.439 Y118.79 Z28.4
G0 F9000 X125.067 Y119.227
G0 X124.02 Y119.4
;TIME_ELAPSED:2016.807168
;LAYER:141
;note -- min layer time used
;TYPE:WALL-INNER
;MESH:testprint.stl
G1 F1500 X132.82 Y119.4 E1373.39477
G1 X132.82 Y100.6 E1374.02006
G1 X124.02 Y100.6 E1374.31275
G1 X124.02 Y119.4 E1374.93804
G0 F9000 X123.62 Y119.8
;TYPE:WALL-OUTER
G1 F1500 X133.22 Y119.8 E1375.25734
G1 X133.22 Y100.2 E1375.90924
G1 X123.62 Y100.2 E1376.22853
G1 X123.62 Y119.8 E1376.88043
G0 F9000 X123.901 Y119.52
G0 X125.339 Y119.228
G0 X125.411 Y114.807
G0 X125.192 Y114.807
;TYPE:FILL
G1 F1945.6 X128.977 Y100.679 E1377.3669
G1 X129.079 Y100.68
G1 X131.649 Y103.25 E1377.48779
G0 F9000 X131.429 Y103.25
G0 X131.429 Y106.353
G0 X131.649 Y106.353
G1 F1945.6 X125.192 Y108.083 E1377.71012
G0 F9000 X125.411 Y108.083
G0 X125.411 Y105.277
G0 X125.19 Y105.277
G1 F1945.6 X131.65 Y111.736 E1378.01396
G0 F9000 X131.65 Y112.564
G1 F1945.6 X125.191 Y114.295 E1378.23637
G0 F9000 X125.19 Y113.762
G1 F1945.6 X130.748 Y119.32 E1378.4978
G0 F9000 X130.194 Y119.32
G1 F1945.6 X131.649 Y113.889 E1378.6848
G0 F9000 X131.429 Y113.889
G0 X131.429 Y118.776
G0 X131.649 Y118.776
G1 F1945.6 X129.618 Y119.32 E1378.75474
G0 F9000 X129.618 Y119.09
G0 X125.411 Y101.871
G0 X125.191 Y101.871
G1 F1945.6 X129.637 Y100.68 E1378.90782
G0 F9000 X129.637 Y100.91
G0 X131.429 Y118.947
G0 X131.781 Y118.947
;TYPE:SKIN
G1 F1023.9 X131.781 Y101.053 E1379.77973
G1 X132.367 Y101.053 E1379.80828
G1 X132.367 Y118.947 E1380.68019
G1 X131.781 Y118.947 E1380.70874
G0 F9000 X131.429 Y118.947
G0 X125.411 Y118.948
G0 X124.472 Y118.948
G1 F1027.4 X124.472 Y101.052 E1381.57777
G1 X125.056 Y101.052 E1381.60613
G1 X125.056 Y118.948 E1382.47515
G1 X124.472 Y118.948 E1382.50351
G0 F9000 X125.711 Y118.79
;MESH:NONMESH
G0 F300 X125.711 Y118.79 Z28.6
G0 F9000 X125.339 Y119.228
G0 X124.292 Y119.4
;TIME_ELAPSED:2030.588239
;LAYER:142
;note -- min layer time used
;TYPE:WALL-INNER
;MESH:testprint.stl
G1 F1500 X133.092 Y119.4 E1382.7962
G1 X133.092 Y100.6 E1383.42149
G1 X124.292 Y100.6 E1383.71418
G1 X124.292 Y119.4 E1384.33947
G0 F9000 X123.892 Y119.8
;TYPE:WALL-OUTER
G1 F1500 X133.492 Y119.8 E1384.65877
G1 X133.492 Y100.2 E1385.31067
G1 X123.892 Y100.2 E1385.62996
G1 X123.892 Y119.8 E1386.28186
G0 F9000 X124.173 Y119.52
G0 X125.612 Y119.228
G0 X125.684 Y114.368
G0 X125.465 Y114.368
;TYPE:FILL
G1 F1853.3 X131.922 Y112.638 E1386.5042
G0 F9000 X131.923 Y112.32
G1 F1853.3 X130.047 Y119.32 E1386.74523
G1 X130.168 Y119.32
G1 X131.923 Y118.85 E1386.80566
G0 F9000 X131.702 Y118.85
G0 X130.949 Y119.09
G0 X130.949 Y119.32
G1 F1853.3 X125.463 Y113.834 E1387.06371
G0 F9000 X125.464 Y113.241
G1 F1853.3 X128.83 Y100.679 E1387.49626
G0 F9000 X129.28 Y100.68
G1 F1853.3 X131.922 Y103.322 E1387.62053
G0 F9000 X131.702 Y103.322
G0 X131.702 Y106.426
G0 X131.922 Y106.426
G1 F1853.3 X125.465 Y108.157 E1387.84288
G0 F9000 X125.684 Y108.157
G0 X125.684 Y105.349
G0 X125.463 Y105.349
G1 F1853.3 X131.923 Y111.808 E1388.14671
G0 F9000 X131.702 Y111.808
G0 X130.187 Y100.91
G0 X130.187 Y100.68
G1 F1853.3 X125.464 Y101.945 E1388.30934
G0 F9000 X125.684 Y101.945
G0 X125.684 Y118.947
G0 X124.745 Y118.947
;TYPE:SKIN
G1 F1023.9 X124.745 Y101.053 E1389.18124
G1 X125.331 Y101.053 E1389.20979
G1 X125.331 Y118.947 E1390.0817
G1 X124.745 Y118.947 E1390.11025
G0 F9000 X125.684 Y118.947
G0 X131.702 Y118.947
G0 X132.053 Y118.947
G1 F1023.9 X132.053 Y101.053 E1390.98216
G1 X132.639 Y101.053 E1391.01071
G1 X132.639 Y118.947 E1391.88262
G1 X132.053 Y118.947 E1391.91117
G0 F9000 X131.402 Y118.79
;MESH:NONMESH
G0 F300 X131.402 Y118.79 Z28.8
G0 F9000 X124.564 Y119.4
;TIME_ELAPSED:2044.354992
;LAYER:143
;note -- min layer time used
;TYPE:WALL-INNER
;MESH:testprint.stl
G1 F1500 X133.364 Y119.4 E1392.20386
G1 X133.364 Y100.6 E1392.82915
G1 X124.564 Y100.6 E1393.12184
G1 X124.564 Y119.4 E1393.74713
G0 F9000 X124.164 Y119.8
;TYPE:WALL-OUTER
G1 F1500 X133.764 Y119.8 E1394.06643
G1 X133.764 Y100.2 E1394.71832
G1 X124.164 Y100.2 E1395.03762
G1 X124.164 Y119.8 E1395.68952
G0 F9000 X124.446 Y119.52
G0 X125.885 Y119.228
G0 X125.957 Y118.8
G0 X125.857 Y118.8
;TYPE:FILL
G1 F2362.4 X130.04 Y118.8 E1395.82865
G0 F9000 X129.901 Y119.321
G1 F2362.4 X132.195 Y110.76 E1396.12343
G0 F9000 X131.974 Y110.76
G0 X131.974 Y111.881
G0 X132.195 Y111.881
G1 F2362.4 X125.737 Y105.423 E1396.4272
G0 F9000 X125.957 Y105.423
G0 X125.957 Y108.23
G0 X125.737 Y108.23
G1 F2362.4 X132.194 Y106.5 E1396.64953
G0 F9000 X131.974 Y106.5
G0 X131.974 Y103.396
G0 X132.195 Y103.396
G1 F2362.4 X129.998 Y101.2 E1396.75285
G1 X128.791 Y101.2 E1396.79299
G1 X130.73 Y100.68 E1396.85976
G0 F9000 X130 Y101.2
G1 F2362.4 X132.074 Y101.2 E1396.92875
G0 F9000 X131.974 Y101.199
G0 X129.998 Y101.2
G1 F2362.4 X129.479 Y100.68 E1396.95318
G0 F9000 X128.684 Y100.679
G1 F2362.4 X125.737 Y111.677 E1397.33188
G0 F9000 X125.957 Y111.677
G0 X125.957 Y113.909
G0 X125.737 Y113.909
G1 F2362.4 X131.148 Y119.319 E1397.58637
G0 F9000 X130.711 Y119.32
G1 F2362.4 X132.194 Y118.923 E1397.63744
G1 X132.075 Y118.8
G1 X130.63 Y118.8 E1397.6855
G0 F9000 X131.974 Y112.711
G0 X132.194 Y112.711
G1 F2362.4 X125.737 Y114.441 E1397.90783
G0 F9000 X125.957 Y114.441
G0 X125.957 Y102.018
G0 X125.738 Y102.018
G1 F2362.4 X128.791 Y101.2 E1398.01296
G0 F9000 X128.544 Y101.2
G1 F2362.4 X125.857 Y101.2 E1398.10233
G0 F9000 X125.957 Y101.2
G0 X125.957 Y118.947
G0 X125.017 Y118.947
;TYPE:SKIN
G1 F1023.9 X125.017 Y101.053 E1398.97423
G1 X125.603 Y101.053 E1399.00279
G1 X125.603 Y118.947 E1399.87469
G1 X125.017 Y118.947 E1399.90324
G0 F9000 X125.957 Y118.947
G0 X131.974 Y118.947
G0 X132.325 Y118.947
G1 F1023.9 X132.325 Y101.053 E1400.77515
G1 X132.911 Y101.053 E1400.8037
G1 X132.911 Y118.947 E1401.67561
G1 X132.325 Y118.947 E1401.70416
G0 F9000 X131.674 Y118.79
;MESH:NONMESH
G0 F300 X131.674 Y118.79 Z29
G0 F9000 X124.836 Y119.4
;TIME_ELAPSED:2059.010857
;LAYER:144
;TYPE:WALL-INNER
;MESH:testprint.stl
G1 F1500 X133.636 Y119.4 E1401.99685
G1 X133.636 Y100.6 E1402.62214
G1 X124.836 Y100.6 E1402.91483
G1 X124.836 Y119.4 E1403.54012
G0 F9000 X124.436 Y119.8
;TYPE:WALL-OUTER
G1 F1500 X134.036 Y119.8 E1403.85942
G1 X134.036 Y100.2 E1404.51132
G1 X124.436 Y100.2 E1404.83061
G1 X124.436 Y119.8 E1405.48251
G0 F9000 X124.719 Y119.52
G0 X124.936 Y119.04
G0 X125.196 Y119.04
;TYPE:SKIN
G1 F1500 X125.196 Y100.96 E1406.08386
G1 X133.276 Y100.96 E1406.3526
G1 X133.276 Y119.04 E1406.95394
G1 X125.196 Y119.04 E1407.22268
G0 F9000 X125.628 Y118.84
G1 F1500 X125.395 Y118.607 E1407.23364
G0 F9000 X125.395 Y118.042
G1 F1500 X126.194 Y118.84 E1407.2712
G0 F9000 X126.759 Y118.84
G1 F1500 X125.395 Y117.476 E1407.33536
G0 F9000 X125.395 Y116.91
G1 F1500 X127.325 Y118.84 E1407.42614
G0 F9000 X127.891 Y118.84
G1 F1500 X125.395 Y116.345 E1407.54352
G0 F9000 X125.395 Y115.779
G1 F1500 X128.457 Y118.84 E1407.68752
G0 F9000 X129.022 Y118.84
G1 F1500 X125.395 Y115.213 E1407.85813
G0 F9000 X125.395 Y114.647
G1 F1500 X129.588 Y118.84 E1408.05535
G0 F9000 X130.154 Y118.84
G1 F1500 X125.395 Y114.082 E1408.27918
G0 F9000 X125.395 Y113.516
G1 F1500 X130.719 Y118.84 E1408.5296
G0 F9000 X131.285 Y118.84
G1 F1500 X125.395 Y112.95 E1408.80665
G0 F9000 X125.395 Y112.385
G1 F1500 X131.851 Y118.84 E1409.1103
G0 F9000 X132.416 Y118.84
G1 F1500 X125.395 Y111.819 E1409.44054
G0 F9000 X125.395 Y111.253
G1 F1500 X132.982 Y118.84 E1409.79741
G0 F9000 X133.076 Y118.368
G1 F1500 X125.395 Y110.688 E1410.15868
G0 F9000 X125.395 Y110.122
G1 F1500 X133.076 Y117.803 E1410.51997
G0 F9000 X133.076 Y117.237
G1 F1500 X125.395 Y109.556 E1410.88126
G0 F9000 X125.395 Y108.991
G1 F1500 X133.076 Y116.671 E1411.24253
G0 F9000 X133.076 Y116.106
G1 F1500 X125.395 Y108.425 E1411.60382
G0 F9000 X125.395 Y107.859
G1 F1500 X133.076 Y115.54 E1411.96511
G0 F9000 X133.076 Y114.974
G1 F1500 X125.395 Y107.294 E1412.32638
G0 F9000 X125.395 Y106.728
G1 F1500 X133.076 Y114.408 E1412.68764
G0 F9000 X133.076 Y113.843
G1 F1500 X125.395 Y106.162 E1413.04894
G0 F9000 X125.395 Y105.596
G1 F1500 X133.076 Y113.277 E1413.41023
G0 F9000 X133.076 Y112.711
G1 F1500 X125.395 Y105.031 E1413.77149
G0 F9000 X125.395 Y104.465
G1 F1500 X133.076 Y112.146 E1414.13278
G0 F9000 X133.076 Y111.58
G1 F1500 X125.395 Y103.899 E1414.49407
G0 F9000 X125.395 Y103.334
G1 F1500 X133.076 Y111.014 E1414.85534
G0 F9000 X133.076 Y110.449
G1 F1500 X125.395 Y102.768 E1415.21663
G0 F9000 X125.395 Y102.202
G1 F1500 X133.076 Y109.883 E1415.57792
G0 F9000 X133.076 Y109.317
G1 F1500 X125.395 Y101.637 E1415.93919
G0 F9000 X125.485 Y101.16
G1 F1500 X133.076 Y108.752 E1416.29627
G0 F9000 X133.076 Y108.186
G1 F1500 X126.05 Y101.16 E1416.62675
G0 F9000 X126.616 Y101.16
G1 F1500 X133.076 Y107.62 E1416.93061
G0 F9000 X133.076 Y107.055
G1 F1500 X127.182 Y101.16 E1417.20787
G0 F9000 X127.747 Y101.16
G1 F1500 X133.076 Y106.489 E1417.45853
G0 F9000 X133.076 Y105.923
G1 F1500 X128.313 Y101.16 E1417.68257
G0 F9000 X128.879 Y101.16
G1 F1500 X133.076 Y105.357 E1417.87998
G0 F9000 X133.076 Y104.792
G1 F1500 X129.444 Y101.16 E1418.05082
G0 F9000 X130.01 Y101.16
G1 F1500 X133.076 Y104.226 E1418.19503
G0 F9000 X133.076 Y103.66
G1 F1500 X130.576 Y101.16 E1418.31263
G0 F9000 X131.141 Y101.16
G1 F1500 X133.076 Y103.095 E1418.40364
G0 F9000 X133.076 Y102.529
G1 F1500 X131.707 Y101.16 E1418.46804
G0 F9000 X132.273 Y101.16
G1 F1500 X133.076 Y101.963 E1418.50581
G0 F9000 X133.076 Y101.398
G1 F1500 X132.838 Y101.16 E1418.517
;MESH:NONMESH
G0 F300 X132.838 Y101.16 Z29.2
G0 F9000 X132.838 Y100.7
G0 X125.008 Y100.772
G0 X125.008 Y119.228
G0 X125.108 Y119.4
;TIME_ELAPSED:2083.993067
;LAYER:145
;TYPE:WALL-INNER
;MESH:testprint.stl
G1 F1500 X133.908 Y119.4 E1418.80969
G1 X133.908 Y100.6 E1419.43498
G1 X125.108 Y100.6 E1419.72767
G1 X125.108 Y119.4 E1420.35296
G0 F9000 X124.708 Y119.8
;TYPE:WALL-OUTER
G1 F1500 X134.308 Y119.8 E1420.67226
G1 X134.308 Y100.2 E1421.32416
G1 X124.708 Y100.2 E1421.64346
G1 X124.708 Y119.8 E1422.29535
G0 F9000 X124.991 Y119.52
G0 X125.208 Y119.04
G0 X125.468 Y119.04
;TYPE:SKIN
G1 F1500 X125.468 Y100.96 E1422.8967
G1 X133.548 Y100.96 E1423.16544
G1 X133.548 Y119.04 E1423.76678
G1 X125.468 Y119.04 E1424.03552
G0 F9000 X125.208 Y119.04
G0 X132.89 Y119.3
G0 X132.89 Y118.84
G1 F1500 X133.348 Y118.382 E1424.05707
G0 F9000 X133.348 Y117.817
G1 F1500 X132.324 Y118.84 E1424.10521
G0 F9000 X131.759 Y118.84
G1 F1500 X133.348 Y117.251 E1424.17995
G0 F9000 X133.348 Y116.685
G1 F1500 X131.193 Y118.84 E1424.28132
G0 F9000 X130.627 Y118.84
G1 F1500 X133.348 Y116.12 E1424.40928
G0 F9000 X133.348 Y115.554
G1 F1500 X130.062 Y118.84 E1424.56384
G0 F9000 X129.496 Y118.84
G1 F1500 X133.348 Y114.988 E1424.74503
G0 F9000 X133.348 Y114.423
G1 F1500 X128.93 Y118.84 E1424.95281
G0 F9000 X128.365 Y118.84
G1 F1500 X133.348 Y113.857 E1425.1872
G0 F9000 X133.348 Y113.291
G1 F1500 X127.799 Y118.84 E1425.44821
G0 F9000 X127.233 Y118.84
G1 F1500 X133.348 Y112.726 E1425.73582
G0 F9000 X133.348 Y112.16
G1 F1500 X126.668 Y118.84 E1426.05002
G0 F9000 X126.102 Y118.84
G1 F1500 X133.348 Y111.594 E1426.39085
G0 F9000 X133.348 Y111.028
G1 F1500 X125.668 Y118.708 E1426.7521
G0 F9000 X125.668 Y118.142
G1 F1500 X133.348 Y110.463 E1427.11332
G0 F9000 X133.348 Y109.897
G1 F1500 X125.668 Y117.576 E1427.47454
G0 F9000 X125.668 Y117.011
G1 F1500 X133.348 Y109.331 E1427.83578
G0 F9000 X133.348 Y108.766
G1 F1500 X125.668 Y116.445 E1428.197
G0 F9000 X125.668 Y115.879
G1 F1500 X133.348 Y108.2 E1428.55822
G0 F9000 X133.348 Y107.634
G1 F1500 X125.668 Y115.314 E1428.91946
G0 F9000 X125.668 Y114.748
G1 F1500 X133.348 Y107.069 E1429.28068
G0 F9000 X133.348 Y106.503
G1 F1500 X125.668 Y114.182 E1429.6419
G0 F9000 X125.668 Y113.617
G1 F1500 X133.348 Y105.937 E1430.00315
G0 F9000 X133.348 Y105.372
G1 F1500 X125.668 Y113.051 E1430.36437
G0 F9000 X125.668 Y112.485
G1 F1500 X133.348 Y104.806 E1430.72559
G0 F9000 X133.348 Y104.24
G1 F1500 X125.668 Y111.919 E1431.08681
G0 F9000 X125.668 Y111.354
G1 F1500 X133.348 Y103.675 E1431.44803
G0 F9000 X133.348 Y103.109
G1 F1500 X125.668 Y110.788 E1431.80925
G0 F9000 X125.668 Y110.222
G1 F1500 X133.348 Y102.543 E1432.17047
G0 F9000 X133.348 Y101.978
G1 F1500 X125.668 Y109.657 E1432.53169
G0 F9000 X125.668 Y109.091
G1 F1500 X133.348 Y101.412 E1432.89291
G0 F9000 X133.034 Y101.16
G1 F1500 X125.668 Y108.525 E1433.23936
G0 F9000 X125.668 Y107.96
G1 F1500 X132.468 Y101.16 E1433.55921
G0 F9000 X131.902 Y101.16
G1 F1500 X125.668 Y107.394 E1433.85244
G0 F9000 X125.668 Y106.828
G1 F1500 X131.337 Y101.16 E1434.11907
G0 F9000 X130.771 Y101.16
G1 F1500 X125.668 Y106.263 E1434.3591
G0 F9000 X125.668 Y105.697
G1 F1500 X130.205 Y101.16 E1434.5725
G0 F9000 X129.64 Y101.16
G1 F1500 X125.668 Y105.131 E1434.75931
G0 F9000 X125.668 Y104.566
G1 F1500 X129.074 Y101.16 E1434.91952
G0 F9000 X128.508 Y101.16
G1 F1500 X125.668 Y104 E1435.0531
G0 F9000 X125.668 Y103.434
G1 F1500 X127.942 Y101.16 E1435.16006
G0 F9000 X127.377 Y101.16
G1 F1500 X125.668 Y102.868 E1435.24043
G0 F9000 X125.668 Y102.303
G1 F1500 X126.811 Y101.16 E1435.29419
G0 F9000 X126.245 Y101.16
G1 F1500 X125.668 Y101.737 E1435.32133
;MESH:NONMESH
G0 F300 X125.668 Y101.737 Z29.4
G0 F9000 X125.208 Y101.737
G0 X125.28 Y119.228
G0 X125.385 Y119.399
;TIME_ELAPSED:2108.911764
;LAYER:146
;TYPE:WALL-INNER
;MESH:testprint.stl
G1 F1500 X134.183 Y119.399 E1435.61395
G1 X134.18 Y100.6 E1436.23921
G1 X125.384 Y100.6 E1436.53177
G1 X125.385 Y119.399 E1437.15702
G0 F9000 X124.985 Y119.799
;TYPE:WALL-OUTER
G1 F1500 X134.583 Y119.799 E1437.47626
G1 X134.58 Y100.2 E1438.12812
G1 X124.984 Y100.2 E1438.44728
G1 X124.985 Y119.799 E1439.09915
G0 F9000 X125.264 Y119.52
G0 X125.484 Y119.036
G0 X125.744 Y119.036
;TYPE:SKIN
G1 F1500 X125.744 Y100.96 E1439.70036
G1 X133.82 Y100.96 E1439.96897
G1 X133.82 Y119.036 E1440.57018
G1 X125.744 Y119.036 E1440.83879
G0 F9000 X126.19 Y118.836
G1 F1500 X125.944 Y118.59 E1440.85036
G0 F9000 X125.944 Y118.025
G1 F1500 X126.755 Y118.836 E1440.88851
G0 F9000 X127.321 Y118.836
G1 F1500 X125.944 Y117.459 E1440.95328
G0 F9000 X125.944 Y116.893
G1 F1500 X127.887 Y118.836 E1441.04467
G0 F9000 X128.452 Y118.836
G1 F1500 X125.944 Y116.328 E1441.16264
G0 F9000 X125.944 Y115.762
G1 F1500 X129.018 Y118.836 E1441.30723
G0 F9000 X129.584 Y118.836
G1 F1500 X125.944 Y115.196 E1441.47844
G0 F9000 X125.944 Y114.63
G1 F1500 X130.149 Y118.836 E1441.67626
G0 F9000 X130.715 Y118.836
G1 F1500 X125.944 Y114.065 E1441.90067
G0 F9000 X125.944 Y113.499
G1 F1500 X131.281 Y118.836 E1442.15171
G0 F9000 X131.846 Y118.836
G1 F1500 X125.944 Y112.933 E1442.42934
G0 F9000 X125.944 Y112.368
G1 F1500 X132.412 Y118.836 E1442.73358
G0 F9000 X132.978 Y118.836
G1 F1500 X125.944 Y111.802 E1443.06443
G0 F9000 X125.944 Y111.236
G1 F1500 X133.543 Y118.836 E1443.42189
G0 F9000 X133.621 Y118.347
G1 F1500 X125.944 Y110.671 E1443.78297
G0 F9000 X125.944 Y110.105
G1 F1500 X133.621 Y117.781 E1444.14405
G0 F9000 X133.621 Y117.216
G1 F1500 X125.944 Y109.539 E1444.50515
G0 F9000 X125.944 Y108.974
G1 F1500 X133.621 Y116.65 E1444.86623
G0 F9000 X133.621 Y116.084
G1 F1500 X125.944 Y108.408 E1445.22731
G0 F9000 X125.944 Y107.842
G1 F1500 X133.621 Y115.519 E1445.58841
G0 F9000 X133.621 Y114.953
G1 F1500 X125.944 Y107.277 E1445.94949
G0 F9000 X125.944 Y106.711
G1 F1500 X133.621 Y114.387 E1446.31057
G0 F9000 X133.621 Y113.822
G1 F1500 X125.944 Y106.145 E1446.67167
G0 F9000 X125.944 Y105.58
G1 F1500 X133.621 Y113.256 E1447.03275
G0 F9000 X133.621 Y112.69
G1 F1500 X125.944 Y105.014 E1447.39383
G0 F9000 X125.944 Y104.448
G1 F1500 X133.621 Y112.125 E1447.75493
G0 F9000 X133.621 Y111.559
G1 F1500 X125.944 Y103.882 E1448.11604
G0 F9000 X125.944 Y103.317
G1 F1500 X133.621 Y110.993 E1448.47712
G0 F9000 X133.621 Y110.427
G1 F1500 X125.944 Y102.751 E1448.83819
G0 F9000 X125.944 Y102.185
G1 F1500 X133.621 Y109.862 E1449.1993
G0 F9000 X133.621 Y109.296
G1 F1500 X125.944 Y101.62 E1449.56038
G0 F9000 X126.05 Y101.16
G1 F1500 X133.621 Y108.73 E1449.91647
G0 F9000 X133.621 Y108.165
G1 F1500 X126.616 Y101.16 E1450.24596
G0 F9000 X127.182 Y101.16
G1 F1500 X133.621 Y107.599 E1450.54883
G0 F9000 X133.621 Y107.033
G1 F1500 X127.747 Y101.16 E1450.82511
G0 F9000 X128.313 Y101.16
G1 F1500 X133.621 Y106.468 E1451.07478
G0 F9000 X133.621 Y105.902
G1 F1500 X128.879 Y101.16 E1451.29783
G0 F9000 X129.444 Y101.16
G1 F1500 X133.621 Y105.336 E1451.49428
G0 F9000 X133.621 Y104.771
G1 F1500 X130.01 Y101.16 E1451.66413
G0 F9000 X130.576 Y101.16
G1 F1500 X133.621 Y104.205 E1451.80735
G0 F9000 X133.621 Y103.639
G1 F1500 X131.141 Y101.16 E1451.92398
G0 F9000 X131.707 Y101.16
G1 F1500 X133.621 Y103.074 E1452.01401
G0 F9000 X133.621 Y102.508
G1 F1500 X132.273 Y101.16 E1452.07742
G0 F9000 X132.838 Y101.16
G1 F1500 X133.621 Y101.942 E1452.11422
G0 F9000 X133.621 Y101.376
G1 F1500 X133.404 Y101.16 E1452.12441
;MESH:NONMESH
G0 F300 X133.404 Y101.16 Z29.6
G0 F9000 X133.404 Y100.7
G0 X125.556 Y100.772
G0 X125.557 Y119.227
G0 X125.656 Y119.4
;TIME_ELAPSED:2133.882929
;LAYER:147
;TYPE:WALL-INNER
;MESH:testprint.stl
G1 F1500 X134.456 Y119.4 E1452.4171
G1 X134.456 Y100.6 E1453.04239
G1 X125.656 Y100.6 E1453.33508
G1 X125.656 Y119.4 E1453.96037
G0 F9000 X125.256 Y119.8
;TYPE:WALL-OUTER
G1 F1500 X134.856 Y119.8 E1454.27966
G1 X134.856 Y100.2 E1454.93156
G1 X125.256 Y100.2 E1455.25086
G1 X125.256 Y119.8 E1455.90276
G0 F9000 X125.537 Y119.52
G0 X125.756 Y119.04
G0 X126.016 Y119.04
;TYPE:SKIN
G1 F1500 X126.016 Y100.96 E1456.5041
G1 X134.096 Y100.96 E1456.77284
G1 X134.096 Y119.04 E1457.37419
G1 X126.016 Y119.04 E1457.64293
G0 F9000 X125.756 Y119.04
G0 X133.456 Y119.3
G0 X133.456 Y118.84
G1 F1500 X133.896 Y118.4 E1457.66362
G0 F9000 X133.896 Y117.834
G1 F1500 X132.89 Y118.84 E1457.71094
G0 F9000 X132.324 Y118.84
G1 F1500 X133.896 Y117.269 E1457.78486
G0 F9000 X133.896 Y116.703
G1 F1500 X131.759 Y118.84 E1457.88538
G0 F9000 X131.193 Y118.84
G1 F1500 X133.896 Y116.137 E1458.01252
G0 F9000 X133.896 Y115.572
G1 F1500 X130.627 Y118.84 E1458.16626
G0 F9000 X130.062 Y118.84
G1 F1500 X133.896 Y115.006 E1458.3466
G0 F9000 X133.896 Y114.44
G1 F1500 X129.496 Y118.84 E1458.55356
G0 F9000 X128.93 Y118.84
G1 F1500 X133.896 Y113.875 E1458.78713
G0 F9000 X133.896 Y113.309
G1 F1500 X128.365 Y118.84 E1459.04729
G0 F9000 X127.799 Y118.84
G1 F1500 X133.896 Y112.743 E1459.33407
G0 F9000 X133.896 Y112.178
G1 F1500 X127.233 Y118.84 E1459.64745
G0 F9000 X126.668 Y118.84
G1 F1500 X133.896 Y111.612 E1459.98744
G0 F9000 X133.896 Y111.046
G1 F1500 X126.216 Y118.725 E1460.34866
G0 F9000 X126.216 Y118.16
G1 F1500 X133.896 Y110.48 E1460.7099
G0 F9000 X133.896 Y109.915
G1 F1500 X126.216 Y117.594 E1461.07112
G0 F9000 X126.216 Y117.028
G1 F1500 X133.896 Y109.349 E1461.43234
G0 F9000 X133.896 Y108.783
G1 F1500 X126.216 Y116.463 E1461.79359
G0 F9000 X126.216 Y115.897
G1 F1500 X133.896 Y108.218 E1462.15481
G0 F9000 X133.896 Y107.652
G1 F1500 X126.216 Y115.331 E1462.51603
G0 F9000 X126.216 Y114.766
G1 F1500 X133.896 Y107.086 E1462.87727
G0 F9000 X133.896 Y106.521
G1 F1500 X126.216 Y114.2 E1463.23849
G0 F9000 X126.216 Y113.634
G1 F1500 X133.896 Y105.955 E1463.59971
G0 F9000 X133.896 Y105.389
G1 F1500 X126.216 Y113.068 E1463.96093
G0 F9000 X126.216 Y112.503
G1 F1500 X133.896 Y104.824 E1464.32215
G0 F9000 X133.896 Y104.258
G1 F1500 X126.216 Y111.937 E1464.68337
G0 F9000 X126.216 Y111.371
G1 F1500 X133.896 Y103.692 E1465.04459
G0 F9000 X133.896 Y103.127
G1 F1500 X126.216 Y110.806 E1465.40581
G0 F9000 X126.216 Y110.24
G1 F1500 X133.896 Y102.561 E1465.76703
G0 F9000 X133.896 Y101.995
G1 F1500 X126.216 Y109.674 E1466.12825
G0 F9000 X126.216 Y109.109
G1 F1500 X133.896 Y101.43 E1466.48947
G0 F9000 X133.599 Y101.16
G1 F1500 X126.216 Y108.543 E1466.83674
G0 F9000 X126.216 Y107.977
G1 F1500 X133.034 Y101.16 E1467.15742
G0 F9000 X132.468 Y101.16
G1 F1500 X126.216 Y107.412 E1467.45149
G0 F9000 X126.216 Y106.846
G1 F1500 X131.902 Y101.16 E1467.71895
G0 F9000 X131.337 Y101.16
G1 F1500 X126.216 Y106.28 E1467.9598
G0 F9000 X126.216 Y105.715
G1 F1500 X130.771 Y101.16 E1468.17405
G0 F9000 X130.205 Y101.16
G1 F1500 X126.216 Y105.149 E1468.36168
G0 F9000 X126.216 Y104.583
G1 F1500 X129.64 Y101.16 E1468.52271
G0 F9000 X129.074 Y101.16
G1 F1500 X126.216 Y104.018 E1468.65714
G0 F9000 X126.216 Y103.452
G1 F1500 X128.508 Y101.16 E1468.76495
G0 F9000 X127.942 Y101.16
G1 F1500 X126.216 Y102.886 E1468.84614
G0 F9000 X126.216 Y102.32
G1 F1500 X127.377 Y101.16 E1468.90072
G0 F9000 X126.811 Y101.16
G1 F1500 X126.216 Y101.755 E1468.92871
;TIME_ELAPSED:2158.337391
G1 F1500 E1462.42871
M140 S0
M107
G91 ;Relative positioning
G1 E-2 F2700 ;Retract a bit
G1 E-2 Z0.2 F2400 ;Retract and raise Z
G1 X5 Y5 F3000 ;Wipe out
G1 Z10 ;Raise Z more
G90 ;Absolute positioning

G1 X0 Y220 ;Present print
M106 S0 ;Turn-off fan
M104 S0 ;Turn-off hotend
M140 S0 ;Turn-off bed

M84 X Y E ;Disable all steppers but Z

M82 ;absolute extrusion mode
M104 S0
;End of Gcode
;SETTING_3 {"global_quality": "[general]\\nversion = 4\\nname = Standard Quality
;SETTING_3  #2\\ndefinition = creality_ender3pro\\n\\n[metadata]\\ntype = qualit
;SETTING_3 y_changes\\nquality_type = standard\\nsetting_version = 25\\n\\n[valu
;SETTING_3 es]\\nsupport_structure = tree\\n\\n", "extruder_quality": ["[general
;SETTING_3 ]\\nversion = 4\\nname = Standard Quality #2\\ndefinition = creality_
;SETTING_3 ender3pro\\n\\n[metadata]\\ntype = quality_changes\\nquality_type = s
;SETTING_3 tandard\\nsetting_version = 25\\nposition = 0\\n\\n[values]\\ninfill_
;SETTING_3 sparse_density = 20\\n\\n"]}
