;FLAVOR:Marlin
;TIME:1930
;Filament used: 2.67461m
;Layer height: 0.3
;MINX:97.5
;MINY:97.5
;MINZ:0.2
;MAXX:122.5
;MAXY:122.5
;MAXZ:38
;TARGET_MACHINE.NAME:Creality Ender-3 Pro
;Generated with Cura_SteamEngine 5.11.0
; Ender 3 Custom Start G-code
G92 E0 ; Reset Extruder
G28 ; Home all axes
G1 Z5.0 F3000 ; Move Z Axis up a bit during heating to not damage bed
M104 S175 ; Start heating up the nozzle most of the way
M190 S60 ; Start heating the bed, wait until target temperature reached
M109 S200 ; Finish heating the nozzle
G1 Z2.0 F3000 ; Move Z Axis up little to prevent scratching of Heat Bed
G1 X0.1 Y20 Z0.3 F5000.0 ; Move to start position
G1 X0.1 Y200.0 Z0.3 F1500.0 E15 ; Draw the first line
G1 X0.4 Y200.0 Z0.3 F5000.0 ; Move to side a little
G1 X0.4 Y20 Z0.3 F1500.0 E30 ; Draw the second line
G92 E0 ; Reset Extruder
G1 Z2.0 F3000 ; Move Z Axis up little to prevent scratching of Heat Bed
G1 X5 Y20 Z0.3 F5000.0 ; Move over to prevent blob squish
M82 ;absolute extrusion mode
G92 E0
G92 E0
G1 F1500 E-6.5
;LAYER_COUNT:127
;LAYER:0
M107
;MESH:Non-Layer Shifted Cube.stl
G0 F6000 X110 Y122.1 Z0.2
;TYPE:WALL-INNER
G1 F1500 E0
G1 F1200 X122.1 Y122.1 E0.40245
G1 X122.1 Y97.9 E1.20734
G1 X97.9 Y97.9 E2.01224
G1 X97.9 Y122.1 E2.81713
G1 X110 Y122.1 E3.21958
G0 F6000 X110 Y122.5
;TYPE:WALL-OUTER
G1 F1200 X122.5 Y122.5 E3.63533
G1 X122.5 Y97.5 E4.46684
G1 X97.5 Y97.5 E5.29834
G1 X97.5 Y122.5 E6.12984
G1 X110 Y122.5 E6.54559
G0 F6000 X110 Y121.74
;TYPE:SKIN
G1 F1200 X98.26 Y121.74 E6.93607
G1 X98.26 Y98.26 E7.71702
G1 X121.74 Y98.26 E8.49796
G1 X121.74 Y121.74 E9.27891
G1 X110 Y121.74 E9.66939
G0 F6000 X110 Y122
G0 X98.912 Y122
G0 X98.912 Y121.54
G1 F1200 X98.46 Y121.087 E9.69067
G0 F6000 X98.46 Y120.521
G1 F1200 X99.478 Y121.54 E9.73858
G0 F6000 X100.044 Y121.54
G1 F1200 X98.46 Y119.956 E9.81308
G0 F6000 X98.46 Y119.39
G1 F1200 X100.609 Y121.54 E9.91419
G0 F6000 X101.175 Y121.54
G1 F1200 X98.46 Y118.824 E10.04192
G0 F6000 X98.46 Y118.259
G1 F1200 X101.741 Y121.54 E10.19625
G0 F6000 X102.306 Y121.54
G1 F1200 X98.46 Y117.693 E10.37717
G0 F6000 X98.46 Y117.127
G1 F1200 X102.872 Y121.54 E10.58473
G0 F6000 X103.438 Y121.54
G1 F1200 X98.46 Y116.562 E10.81888
G0 F6000 X98.46 Y115.996
G1 F1200 X104.003 Y121.54 E11.07962
G0 F6000 X104.569 Y121.54
G1 F1200 X98.46 Y115.43 E11.367
G0 F6000 X98.46 Y114.865
G1 F1200 X105.135 Y121.54 E11.68097
G0 F6000 X105.7 Y121.54
G1 F1200 X98.46 Y114.299 E12.02154
G0 F6000 X98.46 Y113.733
G1 F1200 X106.266 Y121.54 E12.38873
G0 F6000 X106.832 Y121.54
G1 F1200 X98.46 Y113.167 E12.78255
G0 F6000 X98.46 Y112.602
G1 F1200 X107.397 Y121.54 E13.20294
G0 F6000 X107.963 Y121.54
G1 F1200 X98.46 Y112.036 E13.64996
G0 F6000 X98.46 Y111.47
G1 F1200 X108.529 Y121.54 E14.1236
G0 F6000 X109.095 Y121.54
G1 F1200 X98.46 Y110.905 E14.62383
G0 F6000 X98.46 Y110.339
G1 F1200 X109.66 Y121.54 E15.15067
G0 F6000 X110.226 Y121.54
G1 F1200 X98.46 Y109.773 E15.70413
G0 F6000 X98.46 Y109.208
G1 F1200 X110.792 Y121.54 E16.28419
G0 F6000 X111.357 Y121.54
G1 F1200 X98.46 Y108.642 E16.89085
G0 F6000 X98.46 Y108.076
G1 F1200 X111.923 Y121.54 E17.52413
G0 F6000 X112.489 Y121.54
G1 F1200 X98.46 Y107.511 E18.18401
G0 F6000 X98.46 Y106.945
G1 F1200 X113.054 Y121.54 E18.87049
G0 F6000 X113.62 Y121.54
G1 F1200 X98.46 Y106.379 E19.5836
G0 F6000 X98.46 Y105.814
G1 F1200 X114.186 Y121.54 E20.3233
G0 F6000 X114.751 Y121.54
G1 F1200 X98.46 Y105.248 E21.0896
G0 F6000 X98.46 Y104.682
G1 F1200 X115.317 Y121.54 E21.88253
G0 F6000 X115.883 Y121.54
G1 F1200 X98.46 Y104.117 E22.70205
G0 F6000 X98.46 Y103.551
G1 F1200 X116.448 Y121.54 E23.54817
G0 F6000 X117.014 Y121.54
G1 F1200 X98.46 Y102.985 E24.42092
G0 F6000 X98.46 Y102.419
G1 F1200 X117.58 Y121.54 E25.32029
G0 F6000 X118.146 Y121.54
G1 F1200 X98.46 Y101.854 E26.24626
G0 F6000 X98.46 Y101.288
G1 F1200 X118.711 Y121.54 E27.19883
G0 F6000 X119.277 Y121.54
G1 F1200 X98.46 Y100.722 E28.17802
G0 F6000 X98.46 Y100.157
G1 F1200 X119.843 Y121.54 E29.18381
G0 F6000 X120.408 Y121.54
G1 F1200 X98.46 Y99.591 E30.2162
G0 F6000 X98.46 Y99.025
G1 F1200 X120.974 Y121.54 E31.27521
G0 F6000 X121.54 Y121.54
G1 F1200 X98.46 Y98.46 E32.36083
G0 F6000 X99.025 Y98.46
G1 F1200 X121.54 Y120.975 E33.41986
G0 F6000 X121.54 Y120.409
G1 F1200 X99.591 Y98.46 E34.45228
G0 F6000 X100.157 Y98.46
G1 F1200 X121.54 Y119.843 E35.45807
G0 F6000 X121.54 Y119.278
G1 F1200 X100.722 Y98.46 E36.43728
G0 F6000 X101.288 Y98.46
G1 F1200 X121.54 Y118.712 E37.38987
G0 F6000 X121.54 Y118.146
G1 F1200 X101.854 Y98.46 E38.31584
G0 F6000 X102.419 Y98.46
G1 F1200 X121.54 Y117.581 E39.21524
G0 F6000 X121.54 Y117.015
G1 F1200 X102.985 Y98.46 E40.08801
G0 F6000 X103.551 Y98.46
G1 F1200 X121.54 Y116.449 E40.93415
G0 F6000 X121.54 Y115.883
G1 F1200 X104.117 Y98.46 E41.75368
G0 F6000 X104.682 Y98.46
G1 F1200 X121.54 Y115.318 E42.54663
G0 F6000 X121.54 Y114.752
G1 F1200 X105.248 Y98.46 E43.31295
G0 F6000 X105.814 Y98.46
G1 F1200 X121.54 Y114.186 E44.05266
G0 F6000 X121.54 Y113.621
G1 F1200 X106.379 Y98.46 E44.76578
G0 F6000 X106.945 Y98.46
G1 F1200 X121.54 Y113.055 E45.45229
G0 F6000 X121.54 Y112.489
G1 F1200 X107.511 Y98.46 E46.11217
G0 F6000 X108.076 Y98.46
G1 F1200 X121.54 Y111.924 E46.74547
G0 F6000 X121.54 Y111.358
G1 F1200 X108.642 Y98.46 E47.35216
G0 F6000 X109.208 Y98.46
G1 F1200 X121.54 Y110.792 E47.93222
G0 F6000 X121.54 Y110.227
G1 F1200 X109.773 Y98.46 E48.4857
G0 F6000 X110.339 Y98.46
G1 F1200 X121.54 Y109.661 E49.01256
G0 F6000 X121.54 Y109.095
G1 F1200 X110.905 Y98.46 E49.5128
G0 F6000 X111.47 Y98.46
G1 F1200 X121.54 Y108.53 E49.98646
G0 F6000 X121.54 Y107.964
G1 F1200 X112.036 Y98.46 E50.4335
G0 F6000 X112.602 Y98.46
G1 F1200 X121.54 Y107.398 E50.85391
G0 F6000 X121.54 Y106.833
G1 F1200 X113.167 Y98.46 E51.24775
G0 F6000 X113.733 Y98.46
G1 F1200 X121.54 Y106.267 E51.61497
G0 F6000 X121.54 Y105.701
G1 F1200 X114.299 Y98.46 E51.95557
G0 F6000 X114.865 Y98.46
G1 F1200 X121.54 Y105.135 E52.26954
G0 F6000 X121.54 Y104.57
G1 F1200 X115.43 Y98.46 E52.55693
G0 F6000 X115.996 Y98.46
G1 F1200 X121.54 Y104.004 E52.81771
G0 F6000 X121.54 Y103.438
G1 F1200 X116.562 Y98.46 E53.05186
G0 F6000 X117.127 Y98.46
G1 F1200 X121.54 Y102.873 E53.25943
G0 F6000 X121.54 Y102.307
G1 F1200 X117.693 Y98.46 E53.44038
G0 F6000 X118.259 Y98.46
G1 F1200 X121.54 Y101.741 E53.59471
G0 F6000 X121.54 Y101.176
G1 F1200 X118.824 Y98.46 E53.72246
G0 F6000 X119.39 Y98.46
G1 F1200 X121.54 Y100.61 E53.82359
G0 F6000 X121.54 Y100.044
G1 F1200 X119.956 Y98.46 E53.8981
G0 F6000 X120.521 Y98.46
G1 F1200 X121.54 Y99.479 E53.94603
G0 F6000 X121.54 Y98.913
G1 F1200 X121.087 Y98.46 E53.96734
M104 S200
G1 F1500 E47.46734
;MESH:NONMESH
G0 F300 X121.087 Y98.46 Z0.5
G0 F6000 X121.087 Y98
G0 X121.928 Y98.072
G0 X121.928 Y121.928
G0 X110 Y122.1
;TIME_ELAPSED:93.196848
;LAYER:1
M106 S85
;TYPE:WALL-INNER
;MESH:Non-Layer Shifted Cube.stl
G1 F1500 E53.96734
G1 F2850 X122.1 Y122.1 E54.57101
G1 X122.1 Y97.9 E55.77835
G1 X97.9 Y97.9 E56.98569
G1 X97.9 Y122.1 E58.19304
G1 X110 Y122.1 E58.79671
G0 F10500 X110 Y122.5
;TYPE:WALL-OUTER
G1 F2850 X122.5 Y122.5 E59.42034
G1 X122.5 Y97.5 E60.66759
G1 X97.5 Y97.5 E61.91485
G1 X97.5 Y122.5 E63.1621
G1 X110 Y122.5 E63.78573
G0 F10500 X110 Y121.74
;TYPE:SKIN
G1 F2850 X98.26 Y121.74 E64.37144
G1 X98.26 Y98.26 E65.54286
G1 X121.74 Y98.26 E66.71428
G1 X121.74 Y121.74 E67.88571
G1 X110 Y121.74 E68.47142
G0 F10500 X110 Y122
G0 X121.139 Y122
G0 X121.139 Y121.54
G1 F2850 X121.54 Y121.139 E68.49971
G0 F10500 X121.54 Y120.574
G1 F2850 X120.573 Y121.54 E68.5679
G0 F10500 X120.007 Y121.54
G1 F2850 X121.54 Y120.008 E68.67603
G0 F10500 X121.54 Y119.442
G1 F2850 X119.442 Y121.54 E68.82405
G0 F10500 X118.876 Y121.54
G1 F2850 X121.54 Y118.877 E69.01198
G0 F10500 X121.54 Y118.311
G1 F2850 X118.31 Y121.54 E69.23983
G0 F10500 X117.745 Y121.54
G1 F2850 X121.54 Y117.745 E69.50759
G0 F10500 X121.54 Y117.18
G1 F2850 X117.179 Y121.54 E69.81525
G0 F10500 X116.613 Y121.54
G1 F2850 X121.54 Y116.614 E70.16284
G0 F10500 X121.54 Y116.048
G1 F2850 X116.048 Y121.54 E70.55033
G0 F10500 X115.482 Y121.54
G1 F2850 X121.54 Y115.483 E70.97772
G0 F10500 X121.54 Y114.917
G1 F2850 X114.916 Y121.54 E71.44504
G0 F10500 X114.35 Y121.54
G1 F2850 X121.54 Y114.351 E71.9523
G0 F10500 X121.54 Y113.786
G1 F2850 X113.785 Y121.54 E72.49942
G0 F10500 X113.219 Y121.54
G1 F2850 X121.54 Y113.22 E73.08648
G0 F10500 X121.54 Y112.654
G1 F2850 X112.653 Y121.54 E73.71347
G0 F10500 X112.088 Y121.54
G1 F2850 X121.54 Y112.088 E74.38036
G0 F10500 X121.54 Y111.523
G1 F2850 X111.522 Y121.54 E75.08715
G0 F10500 X110.956 Y121.54
G1 F2850 X121.54 Y110.957 E75.83387
G0 F10500 X121.54 Y110.391
G1 F2850 X110.391 Y121.54 E76.62049
G0 F10500 X109.825 Y121.54
G1 F2850 X121.54 Y109.826 E77.44702
G0 F10500 X121.54 Y109.26
G1 F2850 X109.259 Y121.54 E78.31347
G0 F10500 X108.694 Y121.54
G1 F2850 X121.54 Y108.694 E79.21983
G0 F10500 X121.54 Y108.129
G1 F2850 X108.128 Y121.54 E80.16608
G0 F10500 X107.562 Y121.54
G1 F2850 X121.54 Y107.563 E81.15227
G0 F10500 X121.54 Y106.997
G1 F2850 X106.997 Y121.54 E82.17835
G0 F10500 X106.431 Y121.54
G1 F2850 X121.54 Y106.432 E83.24434
G0 F10500 X121.54 Y105.866
G1 F2850 X105.865 Y121.54 E84.35026
G0 F10500 X105.3 Y121.54
G1 F2850 X121.54 Y105.3 E85.49608
G0 F10500 X121.54 Y104.735
G1 F2850 X104.734 Y121.54 E86.6818
G0 F10500 X104.168 Y121.54
G1 F2850 X121.54 Y104.169 E87.90745
G0 F10500 X121.54 Y103.603
G1 F2850 X103.602 Y121.54 E89.17304
G0 F10500 X103.037 Y121.54
G1 F2850 X121.54 Y103.037 E90.47853
G0 F10500 X121.54 Y102.472
G1 F2850 X102.471 Y121.54 E91.82391
G0 F10500 X101.905 Y121.54
G1 F2850 X121.54 Y101.906 E93.20923
G0 F10500 X121.54 Y101.34
G1 F2850 X101.34 Y121.54 E94.63445
G0 F10500 X100.774 Y121.54
G1 F2850 X121.54 Y100.775 E96.09957
G0 F10500 X121.54 Y100.209
G1 F2850 X100.208 Y121.54 E97.60462
G0 F10500 X99.643 Y121.54
G1 F2850 X121.54 Y99.643 E99.14957
G0 F10500 X121.54 Y99.078
G1 F2850 X99.077 Y121.54 E100.73443
G0 F10500 X98.511 Y121.54
G1 F2850 X121.54 Y98.512 E102.35921
G0 F10500 X121.026 Y98.46
G1 F2850 X98.46 Y121.026 E103.95136
G0 F10500 X98.46 Y120.461
G1 F2850 X120.461 Y98.46 E105.50365
G0 F10500 X119.895 Y98.46
G1 F2850 X98.46 Y119.895 E107.01601
G0 F10500 X98.46 Y119.329
G1 F2850 X119.329 Y98.46 E108.48843
G0 F10500 X118.764 Y98.46
G1 F2850 X98.46 Y118.764 E109.92099
G0 F10500 X98.46 Y118.198
G1 F2850 X118.198 Y98.46 E111.31361
G0 F10500 X117.632 Y98.46
G1 F2850 X98.46 Y117.632 E112.6663
G0 F10500 X98.46 Y117.066
G1 F2850 X117.066 Y98.46 E113.97905
G0 F10500 X116.501 Y98.46
G1 F2850 X98.46 Y116.501 E115.25194
G0 F10500 X98.46 Y115.935
G1 F2850 X115.935 Y98.46 E116.4849
G0 F10500 X115.369 Y98.46
G1 F2850 X98.46 Y115.369 E117.67792
G0 F10500 X98.46 Y114.804
G1 F2850 X114.804 Y98.46 E118.83107
G0 F10500 X114.238 Y98.46
G1 F2850 X98.46 Y114.238 E119.9443
G0 F10500 X98.46 Y113.672
G1 F2850 X113.672 Y98.46 E121.01759
G0 F10500 X113.107 Y98.46
G1 F2850 X98.46 Y113.107 E122.05101
G0 F10500 X98.46 Y112.541
G1 F2850 X112.541 Y98.46 E123.0445
G0 F10500 X111.975 Y98.46
G1 F2850 X98.46 Y111.975 E123.99806
G0 F10500 X98.46 Y111.41
G1 F2850 X111.41 Y98.46 E124.91175
G0 F10500 X110.844 Y98.46
G1 F2850 X98.46 Y110.844 E125.78551
G0 F10500 X98.46 Y110.278
G1 F2850 X110.278 Y98.46 E126.61933
G0 F10500 X109.713 Y98.46
G1 F2850 X98.46 Y109.713 E127.41329
G0 F10500 X98.46 Y109.147
G1 F2850 X109.147 Y98.46 E128.16732
G0 F10500 X108.581 Y98.46
G1 F2850 X98.46 Y108.581 E128.88141
G0 F10500 X98.46 Y108.016
G1 F2850 X108.016 Y98.46 E129.55564
G0 F10500 X107.45 Y98.46
G1 F2850 X98.46 Y107.45 E130.18993
G0 F10500 X98.46 Y106.884
G1 F2850 X106.884 Y98.46 E130.78429
G0 F10500 X106.318 Y98.46
G1 F2850 X98.46 Y106.318 E131.33871
G0 F10500 X98.46 Y105.753
G1 F2850 X105.753 Y98.46 E131.85327
G0 F10500 X105.187 Y98.46
G1 F2850 X98.46 Y105.187 E132.3279
G0 F10500 X98.46 Y104.621
G1 F2850 X104.621 Y98.46 E132.76259
G0 F10500 X104.056 Y98.46
G1 F2850 X98.46 Y104.056 E133.15742
G0 F10500 X98.46 Y103.49
G1 F2850 X103.49 Y98.46 E133.51231
G0 F10500 X102.924 Y98.46
G1 F2850 X98.46 Y102.924 E133.82727
G0 F10500 X98.46 Y102.359
G1 F2850 X102.359 Y98.46 E134.10237
G0 F10500 X101.793 Y98.46
G1 F2850 X98.46 Y101.793 E134.33753
G0 F10500 X98.46 Y101.227
G1 F2850 X101.227 Y98.46 E134.53276
G0 F10500 X100.662 Y98.46
G1 F2850 X98.46 Y100.662 E134.68812
G0 F10500 X98.46 Y100.096
G1 F2850 X100.096 Y98.46 E134.80355
G0 F10500 X99.53 Y98.46
G1 F2850 X98.46 Y99.53 E134.87904
G0 F10500 X98.46 Y98.965
G1 F2850 X98.965 Y98.46 E134.91467
G1 F1500 E128.41467
;MESH:NONMESH
G0 F300 X98.965 Y98.46 Z0.8
G0 F10500 X98.965 Y98
G0 X98.072 Y98.072
G0 X98.072 Y121.928
G0 X110 Y122.1
;TIME_ELAPSED:139.814745
;LAYER:2
M106 S170
;TYPE:WALL-INNER
;MESH:Non-Layer Shifted Cube.stl
G1 F1500 E134.91467
G1 F4500 X122.1 Y122.1 E135.51834
G1 X122.1 Y97.9 E136.72569
G1 X97.9 Y97.9 E137.93303
G1 X97.9 Y122.1 E139.14037
G1 X110 Y122.1 E139.74404
G0 F15000 X110 Y122.5
;TYPE:WALL-OUTER
G1 F4500 X122.5 Y122.5 E140.36767
G1 X122.5 Y97.5 E141.61493
G1 X97.5 Y97.5 E142.86218
G1 X97.5 Y122.5 E144.10944
G1 X110 Y122.5 E144.73306
G0 F15000 X110 Y121.74
;TYPE:SKIN
G1 F4500 X98.26 Y121.74 E145.31877
G1 X98.26 Y98.26 E146.4902
G1 X121.74 Y98.26 E147.66162
G1 X121.74 Y121.74 E148.83304
G1 X110 Y121.74 E149.41875
G0 F15000 X110 Y122
G0 X98.912 Y122
G0 X98.912 Y121.54
G1 F4500 X98.46 Y121.087 E149.45068
G0 F15000 X98.46 Y120.521
G1 F4500 X99.478 Y121.54 E149.52254
G0 F15000 X100.044 Y121.54
G1 F4500 X98.46 Y119.956 E149.6343
G0 F15000 X98.46 Y119.39
G1 F4500 X100.609 Y121.54 E149.78596
G0 F15000 X101.175 Y121.54
G1 F4500 X98.46 Y118.824 E149.97755
G0 F15000 X98.46 Y118.259
G1 F4500 X101.741 Y121.54 E150.20904
G0 F15000 X102.306 Y121.54
G1 F4500 X98.46 Y117.693 E150.48043
G0 F15000 X98.46 Y117.127
G1 F4500 X102.872 Y121.54 E150.79176
G0 F15000 X103.438 Y121.54
G1 F4500 X98.46 Y116.562 E151.14298
G0 F15000 X98.46 Y115.996
G1 F4500 X104.003 Y121.54 E151.53411
G0 F15000 X104.569 Y121.54
G1 F4500 X98.46 Y115.43 E151.96517
G0 F15000 X98.46 Y114.865
G1 F4500 X105.135 Y121.54 E152.43612
G0 F15000 X105.7 Y121.54
G1 F4500 X98.46 Y114.299 E152.94698
G0 F15000 X98.46 Y113.733
G1 F4500 X106.266 Y121.54 E153.49777
G0 F15000 X106.832 Y121.54
G1 F4500 X98.46 Y113.167 E154.0885
G0 F15000 X98.46 Y112.602
G1 F4500 X107.397 Y121.54 E154.71909
G0 F15000 X107.963 Y121.54
G1 F4500 X98.46 Y112.036 E155.38961
G0 F15000 X98.46 Y111.47
G1 F4500 X108.529 Y121.54 E156.10007
G0 F15000 X109.095 Y121.54
G1 F4500 X98.46 Y110.905 E156.85042
G0 F15000 X98.46 Y110.339
G1 F4500 X109.66 Y121.54 E157.64068
G0 F15000 X110.226 Y121.54
G1 F4500 X98.46 Y109.773 E158.47087
G0 F15000 X98.46 Y109.208
G1 F4500 X110.792 Y121.54 E159.34096
G0 F15000 X111.357 Y121.54
G1 F4500 X98.46 Y108.642 E160.25095
G0 F15000 X98.46 Y108.076
G1 F4500 X111.923 Y121.54 E161.20087
G0 F15000 X112.489 Y121.54
G1 F4500 X98.46 Y107.511 E162.19069
G0 F15000 X98.46 Y106.945
G1 F4500 X113.054 Y121.54 E163.22041
G0 F15000 X113.62 Y121.54
G1 F4500 X98.46 Y106.379 E164.29007
G0 F15000 X98.46 Y105.814
G1 F4500 X114.186 Y121.54 E165.39962
G0 F15000 X114.751 Y121.54
G1 F4500 X98.46 Y105.248 E166.54907
G0 F15000 X98.46 Y104.682
G1 F4500 X115.317 Y121.54 E167.73846
G0 F15000 X115.883 Y121.54
G1 F4500 X98.46 Y104.117 E168.96775
G0 F15000 X98.46 Y103.551
G1 F4500 X116.448 Y121.54 E170.23693
G0 F15000 X117.014 Y121.54
G1 F4500 X98.46 Y102.985 E171.54605
G0 F15000 X98.46 Y102.419
G1 F4500 X117.58 Y121.54 E172.89511
G0 F15000 X118.146 Y121.54
G1 F4500 X98.46 Y101.854 E174.28406
G0 F15000 X98.46 Y101.288
G1 F4500 X118.711 Y121.54 E175.71292
G0 F15000 X119.277 Y121.54
G1 F4500 X98.46 Y100.722 E177.1817
G0 F15000 X98.46 Y100.157
G1 F4500 X119.843 Y121.54 E178.69039
G0 F15000 X120.408 Y121.54
G1 F4500 X98.46 Y99.591 E180.23897
G0 F15000 X98.46 Y99.025
G1 F4500 X120.974 Y121.54 E181.82749
G0 F15000 X121.54 Y121.54
G1 F4500 X98.46 Y98.46 E183.45591
G0 F15000 X99.025 Y98.46
G1 F4500 X121.54 Y120.975 E185.04447
G0 F15000 X121.54 Y120.409
G1 F4500 X99.591 Y98.46 E186.59309
G0 F15000 X100.157 Y98.46
G1 F4500 X121.54 Y119.843 E188.10177
G0 F15000 X121.54 Y119.278
G1 F4500 X100.722 Y98.46 E189.5706
G0 F15000 X101.288 Y98.46
G1 F4500 X121.54 Y118.712 E190.99948
G0 F15000 X121.54 Y118.146
G1 F4500 X101.854 Y98.46 E192.38844
G0 F15000 X102.419 Y98.46
G1 F4500 X121.54 Y117.581 E193.73753
G0 F15000 X121.54 Y117.015
G1 F4500 X102.985 Y98.46 E195.04668
G0 F15000 X103.551 Y98.46
G1 F4500 X121.54 Y116.449 E196.3159
G0 F15000 X121.54 Y115.883
G1 F4500 X104.117 Y98.46 E197.54519
G0 F15000 X104.682 Y98.46
G1 F4500 X121.54 Y115.318 E198.73461
G0 F15000 X121.54 Y114.752
G1 F4500 X105.248 Y98.46 E199.8841
G0 F15000 X105.814 Y98.46
G1 F4500 X121.54 Y114.186 E200.99366
G0 F15000 X121.54 Y113.621
G1 F4500 X106.379 Y98.46 E202.06335
G0 F15000 X106.945 Y98.46
G1 F4500 X121.54 Y113.055 E203.0931
G0 F15000 X121.54 Y112.489
G1 F4500 X107.511 Y98.46 E204.08292
G0 F15000 X108.076 Y98.46
G1 F4500 X121.54 Y111.924 E205.03288
G0 F15000 X121.54 Y111.358
G1 F4500 X108.642 Y98.46 E205.94291
G0 F15000 X109.208 Y98.46
G1 F4500 X121.54 Y110.792 E206.813
G0 F15000 X121.54 Y110.227
G1 F4500 X109.773 Y98.46 E207.64322
G0 F15000 X110.339 Y98.46
G1 F4500 X121.54 Y109.661 E208.43351
G0 F15000 X121.54 Y109.095
G1 F4500 X110.905 Y98.46 E209.18387
G0 F15000 X111.47 Y98.46
G1 F4500 X121.54 Y108.53 E209.89436
G0 F15000 X121.54 Y107.964
G1 F4500 X112.036 Y98.46 E210.56492
G0 F15000 X112.602 Y98.46
G1 F4500 X121.54 Y107.398 E211.19554
G0 F15000 X121.54 Y106.833
G1 F4500 X113.167 Y98.46 E211.7863
G0 F15000 X113.733 Y98.46
G1 F4500 X121.54 Y106.267 E212.33713
G0 F15000 X121.54 Y105.701
G1 F4500 X114.299 Y98.46 E212.84802
G0 F15000 X114.865 Y98.46
G1 F4500 X121.54 Y105.135 E213.31898
G0 F15000 X121.54 Y104.57
G1 F4500 X115.43 Y98.46 E213.75007
G0 F15000 X115.996 Y98.46
G1 F4500 X121.54 Y104.004 E214.14123
G0 F15000 X121.54 Y103.438
G1 F4500 X116.562 Y98.46 E214.49246
G0 F15000 X117.127 Y98.46
G1 F4500 X121.54 Y102.873 E214.80382
G0 F15000 X121.54 Y102.307
G1 F4500 X117.693 Y98.46 E215.07524
G0 F15000 X118.259 Y98.46
G1 F4500 X121.54 Y101.741 E215.30674
G0 F15000 X121.54 Y101.176
G1 F4500 X118.824 Y98.46 E215.49837
G0 F15000 X119.39 Y98.46
G1 F4500 X121.54 Y100.61 E215.65006
G0 F15000 X121.54 Y100.044
G1 F4500 X119.956 Y98.46 E215.76182
G0 F15000 X120.521 Y98.46
G1 F4500 X121.54 Y99.479 E215.83372
G0 F15000 X121.54 Y98.913
G1 F4500 X121.087 Y98.46 E215.86568
G1 F1500 E209.36568
;MESH:NONMESH
G0 F300 X121.087 Y98.46 Z1.1
G0 F15000 X121.087 Y98
G0 X121.928 Y98.072
G0 X121.928 Y121.928
G0 X110 Y122.1
;TIME_ELAPSED:178.542694
;LAYER:3
M106 S255
;TYPE:WALL-INNER
;MESH:Non-Layer Shifted Cube.stl
G1 F1500 E215.86568
G1 F4500 X122.1 Y122.1 E216.46935
G1 X122.1 Y97.9 E217.67669
G1 X97.9 Y97.9 E218.88403
G1 X97.9 Y122.1 E220.09138
G1 X110 Y122.1 E220.69505
G0 F15000 X110 Y122.5
;TYPE:WALL-OUTER
G1 F4500 X122.5 Y122.5 E221.31868
G1 X122.5 Y97.5 E222.56593
G1 X97.5 Y97.5 E223.81319
G1 X97.5 Y122.5 E225.06044
G1 X110 Y122.5 E225.68407
G0 F15000 X110 Y121.74
;TYPE:SKIN
G1 F4500 X98.26 Y121.74 E226.26978
G1 X98.26 Y98.26 E227.4412
G1 X121.74 Y98.26 E228.61262
G1 X121.74 Y121.74 E229.78405
G1 X110 Y121.74 E230.36976
G0 F15000 X110 Y122
G0 X121.139 Y122
G0 X121.139 Y121.54
G1 F4500 X121.54 Y121.139 E230.39805
G0 F15000 X121.54 Y120.574
G1 F4500 X120.573 Y121.54 E230.46624
G0 F15000 X120.007 Y121.54
G1 F4500 X121.54 Y120.008 E230.57437
G0 F15000 X121.54 Y119.442
G1 F4500 X119.442 Y121.54 E230.72239
G0 F15000 X118.876 Y121.54
G1 F4500 X121.54 Y118.877 E230.91032
G0 F15000 X121.54 Y118.311
G1 F4500 X118.31 Y121.54 E231.13818
G0 F15000 X117.745 Y121.54
G1 F4500 X121.54 Y117.745 E231.40593
G0 F15000 X121.54 Y117.18
G1 F4500 X117.179 Y121.54 E231.71359
G0 F15000 X116.613 Y121.54
G1 F4500 X121.54 Y116.614 E232.06118
G0 F15000 X121.54 Y116.048
G1 F4500 X116.048 Y121.54 E232.44867
G0 F15000 X115.482 Y121.54
G1 F4500 X121.54 Y115.483 E232.87606
G0 F15000 X121.54 Y114.917
G1 F4500 X114.916 Y121.54 E233.34338
G0 F15000 X114.35 Y121.54
G1 F4500 X121.54 Y114.351 E233.85064
G0 F15000 X121.54 Y113.786
G1 F4500 X113.785 Y121.54 E234.39776
G0 F15000 X113.219 Y121.54
G1 F4500 X121.54 Y113.22 E234.98482
G0 F15000 X121.54 Y112.654
G1 F4500 X112.653 Y121.54 E235.61181
G0 F15000 X112.088 Y121.54
G1 F4500 X121.54 Y112.088 E236.2787
G0 F15000 X121.54 Y111.523
G1 F4500 X111.522 Y121.54 E236.98549
G0 F15000 X110.956 Y121.54
G1 F4500 X121.54 Y110.957 E237.73221
G0 F15000 X121.54 Y110.391
G1 F4500 X110.391 Y121.54 E238.51883
G0 F15000 X109.825 Y121.54
G1 F4500 X121.54 Y109.826 E239.34536
G0 F15000 X121.54 Y109.26
G1 F4500 X109.259 Y121.54 E240.21181
G0 F15000 X108.694 Y121.54
G1 F4500 X121.54 Y108.694 E241.11817
G0 F15000 X121.54 Y108.129
G1 F4500 X108.128 Y121.54 E242.06442
G0 F15000 X107.562 Y121.54
G1 F4500 X121.54 Y107.563 E243.05061
G0 F15000 X121.54 Y106.997
G1 F4500 X106.997 Y121.54 E244.0767
G0 F15000 X106.431 Y121.54
G1 F4500 X121.54 Y106.432 E245.14268
G0 F15000 X121.54 Y105.866
G1 F4500 X105.865 Y121.54 E246.2486
G0 F15000 X105.3 Y121.54
G1 F4500 X121.54 Y105.3 E247.39442
G0 F15000 X121.54 Y104.735
G1 F4500 X104.734 Y121.54 E248.58014
G0 F15000 X104.168 Y121.54
G1 F4500 X121.54 Y104.169 E249.80579
G0 F15000 X121.54 Y103.603
G1 F4500 X103.602 Y121.54 E251.07138
G0 F15000 X103.037 Y121.54
G1 F4500 X121.54 Y103.037 E252.37687
G0 F15000 X121.54 Y102.472
G1 F4500 X102.471 Y121.54 E253.72225
G0 F15000 X101.905 Y121.54
G1 F4500 X121.54 Y101.906 E255.10757
G0 F15000 X121.54 Y101.34
G1 F4500 X101.34 Y121.54 E256.53279
G0 F15000 X100.774 Y121.54
G1 F4500 X121.54 Y100.775 E257.99791
G0 F15000 X121.54 Y100.209
G1 F4500 X100.208 Y121.54 E259.50296
G0 F15000 X99.643 Y121.54
G1 F4500 X121.54 Y99.643 E261.04792
G0 F15000 X121.54 Y99.078
G1 F4500 X99.077 Y121.54 E262.63277
G0 F15000 X98.511 Y121.54
G1 F4500 X121.54 Y98.512 E264.25755
G0 F15000 X121.026 Y98.46
G1 F4500 X98.46 Y121.026 E265.8497
G0 F15000 X98.46 Y120.461
G1 F4500 X120.461 Y98.46 E267.40199
G0 F15000 X119.895 Y98.46
G1 F4500 X98.46 Y119.895 E268.91435
G0 F15000 X98.46 Y119.329
G1 F4500 X119.329 Y98.46 E270.38677
G0 F15000 X118.764 Y98.46
G1 F4500 X98.46 Y118.764 E271.81933
G0 F15000 X98.46 Y118.198
G1 F4500 X118.198 Y98.46 E273.21195
G0 F15000 X117.632 Y98.46
G1 F4500 X98.46 Y117.632 E274.56464
G0 F15000 X98.46 Y117.066
G1 F4500 X117.066 Y98.46 E275.87739
G0 F15000 X116.501 Y98.46
G1 F4500 X98.46 Y116.501 E277.15028
G0 F15000 X98.46 Y115.935
G1 F4500 X115.935 Y98.46 E278.38324
G0 F15000 X115.369 Y98.46
G1 F4500 X98.46 Y115.369 E279.57626
G0 F15000 X98.46 Y114.804
G1 F4500 X114.804 Y98.46 E280.72941
G0 F15000 X114.238 Y98.46
G1 F4500 X98.46 Y114.238 E281.84264
G0 F15000 X98.46 Y113.672
G1 F4500 X113.672 Y98.46 E282.91593
G0 F15000 X113.107 Y98.46
G1 F4500 X98.46 Y113.107 E283.94935
G0 F15000 X98.46 Y112.541
G1 F4500 X112.541 Y98.46 E284.94284
G0 F15000 X111.975 Y98.46
G1 F4500 X98.46 Y111.975 E285.8964
G0 F15000 X98.46 Y111.41
G1 F4500 X111.41 Y98.46 E286.81009
G0 F15000 X110.844 Y98.46
G1 F4500 X98.46 Y110.844 E287.68385
G0 F15000 X98.46 Y110.278
G1 F4500 X110.278 Y98.46 E288.51767
G0 F15000 X109.713 Y98.46
G1 F4500 X98.46 Y109.713 E289.31163
G0 F15000 X98.46 Y109.147
G1 F4500 X109.147 Y98.46 E290.06566
G0 F15000 X108.581 Y98.46
G1 F4500 X98.46 Y108.581 E290.77975
G0 F15000 X98.46 Y108.016
G1 F4500 X108.016 Y98.46 E291.45398
G0 F15000 X107.45 Y98.46
G1 F4500 X98.46 Y107.45 E292.08827
G0 F15000 X98.46 Y106.884
G1 F4500 X106.884 Y98.46 E292.68263
G0 F15000 X106.318 Y98.46
G1 F4500 X98.46 Y106.318 E293.23705
G0 F15000 X98.46 Y105.753
G1 F4500 X105.753 Y98.46 E293.75161
G0 F15000 X105.187 Y98.46
G1 F4500 X98.46 Y105.187 E294.22624
G0 F15000 X98.46 Y104.621
G1 F4500 X104.621 Y98.46 E294.66093
G0 F15000 X104.056 Y98.46
G1 F4500 X98.46 Y104.056 E295.05576
G0 F15000 X98.46 Y103.49
G1 F4500 X103.49 Y98.46 E295.41065
G0 F15000 X102.924 Y98.46
G1 F4500 X98.46 Y102.924 E295.72561
G0 F15000 X98.46 Y102.359
G1 F4500 X102.359 Y98.46 E296.00071
G0 F15000 X101.793 Y98.46
G1 F4500 X98.46 Y101.793 E296.23587
G0 F15000 X98.46 Y101.227
G1 F4500 X101.227 Y98.46 E296.4311
G0 F15000 X100.662 Y98.46
G1 F4500 X98.46 Y100.662 E296.58646
G0 F15000 X98.46 Y100.096
G1 F4500 X100.096 Y98.46 E296.70189
G0 F15000 X99.53 Y98.46
G1 F4500 X98.46 Y99.53 E296.77738
G0 F15000 X98.46 Y98.965
G1 F4500 X98.965 Y98.46 E296.81301
G1 F1500 E290.31301
;MESH:NONMESH
G0 F300 X98.965 Y98.46 Z1.4
G0 F15000 X98.965 Y98
G0 X98.072 Y98.072
G0 X98.072 Y121.928
G0 X110 Y122.1
;TIME_ELAPSED:217.270012
;LAYER:4
;note -- min layer time used
;TYPE:WALL-INNER
;MESH:Non-Layer Shifted Cube.stl
G1 F1500 E296.81301
G1 F2138.5 X122.1 Y122.1 E297.41668
G1 X122.1 Y97.9 E298.62403
G1 X97.9 Y97.9 E299.83137
G1 X97.9 Y122.1 E301.03871
G1 X110 Y122.1 E301.64238
G0 F15000 X110 Y122.5
;TYPE:WALL-OUTER
G1 F2138.5 X122.5 Y122.5 E302.26601
G1 X122.5 Y97.5 E303.51327
G1 X97.5 Y97.5 E304.76052
G1 X97.5 Y122.5 E306.00778
G1 X110 Y122.5 E306.6314
G0 F15000 X110 Y121.79
G0 X111.502 Y121.79
G0 X111.502 Y122.02
;TYPE:FILL
G1 F2138.5 X122.019 Y119.202 E307.17461
G0 F15000 X121.79 Y119.202
G0 X121.82 Y121.82
G0 X122.02 Y122.02
G1 F2138.5 X97.98 Y97.98 E308.87076
G0 F15000 X98.18 Y98.18
G0 X98.21 Y100.796
G0 X97.981 Y100.796
G1 F2138.5 X108.49 Y97.98 E309.41355
G0 F15000 X108.49 Y98.21
G0 X113.22 Y98.21
G0 X113.22 Y97.979
G1 F2138.5 X106.778 Y122.02 E310.65528
G0 F15000 X106.778 Y121.79
G0 X105.049 Y121.79
G0 X105.049 Y122.02
G1 F2138.5 X97.98 Y114.95 E311.15407
G0 F15000 X98.21 Y114.95
G0 X98.21 Y113.22
G0 X97.98 Y113.22
G1 F2138.5 X122.019 Y106.779 E312.39568
G0 F15000 X121.79 Y106.779
G0 X121.79 Y105.049
G0 X122.02 Y105.049
G1 F2138.5 X114.951 Y97.98 E312.89444
G0 F15000 X114.951 Y98.21
G0 X100.797 Y98.21
G0 X100.797 Y97.98
G1 F2138.5 X97.981 Y108.489 E313.43723
G0 F15000 X98.21 Y108.489
G0 X121.79 Y111.503
G0 X122.02 Y111.503
G1 F2138.5 X119.201 Y122.02 E313.98045
G0 F15000 X119.201 Y121.49
;MESH:NONMESH
G0 F300 X119.201 Y121.49 Z1.7
G0 F15000 X110 Y121.79
G0 X110 Y122.1
;TIME_ELAPSED:230.542735
;LAYER:5
;note -- min layer time used
;TYPE:WALL-INNER
;MESH:Non-Layer Shifted Cube.stl
G1 F2123.6 X122.1 Y122.1 E314.58412
G1 X122.1 Y97.9 E315.79146
G1 X97.9 Y97.9 E316.99881
G1 X97.9 Y122.1 E318.20615
G1 X110 Y122.1 E318.80982
G0 F15000 X110 Y122.5
;TYPE:WALL-OUTER
G1 F2123.6 X122.5 Y122.5 E319.43345
G1 X122.5 Y97.5 E320.6807
G1 X97.5 Y97.5 E321.92796
G1 X97.5 Y122.5 E323.17521
G1 X110 Y122.5 E323.79884
G0 F15000 X110 Y121.79
G0 X111.502 Y121.79
G0 X111.502 Y122.02
;TYPE:FILL
G1 F2123.6 X122.019 Y119.202 E324.34205
G0 F15000 X121.79 Y119.202
G0 X121.82 Y121.82
G0 X122.02 Y122.02
G1 F2123.6 X97.98 Y97.98 E326.0382
G0 F15000 X98.18 Y98.18
G0 X98.21 Y100.796
G0 X97.981 Y100.796
G1 F2123.6 X108.49 Y97.98 E326.58099
G0 F15000 X108.49 Y98.21
G0 X113.22 Y98.21
G0 X113.22 Y97.979
G1 F2123.6 X106.778 Y122.02 E327.82271
G0 F15000 X106.778 Y121.79
G0 X105.049 Y121.79
G0 X105.049 Y122.02
G1 F2123.6 X97.98 Y114.95 E328.32151
G0 F15000 X98.21 Y114.95
G0 X98.21 Y113.22
G0 X97.98 Y113.22
G1 F2123.6 X122.019 Y106.779 E329.56312
G0 F15000 X121.79 Y106.779
G0 X121.79 Y105.049
G0 X122.02 Y105.049
G1 F2123.6 X114.951 Y97.98 E330.06188
G0 F15000 X114.951 Y98.21
G0 X100.797 Y98.21
G0 X100.797 Y97.98
G1 F2123.6 X97.981 Y108.489 E330.60467
G0 F15000 X98.21 Y108.489
G0 X121.79 Y111.503
G0 X122.02 Y111.503
G1 F2123.6 X119.201 Y122.02 E331.14789
G0 F15000 X119.201 Y121.49
;MESH:NONMESH
G0 F300 X119.201 Y121.49 Z2
G0 F15000 X110 Y121.79
G0 X110 Y122.1
;TIME_ELAPSED:243.586184
;LAYER:6
;note -- min layer time used
;TYPE:WALL-INNER
;MESH:Non-Layer Shifted Cube.stl
G1 F2123.6 X122.1 Y122.1 E331.75156
G1 X122.1 Y97.9 E332.9589
G1 X97.9 Y97.9 E334.16624
G1 X97.9 Y122.1 E335.37359
G1 X110 Y122.1 E335.97726
G0 F15000 X110 Y122.5
;TYPE:WALL-OUTER
G1 F2123.6 X122.5 Y122.5 E336.60089
G1 X122.5 Y97.5 E337.84814
G1 X97.5 Y97.5 E339.0954
G1 X97.5 Y122.5 E340.34265
G1 X110 Y122.5 E340.96628
G0 F15000 X110 Y121.79
G0 X111.502 Y121.79
G0 X111.502 Y122.02
;TYPE:FILL
G1 F2123.6 X122.019 Y119.202 E341.50948
G0 F15000 X121.79 Y119.202
G0 X121.82 Y121.82
G0 X122.02 Y122.02
G1 F2123.6 X97.98 Y97.98 E343.20563
G0 F15000 X98.18 Y98.18
G0 X98.21 Y100.796
G0 X97.981 Y100.796
G1 F2123.6 X108.49 Y97.98 E343.74843
G0 F15000 X108.49 Y98.21
G0 X113.22 Y98.21
G0 X113.22 Y97.979
G1 F2123.6 X106.778 Y122.02 E344.99015
G0 F15000 X106.778 Y121.79
G0 X105.049 Y121.79
G0 X105.049 Y122.02
G1 F2123.6 X97.98 Y114.95 E345.48894
G0 F15000 X98.21 Y114.95
G0 X98.21 Y113.22
G0 X97.98 Y113.22
G1 F2123.6 X122.019 Y106.779 E346.73056
G0 F15000 X121.79 Y106.779
G0 X121.79 Y105.049
G0 X122.02 Y105.049
G1 F2123.6 X114.951 Y97.98 E347.22931
G0 F15000 X114.951 Y98.21
G0 X100.797 Y98.21
G0 X100.797 Y97.98
G1 F2123.6 X97.981 Y108.489 E347.77211
G0 F15000 X98.21 Y108.489
G0 X121.79 Y111.503
G0 X122.02 Y111.503
G1 F2123.6 X119.201 Y122.02 E348.31532
G0 F15000 X119.201 Y121.49
;MESH:NONMESH
G0 F300 X119.201 Y121.49 Z2.3
G0 F15000 X110 Y121.79
G0 X110 Y122.1
;TIME_ELAPSED:256.629633
;LAYER:7
;note -- min layer time used
;TYPE:WALL-INNER
;MESH:Non-Layer Shifted Cube.stl
G1 F2123.6 X122.1 Y122.1 E348.91899
G1 X122.1 Y97.9 E350.12634
G1 X97.9 Y97.9 E351.33368
G1 X97.9 Y122.1 E352.54102
G1 X110 Y122.1 E353.1447
G0 F15000 X110 Y122.5
;TYPE:WALL-OUTER
G1 F2123.6 X122.5 Y122.5 E353.76832
G1 X122.5 Y97.5 E355.01558
G1 X97.5 Y97.5 E356.26283
G1 X97.5 Y122.5 E357.51009
G1 X110 Y122.5 E358.13372
G0 F15000 X110 Y121.79
G0 X111.502 Y121.79
G0 X111.502 Y122.02
;TYPE:FILL
G1 F2123.6 X122.019 Y119.202 E358.67692
G0 F15000 X121.79 Y119.202
G0 X121.82 Y121.82
G0 X122.02 Y122.02
G1 F2123.6 X97.98 Y97.98 E360.37307
G0 F15000 X98.18 Y98.18
G0 X98.21 Y100.796
G0 X97.981 Y100.796
G1 F2123.6 X108.49 Y97.98 E360.91586
G0 F15000 X108.49 Y98.21
G0 X113.22 Y98.21
G0 X113.22 Y97.979
G1 F2123.6 X106.778 Y122.02 E362.15759
G0 F15000 X106.778 Y121.79
G0 X105.049 Y121.79
G0 X105.049 Y122.02
G1 F2123.6 X97.98 Y114.95 E362.65638
G0 F15000 X98.21 Y114.95
G0 X98.21 Y113.22
G0 X97.98 Y113.22
G1 F2123.6 X122.019 Y106.779 E363.89799
G0 F15000 X121.79 Y106.779
G0 X121.79 Y105.049
G0 X122.02 Y105.049
G1 F2123.6 X114.951 Y97.98 E364.39675
G0 F15000 X114.951 Y98.21
G0 X100.797 Y98.21
G0 X100.797 Y97.98
G1 F2123.6 X97.981 Y108.489 E364.93954
G0 F15000 X98.21 Y108.489
G0 X121.79 Y111.503
G0 X122.02 Y111.503
G1 F2123.6 X119.201 Y122.02 E365.48276
G0 F15000 X119.201 Y121.49
;MESH:NONMESH
G0 F300 X119.201 Y121.49 Z2.6
G0 F15000 X110 Y121.79
G0 X110 Y122.1
;TIME_ELAPSED:269.673082
;LAYER:8
;note -- min layer time used
;TYPE:WALL-INNER
;MESH:Non-Layer Shifted Cube.stl
G1 F2123.6 X122.1 Y122.1 E366.08643
G1 X122.1 Y97.9 E367.29377
G1 X97.9 Y97.9 E368.50112
G1 X97.9 Y122.1 E369.70846
G1 X110 Y122.1 E370.31213
G0 F15000 X110 Y122.5
;TYPE:WALL-OUTER
G1 F2123.6 X122.5 Y122.5 E370.93576
G1 X122.5 Y97.5 E372.18301
G1 X97.5 Y97.5 E373.43027
G1 X97.5 Y122.5 E374.67752
G1 X110 Y122.5 E375.30115
G0 F15000 X110 Y121.79
G0 X111.502 Y121.79
G0 X111.502 Y122.02
;TYPE:FILL
G1 F2123.6 X122.019 Y119.202 E375.84436
G0 F15000 X121.79 Y119.202
G0 X121.82 Y121.82
G0 X122.02 Y122.02
G1 F2123.6 X97.98 Y97.98 E377.54051
G0 F15000 X98.18 Y98.18
G0 X98.21 Y100.796
G0 X97.981 Y100.796
G1 F2123.6 X108.49 Y97.98 E378.0833
G0 F15000 X108.49 Y98.21
G0 X113.22 Y98.21
G0 X113.22 Y97.979
G1 F2123.6 X106.778 Y122.02 E379.32503
G0 F15000 X106.778 Y121.79
G0 X105.049 Y121.79
G0 X105.049 Y122.02
G1 F2123.6 X97.98 Y114.95 E379.82382
G0 F15000 X98.21 Y114.95
G0 X98.21 Y113.22
G0 X97.98 Y113.22
G1 F2123.6 X122.019 Y106.779 E381.06543
G0 F15000 X121.79 Y106.779
G0 X121.79 Y105.049
G0 X122.02 Y105.049
G1 F2123.6 X114.951 Y97.98 E381.56419
G0 F15000 X114.951 Y98.21
G0 X100.797 Y98.21
G0 X100.797 Y97.98
G1 F2123.6 X97.981 Y108.489 E382.10698
G0 F15000 X98.21 Y108.489
G0 X121.79 Y111.503
G0 X122.02 Y111.503
G1 F2123.6 X119.201 Y122.02 E382.6502
G0 F15000 X119.201 Y121.49
;MESH:NONMESH
G0 F300 X119.201 Y121.49 Z2.9
G0 F15000 X110 Y121.79
G0 X110 Y122.1
;TIME_ELAPSED:282.716532
;LAYER:9
;note -- min layer time used
;TYPE:WALL-INNER
;MESH:Non-Layer Shifted Cube.stl
G1 F2123.6 X122.1 Y122.1 E383.25387
G1 X122.1 Y97.9 E384.46121
G1 X97.9 Y97.9 E385.66855
G1 X97.9 Y122.1 E386.8759
G1 X110 Y122.1 E387.47957
G0 F15000 X110 Y122.5
;TYPE:WALL-OUTER
G1 F2123.6 X122.5 Y122.5 E388.1032
G1 X122.5 Y97.5 E389.35045
G1 X97.5 Y97.5 E390.59771
G1 X97.5 Y122.5 E391.84496
G1 X110 Y122.5 E392.46859
G0 F15000 X110 Y121.79
G0 X111.502 Y121.79
G0 X111.502 Y122.02
;TYPE:FILL
G1 F2123.6 X122.019 Y119.202 E393.01179
G0 F15000 X121.79 Y119.202
G0 X121.82 Y121.82
G0 X122.02 Y122.02
G1 F2123.6 X97.98 Y97.98 E394.70795
G0 F15000 X98.18 Y98.18
G0 X98.21 Y100.796
G0 X97.981 Y100.796
G1 F2123.6 X108.49 Y97.98 E395.25074
G0 F15000 X108.49 Y98.21
G0 X113.22 Y98.21
G0 X113.22 Y97.979
G1 F2123.6 X106.778 Y122.02 E396.49246
G0 F15000 X106.778 Y121.79
G0 X105.049 Y121.79
G0 X105.049 Y122.02
G1 F2123.6 X97.98 Y114.95 E396.99125
G0 F15000 X98.21 Y114.95
G0 X98.21 Y113.22
G0 X97.98 Y113.22
G1 F2123.6 X122.019 Y106.779 E398.23287
G0 F15000 X121.79 Y106.779
G0 X121.79 Y105.049
G0 X122.02 Y105.049
G1 F2123.6 X114.951 Y97.98 E398.73162
G0 F15000 X114.951 Y98.21
G0 X100.797 Y98.21
G0 X100.797 Y97.98
G1 F2123.6 X97.981 Y108.489 E399.27442
G0 F15000 X98.21 Y108.489
G0 X121.79 Y111.503
G0 X122.02 Y111.503
G1 F2123.6 X119.201 Y122.02 E399.81763
G0 F15000 X119.201 Y121.49
;MESH:NONMESH
G0 F300 X119.201 Y121.49 Z3.2
G0 F15000 X110 Y121.79
G0 X110 Y122.1
;TIME_ELAPSED:295.759981
;LAYER:10
;note -- min layer time used
;TYPE:WALL-INNER
;MESH:Non-Layer Shifted Cube.stl
G1 F2123.6 X122.1 Y122.1 E400.42131
G1 X122.1 Y97.9 E401.62865
G1 X97.9 Y97.9 E402.83599
G1 X97.9 Y122.1 E404.04333
G1 X110 Y122.1 E404.64701
G0 F15000 X110 Y122.5
;TYPE:WALL-OUTER
G1 F2123.6 X122.5 Y122.5 E405.27063
G1 X122.5 Y97.5 E406.51789
G1 X97.5 Y97.5 E407.76514
G1 X97.5 Y122.5 E409.0124
G1 X110 Y122.5 E409.63603
G0 F15000 X110 Y121.79
G0 X111.502 Y121.79
G0 X111.502 Y122.02
;TYPE:FILL
G1 F2123.6 X122.019 Y119.202 E410.17923
G0 F15000 X121.79 Y119.202
G0 X121.82 Y121.82
G0 X122.02 Y122.02
G1 F2123.6 X97.98 Y97.98 E411.87538
G0 F15000 X98.18 Y98.18
G0 X98.21 Y100.796
G0 X97.981 Y100.796
G1 F2123.6 X108.49 Y97.98 E412.41818
G0 F15000 X108.49 Y98.21
G0 X113.22 Y98.21
G0 X113.22 Y97.979
G1 F2123.6 X106.778 Y122.02 E413.6599
G0 F15000 X106.778 Y121.79
G0 X105.049 Y121.79
G0 X105.049 Y122.02
G1 F2123.6 X97.98 Y114.95 E414.15869
G0 F15000 X98.21 Y114.95
G0 X98.21 Y113.22
G0 X97.98 Y113.22
G1 F2123.6 X122.019 Y106.779 E415.40031
G0 F15000 X121.79 Y106.779
G0 X121.79 Y105.049
G0 X122.02 Y105.049
G1 F2123.6 X114.951 Y97.98 E415.89906
G0 F15000 X114.951 Y98.21
G0 X100.797 Y98.21
G0 X100.797 Y97.98
G1 F2123.6 X97.981 Y108.489 E416.44185
G0 F15000 X98.21 Y108.489
G0 X121.79 Y111.503
G0 X122.02 Y111.503
G1 F2123.6 X119.201 Y122.02 E416.98507
G0 F15000 X119.201 Y121.49
;MESH:NONMESH
G0 F300 X119.201 Y121.49 Z3.5
G0 F15000 X110 Y121.79
G0 X110 Y122.1
;TIME_ELAPSED:308.803430
;LAYER:11
;note -- min layer time used
;TYPE:WALL-INNER
;MESH:Non-Layer Shifted Cube.stl
G1 F2123.6 X122.1 Y122.1 E417.58874
G1 X122.1 Y97.9 E418.79609
G1 X97.9 Y97.9 E420.00343
G1 X97.9 Y122.1 E421.21077
G1 X110 Y122.1 E421.81444
G0 F15000 X110 Y122.5
;TYPE:WALL-OUTER
G1 F2123.6 X122.5 Y122.5 E422.43807
G1 X122.5 Y97.5 E423.68533
G1 X97.5 Y97.5 E424.93258
G1 X97.5 Y122.5 E426.17984
G1 X110 Y122.5 E426.80346
G0 F15000 X110 Y121.79
G0 X111.502 Y121.79
G0 X111.502 Y122.02
;TYPE:FILL
G1 F2123.6 X122.019 Y119.202 E427.34667
G0 F15000 X121.79 Y119.202
G0 X121.82 Y121.82
G0 X122.02 Y122.02
G1 F2123.6 X97.98 Y97.98 E429.04282
G0 F15000 X98.18 Y98.18
G0 X98.21 Y100.796
G0 X97.981 Y100.796
G1 F2123.6 X108.49 Y97.98 E429.58561
G0 F15000 X108.49 Y98.21
G0 X113.22 Y98.21
G0 X113.22 Y97.979
G1 F2123.6 X106.778 Y122.02 E430.82734
G0 F15000 X106.778 Y121.79
G0 X105.049 Y121.79
G0 X105.049 Y122.02
G1 F2123.6 X97.98 Y114.95 E431.32613
G0 F15000 X98.21 Y114.95
G0 X98.21 Y113.22
G0 X97.98 Y113.22
G1 F2123.6 X122.019 Y106.779 E432.56774
G0 F15000 X121.79 Y106.779
G0 X121.79 Y105.049
G0 X122.02 Y105.049
G1 F2123.6 X114.951 Y97.98 E433.0665
G0 F15000 X114.951 Y98.21
G0 X100.797 Y98.21
G0 X100.797 Y97.98
G1 F2123.6 X97.981 Y108.489 E433.60929
G0 F15000 X98.21 Y108.489
G0 X121.79 Y111.503
G0 X122.02 Y111.503
G1 F2123.6 X119.201 Y122.02 E434.15251
G0 F15000 X119.201 Y121.49
;MESH:NONMESH
G0 F300 X119.201 Y121.49 Z3.8
G0 F15000 X110 Y121.79
G0 X110 Y122.1
;TIME_ELAPSED:321.846880
;LAYER:12
;note -- min layer time used
;TYPE:WALL-INNER
;MESH:Non-Layer Shifted Cube.stl
G1 F2123.6 X122.1 Y122.1 E434.75618
G1 X122.1 Y97.9 E435.96352
G1 X97.9 Y97.9 E437.17087
G1 X97.9 Y122.1 E438.37821
G1 X110 Y122.1 E438.98188
G0 F15000 X110 Y122.5
;TYPE:WALL-OUTER
G1 F2123.6 X122.5 Y122.5 E439.60551
G1 X122.5 Y97.5 E440.85276
G1 X97.5 Y97.5 E442.10002
G1 X97.5 Y122.5 E443.34727
G1 X110 Y122.5 E443.9709
G0 F15000 X110 Y121.79
G0 X111.502 Y121.79
G0 X111.502 Y122.02
;TYPE:FILL
G1 F2123.6 X122.019 Y119.202 E444.5141
G0 F15000 X121.79 Y119.202
G0 X121.82 Y121.82
G0 X122.02 Y122.02
G1 F2123.6 X97.98 Y97.98 E446.21026
G0 F15000 X98.18 Y98.18
G0 X98.21 Y100.796
G0 X97.981 Y100.796
G1 F2123.6 X108.49 Y97.98 E446.75305
G0 F15000 X108.49 Y98.21
G0 X113.22 Y98.21
G0 X113.22 Y97.979
G1 F2123.6 X106.778 Y122.02 E447.99477
G0 F15000 X106.778 Y121.79
G0 X105.049 Y121.79
G0 X105.049 Y122.02
G1 F2123.6 X97.98 Y114.95 E448.49356
G0 F15000 X98.21 Y114.95
G0 X98.21 Y113.22
G0 X97.98 Y113.22
G1 F2123.6 X122.019 Y106.779 E449.73518
G0 F15000 X121.79 Y106.779
G0 X121.79 Y105.049
G0 X122.02 Y105.049
G1 F2123.6 X114.951 Y97.98 E450.23394
G0 F15000 X114.951 Y98.21
G0 X100.797 Y98.21
G0 X100.797 Y97.98
G1 F2123.6 X97.981 Y108.489 E450.77673
G0 F15000 X98.21 Y108.489
G0 X121.79 Y111.503
G0 X122.02 Y111.503
G1 F2123.6 X119.201 Y122.02 E451.31995
G0 F15000 X119.201 Y121.49
;MESH:NONMESH
G0 F300 X119.201 Y121.49 Z4.1
G0 F15000 X110 Y121.79
G0 X110 Y122.1
;TIME_ELAPSED:334.890329
;LAYER:13
;note -- min layer time used
;TYPE:WALL-INNER
;MESH:Non-Layer Shifted Cube.stl
G1 F2123.6 X122.1 Y122.1 E451.92362
G1 X122.1 Y97.9 E453.13096
G1 X97.9 Y97.9 E454.3383
G1 X97.9 Y122.1 E455.54565
G1 X110 Y122.1 E456.14932
G0 F15000 X110 Y122.5
;TYPE:WALL-OUTER
G1 F2123.6 X122.5 Y122.5 E456.77294
G1 X122.5 Y97.5 E458.0202
G1 X97.5 Y97.5 E459.26746
G1 X97.5 Y122.5 E460.51471
G1 X110 Y122.5 E461.13834
G0 F15000 X110 Y121.79
G0 X111.502 Y121.79
G0 X111.502 Y122.02
;TYPE:FILL
G1 F2123.6 X122.019 Y119.202 E461.68154
G0 F15000 X121.79 Y119.202
G0 X121.82 Y121.82
G0 X122.02 Y122.02
G1 F2123.6 X97.98 Y97.98 E463.37769
G0 F15000 X98.18 Y98.18
G0 X98.21 Y100.796
G0 X97.981 Y100.796
G1 F2123.6 X108.49 Y97.98 E463.92049
G0 F15000 X108.49 Y98.21
G0 X113.22 Y98.21
G0 X113.22 Y97.979
G1 F2123.6 X106.778 Y122.02 E465.16221
G0 F15000 X106.778 Y121.79
G0 X105.049 Y121.79
G0 X105.049 Y122.02
G1 F2123.6 X97.98 Y114.95 E465.661
G0 F15000 X98.21 Y114.95
G0 X98.21 Y113.22
G0 X97.98 Y113.22
G1 F2123.6 X122.019 Y106.779 E466.90262
G0 F15000 X121.79 Y106.779
G0 X121.79 Y105.049
G0 X122.02 Y105.049
G1 F2123.6 X114.951 Y97.98 E467.40137
G0 F15000 X114.951 Y98.21
G0 X100.797 Y98.21
G0 X100.797 Y97.98
G1 F2123.6 X97.981 Y108.489 E467.94417
G0 F15000 X98.21 Y108.489
G0 X121.79 Y111.503
G0 X122.02 Y111.503
G1 F2123.6 X119.201 Y122.02 E468.48738
G0 F15000 X119.201 Y121.49
;MESH:NONMESH
G0 F300 X119.201 Y121.49 Z4.4
G0 F15000 X110 Y121.79
G0 X110 Y122.1
;TIME_ELAPSED:347.933778
;LAYER:14
;note -- min layer time used
;TYPE:WALL-INNER
;MESH:Non-Layer Shifted Cube.stl
G1 F2123.6 X122.1 Y122.1 E469.09105
G1 X122.1 Y97.9 E470.2984
G1 X97.9 Y97.9 E471.50574
G1 X97.9 Y122.1 E472.71308
G1 X110 Y122.1 E473.31675
G0 F15000 X110 Y122.5
;TYPE:WALL-OUTER
G1 F2123.6 X122.5 Y122.5 E473.94038
G1 X122.5 Y97.5 E475.18764
G1 X97.5 Y97.5 E476.43489
G1 X97.5 Y122.5 E477.68215
G1 X110 Y122.5 E478.30577
G0 F15000 X110 Y121.79
G0 X111.502 Y121.79
G0 X111.502 Y122.02
;TYPE:FILL
G1 F2123.6 X122.019 Y119.202 E478.84898
G0 F15000 X121.79 Y119.202
G0 X121.82 Y121.82
G0 X122.02 Y122.02
G1 F2123.6 X97.98 Y97.98 E480.54513
G0 F15000 X98.18 Y98.18
G0 X98.21 Y100.796
G0 X97.981 Y100.796
G1 F2123.6 X108.49 Y97.98 E481.08792
G0 F15000 X108.49 Y98.21
G0 X113.22 Y98.21
G0 X113.22 Y97.979
G1 F2123.6 X106.778 Y122.02 E482.32965
G0 F15000 X106.778 Y121.79
G0 X105.049 Y121.79
G0 X105.049 Y122.02
G1 F2123.6 X97.98 Y114.95 E482.82844
G0 F15000 X98.21 Y114.95
G0 X98.21 Y113.22
G0 X97.98 Y113.22
G1 F2123.6 X122.019 Y106.779 E484.07005
G0 F15000 X121.79 Y106.779
G0 X121.79 Y105.049
G0 X122.02 Y105.049
G1 F2123.6 X114.951 Y97.98 E484.56881
G0 F15000 X114.951 Y98.21
G0 X100.797 Y98.21
G0 X100.797 Y97.98
G1 F2123.6 X97.981 Y108.489 E485.1116
G0 F15000 X98.21 Y108.489
G0 X121.79 Y111.503
G0 X122.02 Y111.503
G1 F2123.6 X119.201 Y122.02 E485.65482
G0 F15000 X119.201 Y121.49
;MESH:NONMESH
G0 F300 X119.201 Y121.49 Z4.7
G0 F15000 X110 Y121.79
G0 X110 Y122.1
;TIME_ELAPSED:360.977228
;LAYER:15
;note -- min layer time used
;TYPE:WALL-INNER
;MESH:Non-Layer Shifted Cube.stl
G1 F2123.6 X122.1 Y122.1 E486.25849
G1 X122.1 Y97.9 E487.46583
G1 X97.9 Y97.9 E488.67318
G1 X97.9 Y122.1 E489.88052
G1 X110 Y122.1 E490.48419
G0 F15000 X110 Y122.5
;TYPE:WALL-OUTER
G1 F2123.6 X122.5 Y122.5 E491.10782
G1 X122.5 Y97.5 E492.35507
G1 X97.5 Y97.5 E493.60233
G1 X97.5 Y122.5 E494.84958
G1 X110 Y122.5 E495.47321
G0 F15000 X110 Y121.79
G0 X111.502 Y121.79
G0 X111.502 Y122.02
;TYPE:FILL
G1 F2123.6 X122.019 Y119.202 E496.01642
G0 F15000 X121.79 Y119.202
G0 X121.82 Y121.82
G0 X122.02 Y122.02
G1 F2123.6 X97.98 Y97.98 E497.71257
G0 F15000 X98.18 Y98.18
G0 X98.21 Y100.796
G0 X97.981 Y100.796
G1 F2123.6 X108.49 Y97.98 E498.25536
G0 F15000 X108.49 Y98.21
G0 X113.22 Y98.21
G0 X113.22 Y97.979
G1 F2123.6 X106.778 Y122.02 E499.49708
G0 F15000 X106.778 Y121.79
G0 X105.049 Y121.79
G0 X105.049 Y122.02
G1 F2123.6 X97.98 Y114.95 E499.99588
G0 F15000 X98.21 Y114.95
G0 X98.21 Y113.22
G0 X97.98 Y113.22
G1 F2123.6 X122.019 Y106.779 E501.23749
G0 F15000 X121.79 Y106.779
G0 X121.79 Y105.049
G0 X122.02 Y105.049
G1 F2123.6 X114.951 Y97.98 E501.73625
G0 F15000 X114.951 Y98.21
G0 X100.797 Y98.21
G0 X100.797 Y97.98
G1 F2123.6 X97.981 Y108.489 E502.27904
G0 F15000 X98.21 Y108.489
G0 X121.79 Y111.503
G0 X122.02 Y111.503
G1 F2123.6 X119.201 Y122.02 E502.82226
G0 F15000 X119.201 Y121.49
;MESH:NONMESH
G0 F300 X119.201 Y121.49 Z5
G0 F15000 X110 Y121.79
G0 X110 Y122.1
;TIME_ELAPSED:374.020677
;LAYER:16
;note -- min layer time used
;TYPE:WALL-INNER
;MESH:Non-Layer Shifted Cube.stl
G1 F2123.6 X122.1 Y122.1 E503.42593
G1 X122.1 Y97.9 E504.63327
G1 X97.9 Y97.9 E505.84061
G1 X97.9 Y122.1 E507.04796
G1 X110 Y122.1 E507.65163
G0 F15000 X110 Y122.5
;TYPE:WALL-OUTER
G1 F2123.6 X122.5 Y122.5 E508.27526
G1 X122.5 Y97.5 E509.52251
G1 X97.5 Y97.5 E510.76977
G1 X97.5 Y122.5 E512.01702
G1 X110 Y122.5 E512.64065
G0 F15000 X110 Y121.79
G0 X111.502 Y121.79
G0 X111.502 Y122.02
;TYPE:FILL
G1 F2123.6 X122.019 Y119.202 E513.18385
G0 F15000 X121.79 Y119.202
G0 X121.82 Y121.82
G0 X122.02 Y122.02
G1 F2123.6 X97.98 Y97.98 E514.88
G0 F15000 X98.18 Y98.18
G0 X98.21 Y100.796
G0 X97.981 Y100.796
G1 F2123.6 X108.49 Y97.98 E515.4228
G0 F15000 X108.49 Y98.21
G0 X113.22 Y98.21
G0 X113.22 Y97.979
G1 F2123.6 X106.778 Y122.02 E516.66452
G0 F15000 X106.778 Y121.79
G0 X105.049 Y121.79
G0 X105.049 Y122.02
G1 F2123.6 X97.98 Y114.95 E517.16331
G0 F15000 X98.21 Y114.95
G0 X98.21 Y113.22
G0 X97.98 Y113.22
G1 F2123.6 X122.019 Y106.779 E518.40493
G0 F15000 X121.79 Y106.779
G0 X121.79 Y105.049
G0 X122.02 Y105.049
G1 F2123.6 X114.951 Y97.98 E518.90368
G0 F15000 X114.951 Y98.21
G0 X100.797 Y98.21
G0 X100.797 Y97.98
G1 F2123.6 X97.981 Y108.489 E519.44648
G0 F15000 X98.21 Y108.489
G0 X121.79 Y111.503
G0 X122.02 Y111.503
G1 F2123.6 X119.201 Y122.02 E519.98969
G0 F15000 X119.201 Y121.49
;MESH:NONMESH
G0 F300 X119.201 Y121.49 Z5.3
G0 F15000 X110 Y121.79
G0 X110 Y122.1
;TIME_ELAPSED:387.064126
;LAYER:17
;note -- min layer time used
;TYPE:WALL-INNER
;MESH:Non-Layer Shifted Cube.stl
G1 F2123.6 X122.1 Y122.1 E520.59337
G1 X122.1 Y97.9 E521.80071
G1 X97.9 Y97.9 E523.00805
G1 X97.9 Y122.1 E524.21539
G1 X110 Y122.1 E524.81907
G0 F15000 X110 Y122.5
;TYPE:WALL-OUTER
G1 F2123.6 X122.5 Y122.5 E525.44269
G1 X122.5 Y97.5 E526.68995
G1 X97.5 Y97.5 E527.9372
G1 X97.5 Y122.5 E529.18446
G1 X110 Y122.5 E529.80809
G0 F15000 X110 Y121.79
G0 X111.502 Y121.79
G0 X111.502 Y122.02
;TYPE:FILL
G1 F2123.6 X122.019 Y119.202 E530.35129
G0 F15000 X121.79 Y119.202
G0 X121.82 Y121.82
G0 X122.02 Y122.02
G1 F2123.6 X97.98 Y97.98 E532.04744
G0 F15000 X98.18 Y98.18
G0 X98.21 Y100.796
G0 X97.981 Y100.796
G1 F2123.6 X108.49 Y97.98 E532.59023
G0 F15000 X108.49 Y98.21
G0 X113.22 Y98.21
G0 X113.22 Y97.979
G1 F2123.6 X106.778 Y122.02 E533.83196
G0 F15000 X106.778 Y121.79
G0 X105.049 Y121.79
G0 X105.049 Y122.02
G1 F2123.6 X97.98 Y114.95 E534.33075
G0 F15000 X98.21 Y114.95
G0 X98.21 Y113.22
G0 X97.98 Y113.22
G1 F2123.6 X122.019 Y106.779 E535.57236
G0 F15000 X121.79 Y106.779
G0 X121.79 Y105.049
G0 X122.02 Y105.049
G1 F2123.6 X114.951 Y97.98 E536.07112
G0 F15000 X114.951 Y98.21
G0 X100.797 Y98.21
G0 X100.797 Y97.98
G1 F2123.6 X97.981 Y108.489 E536.61391
G0 F15000 X98.21 Y108.489
G0 X121.79 Y111.503
G0 X122.02 Y111.503
G1 F2123.6 X119.201 Y122.02 E537.15713
G0 F15000 X119.201 Y121.49
;MESH:NONMESH
G0 F300 X119.201 Y121.49 Z5.6
G0 F15000 X110 Y121.79
G0 X110 Y122.1
;TIME_ELAPSED:400.107575
;LAYER:18
;note -- min layer time used
;TYPE:WALL-INNER
;MESH:Non-Layer Shifted Cube.stl
G1 F2123.6 X122.1 Y122.1 E537.7608
G1 X122.1 Y97.9 E538.96815
G1 X97.9 Y97.9 E540.17549
G1 X97.9 Y122.1 E541.38283
G1 X110 Y122.1 E541.9865
G0 F15000 X110 Y122.5
;TYPE:WALL-OUTER
G1 F2123.6 X122.5 Y122.5 E542.61013
G1 X122.5 Y97.5 E543.85739
G1 X97.5 Y97.5 E545.10464
G1 X97.5 Y122.5 E546.3519
G1 X110 Y122.5 E546.97552
G0 F15000 X110 Y121.79
G0 X111.502 Y121.79
G0 X111.502 Y122.02
;TYPE:FILL
G1 F2123.6 X122.019 Y119.202 E547.51873
G0 F15000 X121.79 Y119.202
G0 X121.82 Y121.82
G0 X122.02 Y122.02
G1 F2123.6 X97.98 Y97.98 E549.21488
G0 F15000 X98.18 Y98.18
G0 X98.21 Y100.796
G0 X97.981 Y100.796
G1 F2123.6 X108.49 Y97.98 E549.75767
G0 F15000 X108.49 Y98.21
G0 X113.22 Y98.21
G0 X113.22 Y97.979
G1 F2123.6 X106.778 Y122.02 E550.9994
G0 F15000 X106.778 Y121.79
G0 X105.049 Y121.79
G0 X105.049 Y122.02
G1 F2123.6 X97.98 Y114.95 E551.49819
G0 F15000 X98.21 Y114.95
G0 X98.21 Y113.22
G0 X97.98 Y113.22
G1 F2123.6 X122.019 Y106.779 E552.7398
G0 F15000 X121.79 Y106.779
G0 X121.79 Y105.049
G0 X122.02 Y105.049
G1 F2123.6 X114.951 Y97.98 E553.23856
G0 F15000 X114.951 Y98.21
G0 X100.797 Y98.21
G0 X100.797 Y97.98
G1 F2123.6 X97.981 Y108.489 E553.78135
G0 F15000 X98.21 Y108.489
G0 X121.79 Y111.503
G0 X122.02 Y111.503
G1 F2123.6 X119.201 Y122.02 E554.32457
G0 F15000 X119.201 Y121.49
;MESH:NONMESH
G0 F300 X119.201 Y121.49 Z5.9
G0 F15000 X110 Y121.79
G0 X110 Y122.1
;TIME_ELAPSED:413.151025
;LAYER:19
;note -- min layer time used
;TYPE:WALL-INNER
;MESH:Non-Layer Shifted Cube.stl
G1 F2123.6 X122.1 Y122.1 E554.92824
G1 X122.1 Y97.9 E556.13558
G1 X97.9 Y97.9 E557.34293
G1 X97.9 Y122.1 E558.55027
G1 X110 Y122.1 E559.15394
G0 F15000 X110 Y122.5
;TYPE:WALL-OUTER
G1 F2123.6 X122.5 Y122.5 E559.77757
G1 X122.5 Y97.5 E561.02482
G1 X97.5 Y97.5 E562.27208
G1 X97.5 Y122.5 E563.51933
G1 X110 Y122.5 E564.14296
G0 F15000 X110 Y121.79
G0 X111.502 Y121.79
G0 X111.502 Y122.02
;TYPE:FILL
G1 F2123.6 X122.019 Y119.202 E564.68616
G0 F15000 X121.79 Y119.202
G0 X121.82 Y121.82
G0 X122.02 Y122.02
G1 F2123.6 X97.98 Y97.98 E566.38232
G0 F15000 X98.18 Y98.18
G0 X98.21 Y100.796
G0 X97.981 Y100.796
G1 F2123.6 X108.49 Y97.98 E566.92511
G0 F15000 X108.49 Y98.21
G0 X113.22 Y98.21
G0 X113.22 Y97.979
G1 F2123.6 X106.778 Y122.02 E568.16683
G0 F15000 X106.778 Y121.79
G0 X105.049 Y121.79
G0 X105.049 Y122.02
G1 F2123.6 X97.98 Y114.95 E568.66562
G0 F15000 X98.21 Y114.95
G0 X98.21 Y113.22
G0 X97.98 Y113.22
G1 F2123.6 X122.019 Y106.779 E569.90724
G0 F15000 X121.79 Y106.779
G0 X121.79 Y105.049
G0 X122.02 Y105.049
G1 F2123.6 X114.951 Y97.98 E570.406
G0 F15000 X114.951 Y98.21
G0 X100.797 Y98.21
G0 X100.797 Y97.98
G1 F2123.6 X97.981 Y108.489 E570.94879
G0 F15000 X98.21 Y108.489
G0 X121.79 Y111.503
G0 X122.02 Y111.503
G1 F2123.6 X119.201 Y122.02 E571.49201
G0 F15000 X119.201 Y121.49
;MESH:NONMESH
G0 F300 X119.201 Y121.49 Z6.2
G0 F15000 X110 Y121.79
G0 X110 Y122.1
;TIME_ELAPSED:426.194474
;LAYER:20
;note -- min layer time used
;TYPE:WALL-INNER
;MESH:Non-Layer Shifted Cube.stl
G1 F2123.6 X122.1 Y122.1 E572.09568
G1 X122.1 Y97.9 E573.30302
G1 X97.9 Y97.9 E574.51036
G1 X97.9 Y122.1 E575.71771
G1 X110 Y122.1 E576.32138
G0 F15000 X110 Y122.5
;TYPE:WALL-OUTER
G1 F2123.6 X122.5 Y122.5 E576.945
G1 X122.5 Y97.5 E578.19226
G1 X97.5 Y97.5 E579.43951
G1 X97.5 Y122.5 E580.68677
G1 X110 Y122.5 E581.3104
G0 F15000 X110 Y121.79
G0 X111.502 Y121.79
G0 X111.502 Y122.02
;TYPE:FILL
G1 F2123.6 X122.019 Y119.202 E581.8536
G0 F15000 X121.79 Y119.202
G0 X121.82 Y121.82
G0 X122.02 Y122.02
G1 F2123.6 X97.98 Y97.98 E583.54975
G0 F15000 X98.18 Y98.18
G0 X98.21 Y100.796
G0 X97.981 Y100.796
G1 F2123.6 X108.49 Y97.98 E584.09255
G0 F15000 X108.49 Y98.21
G0 X113.22 Y98.21
G0 X113.22 Y97.979
G1 F2123.6 X106.778 Y122.02 E585.33427
G0 F15000 X106.778 Y121.79
G0 X105.049 Y121.79
G0 X105.049 Y122.02
G1 F2123.6 X97.98 Y114.95 E585.83306
G0 F15000 X98.21 Y114.95
G0 X98.21 Y113.22
G0 X97.98 Y113.22
G1 F2123.6 X122.019 Y106.779 E587.07468
G0 F15000 X121.79 Y106.779
G0 X121.79 Y105.049
G0 X122.02 Y105.049
G1 F2123.6 X114.951 Y97.98 E587.57343
G0 F15000 X114.951 Y98.21
G0 X100.797 Y98.21
G0 X100.797 Y97.98
G1 F2123.6 X97.981 Y108.489 E588.11623
G0 F15000 X98.21 Y108.489
G0 X121.79 Y111.503
G0 X122.02 Y111.503
G1 F2123.6 X119.201 Y122.02 E588.65944
G0 F15000 X119.201 Y121.49
;MESH:NONMESH
G0 F300 X119.201 Y121.49 Z6.5
G0 F15000 X110 Y121.79
G0 X110 Y122.1
;TIME_ELAPSED:439.237923
;LAYER:21
;note -- min layer time used
;TYPE:WALL-INNER
;MESH:Non-Layer Shifted Cube.stl
G1 F2123.6 X122.1 Y122.1 E589.26311
G1 X122.1 Y97.9 E590.47046
G1 X97.9 Y97.9 E591.6778
G1 X97.9 Y122.1 E592.88514
G1 X110 Y122.1 E593.48881
G0 F15000 X110 Y122.5
;TYPE:WALL-OUTER
G1 F2123.6 X122.5 Y122.5 E594.11244
G1 X122.5 Y97.5 E595.3597
G1 X97.5 Y97.5 E596.60695
G1 X97.5 Y122.5 E597.85421
G1 X110 Y122.5 E598.47783
G0 F15000 X110 Y121.79
G0 X111.502 Y121.79
G0 X111.502 Y122.02
;TYPE:FILL
G1 F2123.6 X122.019 Y119.202 E599.02104
G0 F15000 X121.79 Y119.202
G0 X121.82 Y121.82
G0 X122.02 Y122.02
G1 F2123.6 X97.98 Y97.98 E600.71719
G0 F15000 X98.18 Y98.18
G0 X98.21 Y100.796
G0 X97.981 Y100.796
G1 F2123.6 X108.49 Y97.98 E601.25998
G0 F15000 X108.49 Y98.21
G0 X113.22 Y98.21
G0 X113.22 Y97.979
G1 F2123.6 X106.778 Y122.02 E602.50171
G0 F15000 X106.778 Y121.79
G0 X105.049 Y121.79
G0 X105.049 Y122.02
G1 F2123.6 X97.98 Y114.95 E603.0005
G0 F15000 X98.21 Y114.95
G0 X98.21 Y113.22
G0 X97.98 Y113.22
G1 F2123.6 X122.019 Y106.779 E604.24211
G0 F15000 X121.79 Y106.779
G0 X121.79 Y105.049
G0 X122.02 Y105.049
G1 F2123.6 X114.951 Y97.98 E604.74087
G0 F15000 X114.951 Y98.21
G0 X100.797 Y98.21
G0 X100.797 Y97.98
G1 F2123.6 X97.981 Y108.489 E605.28366
G0 F15000 X98.21 Y108.489
G0 X121.79 Y111.503
G0 X122.02 Y111.503
G1 F2123.6 X119.201 Y122.02 E605.82688
G0 F15000 X119.201 Y121.49
;MESH:NONMESH
G0 F300 X119.201 Y121.49 Z6.8
G0 F15000 X110 Y121.79
G0 X110 Y122.1
;TIME_ELAPSED:452.281373
;LAYER:22
;note -- min layer time used
;TYPE:WALL-INNER
;MESH:Non-Layer Shifted Cube.stl
G1 F2123.6 X122.1 Y122.1 E606.43055
G1 X122.1 Y97.9 E607.63789
G1 X97.9 Y97.9 E608.84524
G1 X97.9 Y122.1 E610.05258
G1 X110 Y122.1 E610.65625
G0 F15000 X110 Y122.5
;TYPE:WALL-OUTER
G1 F2123.6 X122.5 Y122.5 E611.27988
G1 X122.5 Y97.5 E612.52713
G1 X97.5 Y97.5 E613.77439
G1 X97.5 Y122.5 E615.02164
G1 X110 Y122.5 E615.64527
G0 F15000 X110 Y121.79
G0 X111.502 Y121.79
G0 X111.502 Y122.02
;TYPE:FILL
G1 F2123.6 X122.019 Y119.202 E616.18848
G0 F15000 X121.79 Y119.202
G0 X121.82 Y121.82
G0 X122.02 Y122.02
G1 F2123.6 X97.98 Y97.98 E617.88463
G0 F15000 X98.18 Y98.18
G0 X98.21 Y100.796
G0 X97.981 Y100.796
G1 F2123.6 X108.49 Y97.98 E618.42742
G0 F15000 X108.49 Y98.21
G0 X113.22 Y98.21
G0 X113.22 Y97.979
G1 F2123.6 X106.778 Y122.02 E619.66914
G0 F15000 X106.778 Y121.79
G0 X105.049 Y121.79
G0 X105.049 Y122.02
G1 F2123.6 X97.98 Y114.95 E620.16794
G0 F15000 X98.21 Y114.95
G0 X98.21 Y113.22
G0 X97.98 Y113.22
G1 F2123.6 X122.019 Y106.779 E621.40955
G0 F15000 X121.79 Y106.779
G0 X121.79 Y105.049
G0 X122.02 Y105.049
G1 F2123.6 X114.951 Y97.98 E621.90831
G0 F15000 X114.951 Y98.21
G0 X100.797 Y98.21
G0 X100.797 Y97.98
G1 F2123.6 X97.981 Y108.489 E622.4511
G0 F15000 X98.21 Y108.489
G0 X121.79 Y111.503
G0 X122.02 Y111.503
G1 F2123.6 X119.201 Y122.02 E622.99432
G0 F15000 X119.201 Y121.49
;MESH:NONMESH
G0 F300 X119.201 Y121.49 Z7.1
G0 F15000 X110 Y121.79
G0 X110 Y122.1
;TIME_ELAPSED:465.324822
;LAYER:23
;note -- min layer time used
;TYPE:WALL-INNER
;MESH:Non-Layer Shifted Cube.stl
G1 F2123.6 X122.1 Y122.1 E623.59799
G1 X122.1 Y97.9 E624.80533
G1 X97.9 Y97.9 E626.01267
G1 X97.9 Y122.1 E627.22002
G1 X110 Y122.1 E627.82369
G0 F15000 X110 Y122.5
;TYPE:WALL-OUTER
G1 F2123.6 X122.5 Y122.5 E628.44732
G1 X122.5 Y97.5 E629.69457
G1 X97.5 Y97.5 E630.94183
G1 X97.5 Y122.5 E632.18908
G1 X110 Y122.5 E632.81271
G0 F15000 X110 Y121.79
G0 X111.502 Y121.79
G0 X111.502 Y122.02
;TYPE:FILL
G1 F2123.6 X122.019 Y119.202 E633.35591
G0 F15000 X121.79 Y119.202
G0 X121.82 Y121.82
G0 X122.02 Y122.02
G1 F2123.6 X97.98 Y97.98 E635.05206
G0 F15000 X98.18 Y98.18
G0 X98.21 Y100.796
G0 X97.981 Y100.796
G1 F2123.6 X108.49 Y97.98 E635.59486
G0 F15000 X108.49 Y98.21
G0 X113.22 Y98.21
G0 X113.22 Y97.979
G1 F2123.6 X106.778 Y122.02 E636.83658
G0 F15000 X106.778 Y121.79
G0 X105.049 Y121.79
G0 X105.049 Y122.02
G1 F2123.6 X97.98 Y114.95 E637.33537
G0 F15000 X98.21 Y114.95
G0 X98.21 Y113.22
G0 X97.98 Y113.22
G1 F2123.6 X122.019 Y106.779 E638.57699
G0 F15000 X121.79 Y106.779
G0 X121.79 Y105.049
G0 X122.02 Y105.049
G1 F2123.6 X114.951 Y97.98 E639.07574
G0 F15000 X114.951 Y98.21
G0 X100.797 Y98.21
G0 X100.797 Y97.98
G1 F2123.6 X97.981 Y108.489 E639.61854
G0 F15000 X98.21 Y108.489
G0 X121.79 Y111.503
G0 X122.02 Y111.503
G1 F2123.6 X119.201 Y122.02 E640.16175
G0 F15000 X119.201 Y121.49
;MESH:NONMESH
G0 F300 X119.201 Y121.49 Z7.4
G0 F15000 X110 Y121.79
G0 X110 Y122.1
;TIME_ELAPSED:478.368271
;LAYER:24
;note -- min layer time used
;TYPE:WALL-INNER
;MESH:Non-Layer Shifted Cube.stl
G1 F2123.6 X122.1 Y122.1 E640.76542
G1 X122.1 Y97.9 E641.97277
G1 X97.9 Y97.9 E643.18011
G1 X97.9 Y122.1 E644.38745
G1 X110 Y122.1 E644.99113
G0 F15000 X110 Y122.5
;TYPE:WALL-OUTER
G1 F2123.6 X122.5 Y122.5 E645.61475
G1 X122.5 Y97.5 E646.86201
G1 X97.5 Y97.5 E648.10926
G1 X97.5 Y122.5 E649.35652
G1 X110 Y122.5 E649.98015
G0 F15000 X110 Y121.79
G0 X111.502 Y121.79
G0 X111.502 Y122.02
;TYPE:FILL
G1 F2123.6 X122.019 Y119.202 E650.52335
G0 F15000 X121.79 Y119.202
G0 X121.82 Y121.82
G0 X122.02 Y122.02
G1 F2123.6 X97.98 Y97.98 E652.2195
G0 F15000 X98.18 Y98.18
G0 X98.21 Y100.796
G0 X97.981 Y100.796
G1 F2123.6 X108.49 Y97.98 E652.76229
G0 F15000 X108.49 Y98.21
G0 X113.22 Y98.21
G0 X113.22 Y97.979
G1 F2123.6 X106.778 Y122.02 E654.00402
G0 F15000 X106.778 Y121.79
G0 X105.049 Y121.79
G0 X105.049 Y122.02
G1 F2123.6 X97.98 Y114.95 E654.50281
G0 F15000 X98.21 Y114.95
G0 X98.21 Y113.22
G0 X97.98 Y113.22
G1 F2123.6 X122.019 Y106.779 E655.74442
G0 F15000 X121.79 Y106.779
G0 X121.79 Y105.049
G0 X122.02 Y105.049
G1 F2123.6 X114.951 Y97.98 E656.24318
G0 F15000 X114.951 Y98.21
G0 X100.797 Y98.21
G0 X100.797 Y97.98
G1 F2123.6 X97.981 Y108.489 E656.78597
G0 F15000 X98.21 Y108.489
G0 X121.79 Y111.503
G0 X122.02 Y111.503
G1 F2123.6 X119.201 Y122.02 E657.32919
G0 F15000 X119.201 Y121.49
;MESH:NONMESH
G0 F300 X119.201 Y121.49 Z7.7
G0 F15000 X110 Y121.79
G0 X110 Y122.1
;TIME_ELAPSED:491.411721
;LAYER:25
;note -- min layer time used
;TYPE:WALL-INNER
;MESH:Non-Layer Shifted Cube.stl
G1 F2123.6 X122.1 Y122.1 E657.93286
G1 X122.1 Y97.9 E659.1402
G1 X97.9 Y97.9 E660.34755
G1 X97.9 Y122.1 E661.55489
G1 X110 Y122.1 E662.15856
G0 F15000 X110 Y122.5
;TYPE:WALL-OUTER
G1 F2123.6 X122.5 Y122.5 E662.78219
G1 X122.5 Y97.5 E664.02944
G1 X97.5 Y97.5 E665.2767
G1 X97.5 Y122.5 E666.52395
G1 X110 Y122.5 E667.14758
G0 F15000 X110 Y121.79
G0 X111.502 Y121.79
G0 X111.502 Y122.02
;TYPE:FILL
G1 F2123.6 X122.019 Y119.202 E667.69079
G0 F15000 X121.79 Y119.202
G0 X121.82 Y121.82
G0 X122.02 Y122.02
G1 F2123.6 X97.98 Y97.98 E669.38694
G0 F15000 X98.18 Y98.18
G0 X98.21 Y100.796
G0 X97.981 Y100.796
G1 F2123.6 X108.49 Y97.98 E669.92973
G0 F15000 X108.49 Y98.21
G0 X113.22 Y98.21
G0 X113.22 Y97.979
G1 F2123.6 X106.778 Y122.02 E671.17146
G0 F15000 X106.778 Y121.79
G0 X105.049 Y121.79
G0 X105.049 Y122.02
G1 F2123.6 X97.98 Y114.95 E671.67025
G0 F15000 X98.21 Y114.95
G0 X98.21 Y113.22
G0 X97.98 Y113.22
G1 F2123.6 X122.019 Y106.779 E672.91186
G0 F15000 X121.79 Y106.779
G0 X121.79 Y105.049
G0 X122.02 Y105.049
G1 F2123.6 X114.951 Y97.98 E673.41062
G0 F15000 X114.951 Y98.21
G0 X100.797 Y98.21
G0 X100.797 Y97.98
G1 F2123.6 X97.981 Y108.489 E673.95341
G0 F15000 X98.21 Y108.489
G0 X121.79 Y111.503
G0 X122.02 Y111.503
G1 F2123.6 X119.201 Y122.02 E674.49663
G0 F15000 X119.201 Y121.49
;MESH:NONMESH
G0 F300 X119.201 Y121.49 Z8
G0 F15000 X110 Y121.79
G0 X110 Y122.1
;TIME_ELAPSED:504.455170
;LAYER:26
;note -- min layer time used
;TYPE:WALL-INNER
;MESH:Non-Layer Shifted Cube.stl
G1 F2123.6 X122.1 Y122.1 E675.1003
G1 X122.1 Y97.9 E676.30764
G1 X97.9 Y97.9 E677.51498
G1 X97.9 Y122.1 E678.72233
G1 X110 Y122.1 E679.326
G0 F15000 X110 Y122.5
;TYPE:WALL-OUTER
G1 F2123.6 X122.5 Y122.5 E679.94963
G1 X122.5 Y97.5 E681.19688
G1 X97.5 Y97.5 E682.44414
G1 X97.5 Y122.5 E683.69139
G1 X110 Y122.5 E684.31502
G0 F15000 X110 Y121.79
G0 X111.502 Y121.79
G0 X111.502 Y122.02
;TYPE:FILL
G1 F2123.6 X122.019 Y119.202 E684.85822
G0 F15000 X121.79 Y119.202
G0 X121.82 Y121.82
G0 X122.02 Y122.02
G1 F2123.6 X97.98 Y97.98 E686.55438
G0 F15000 X98.18 Y98.18
G0 X98.21 Y100.796
G0 X97.981 Y100.796
G1 F2123.6 X108.49 Y97.98 E687.09717
G0 F15000 X108.49 Y98.21
G0 X113.22 Y98.21
G0 X113.22 Y97.979
G1 F2123.6 X106.778 Y122.02 E688.33889
G0 F15000 X106.778 Y121.79
G0 X105.049 Y121.79
G0 X105.049 Y122.02
G1 F2123.6 X97.98 Y114.95 E688.83768
G0 F15000 X98.21 Y114.95
G0 X98.21 Y113.22
G0 X97.98 Y113.22
G1 F2123.6 X122.019 Y106.779 E690.0793
G0 F15000 X121.79 Y106.779
G0 X121.79 Y105.049
G0 X122.02 Y105.049
G1 F2123.6 X114.951 Y97.98 E690.57805
G0 F15000 X114.951 Y98.21
G0 X100.797 Y98.21
G0 X100.797 Y97.98
G1 F2123.6 X97.981 Y108.489 E691.12085
G0 F15000 X98.21 Y108.489
G0 X121.79 Y111.503
G0 X122.02 Y111.503
G1 F2123.6 X119.201 Y122.02 E691.66406
G0 F15000 X119.201 Y121.49
;MESH:NONMESH
G0 F300 X119.201 Y121.49 Z8.3
G0 F15000 X110 Y121.79
G0 X110 Y122.1
;TIME_ELAPSED:517.498619
;LAYER:27
;note -- min layer time used
;TYPE:WALL-INNER
;MESH:Non-Layer Shifted Cube.stl
G1 F2123.6 X122.1 Y122.1 E692.26774
G1 X122.1 Y97.9 E693.47508
G1 X97.9 Y97.9 E694.68242
G1 X97.9 Y122.1 E695.88976
G1 X110 Y122.1 E696.49344
G0 F15000 X110 Y122.5
;TYPE:WALL-OUTER
G1 F2123.6 X122.5 Y122.5 E697.11706
G1 X122.5 Y97.5 E698.36432
G1 X97.5 Y97.5 E699.61157
G1 X97.5 Y122.5 E700.85883
G1 X110 Y122.5 E701.48246
G0 F15000 X110 Y121.79
G0 X111.502 Y121.79
G0 X111.502 Y122.02
;TYPE:FILL
G1 F2123.6 X122.019 Y119.202 E702.02566
G0 F15000 X121.79 Y119.202
G0 X121.82 Y121.82
G0 X122.02 Y122.02
G1 F2123.6 X97.98 Y97.98 E703.72181
G0 F15000 X98.18 Y98.18
G0 X98.21 Y100.796
G0 X97.981 Y100.796
G1 F2123.6 X108.49 Y97.98 E704.26461
G0 F15000 X108.49 Y98.21
G0 X113.22 Y98.21
G0 X113.22 Y97.979
G1 F2123.6 X106.778 Y122.02 E705.50633
G0 F15000 X106.778 Y121.79
G0 X105.049 Y121.79
G0 X105.049 Y122.02
G1 F2123.6 X97.98 Y114.95 E706.00512
G0 F15000 X98.21 Y114.95
G0 X98.21 Y113.22
G0 X97.98 Y113.22
G1 F2123.6 X122.019 Y106.779 E707.24674
G0 F15000 X121.79 Y106.779
G0 X121.79 Y105.049
G0 X122.02 Y105.049
G1 F2123.6 X114.951 Y97.98 E707.74549
G0 F15000 X114.951 Y98.21
G0 X100.797 Y98.21
G0 X100.797 Y97.98
G1 F2123.6 X97.981 Y108.489 E708.28828
G0 F15000 X98.21 Y108.489
G0 X121.79 Y111.503
G0 X122.02 Y111.503
G1 F2123.6 X119.201 Y122.02 E708.8315
G0 F15000 X119.201 Y121.49
;MESH:NONMESH
G0 F300 X119.201 Y121.49 Z8.6
G0 F15000 X110 Y121.79
G0 X110 Y122.1
;TIME_ELAPSED:530.542068
;LAYER:28
;note -- min layer time used
;TYPE:WALL-INNER
;MESH:Non-Layer Shifted Cube.stl
G1 F2123.6 X122.1 Y122.1 E709.43517
G1 X122.1 Y97.9 E710.64252
G1 X97.9 Y97.9 E711.84986
G1 X97.9 Y122.1 E713.0572
G1 X110 Y122.1 E713.66087
G0 F15000 X110 Y122.5
;TYPE:WALL-OUTER
G1 F2123.6 X122.5 Y122.5 E714.2845
G1 X122.5 Y97.5 E715.53176
G1 X97.5 Y97.5 E716.77901
G1 X97.5 Y122.5 E718.02627
G1 X110 Y122.5 E718.64989
G0 F15000 X110 Y121.79
G0 X111.502 Y121.79
G0 X111.502 Y122.02
;TYPE:FILL
G1 F2123.6 X122.019 Y119.202 E719.1931
G0 F15000 X121.79 Y119.202
G0 X121.82 Y121.82
G0 X122.02 Y122.02
G1 F2123.6 X97.98 Y97.98 E720.88925
G0 F15000 X98.18 Y98.18
G0 X98.21 Y100.796
G0 X97.981 Y100.796
G1 F2123.6 X108.49 Y97.98 E721.43204
G0 F15000 X108.49 Y98.21
G0 X113.22 Y98.21
G0 X113.22 Y97.979
G1 F2123.6 X106.778 Y122.02 E722.67377
G0 F15000 X106.778 Y121.79
G0 X105.049 Y121.79
G0 X105.049 Y122.02
G1 F2123.6 X97.98 Y114.95 E723.17256
G0 F15000 X98.21 Y114.95
G0 X98.21 Y113.22
G0 X97.98 Y113.22
G1 F2123.6 X122.019 Y106.779 E724.41417
G0 F15000 X121.79 Y106.779
G0 X121.79 Y105.049
G0 X122.02 Y105.049
G1 F2123.6 X114.951 Y97.98 E724.91293
G0 F15000 X114.951 Y98.21
G0 X100.797 Y98.21
G0 X100.797 Y97.98
G1 F2123.6 X97.981 Y108.489 E725.45572
G0 F15000 X98.21 Y108.489
G0 X121.79 Y111.503
G0 X122.02 Y111.503
G1 F2123.6 X119.201 Y122.02 E725.99894
G0 F15000 X119.201 Y121.49
;MESH:NONMESH
G0 F300 X119.201 Y121.49 Z8.9
G0 F15000 X110 Y121.79
G0 X110 Y122.1
;TIME_ELAPSED:543.585518
;LAYER:29
;note -- min layer time used
;TYPE:WALL-INNER
;MESH:Non-Layer Shifted Cube.stl
G1 F2123.6 X122.1 Y122.1 E726.60261
G1 X122.1 Y97.9 E727.80995
G1 X97.9 Y97.9 E729.0173
G1 X97.9 Y122.1 E730.22464
G1 X110 Y122.1 E730.82831
G0 F15000 X110 Y122.5
;TYPE:WALL-OUTER
G1 F2123.6 X122.5 Y122.5 E731.45194
G1 X122.5 Y97.5 E732.69919
G1 X97.5 Y97.5 E733.94645
G1 X97.5 Y122.5 E735.1937
G1 X110 Y122.5 E735.81733
G0 F15000 X110 Y121.79
G0 X111.502 Y121.79
G0 X111.502 Y122.02
;TYPE:FILL
G1 F2123.6 X122.019 Y119.202 E736.36053
G0 F15000 X121.79 Y119.202
G0 X121.82 Y121.82
G0 X122.02 Y122.02
G1 F2123.6 X97.98 Y97.98 E738.05669
G0 F15000 X98.18 Y98.18
G0 X98.21 Y100.796
G0 X97.981 Y100.796
G1 F2123.6 X108.49 Y97.98 E738.59948
G0 F15000 X108.49 Y98.21
G0 X113.22 Y98.21
G0 X113.22 Y97.979
G1 F2123.6 X106.778 Y122.02 E739.8412
G0 F15000 X106.778 Y121.79
G0 X105.049 Y121.79
G0 X105.049 Y122.02
G1 F2123.6 X97.98 Y114.95 E740.33999
G0 F15000 X98.21 Y114.95
G0 X98.21 Y113.22
G0 X97.98 Y113.22
G1 F2123.6 X122.019 Y106.779 E741.58161
G0 F15000 X121.79 Y106.779
G0 X121.79 Y105.049
G0 X122.02 Y105.049
G1 F2123.6 X114.951 Y97.98 E742.08037
G0 F15000 X114.951 Y98.21
G0 X100.797 Y98.21
G0 X100.797 Y97.98
G1 F2123.6 X97.981 Y108.489 E742.62316
G0 F15000 X98.21 Y108.489
G0 X121.79 Y111.503
G0 X122.02 Y111.503
G1 F2123.6 X119.201 Y122.02 E743.16638
G0 F15000 X119.201 Y121.49
;MESH:NONMESH
G0 F300 X119.201 Y121.49 Z9.2
G0 F15000 X110 Y121.79
G0 X110 Y122.1
;TIME_ELAPSED:556.628967
;LAYER:30
;note -- min layer time used
;TYPE:WALL-INNER
;MESH:Non-Layer Shifted Cube.stl
G1 F2123.6 X122.1 Y122.1 E743.77005
G1 X122.1 Y97.9 E744.97739
G1 X97.9 Y97.9 E746.18473
G1 X97.9 Y122.1 E747.39208
G1 X110 Y122.1 E747.99575
G0 F15000 X110 Y122.5
;TYPE:WALL-OUTER
G1 F2123.6 X122.5 Y122.5 E748.61937
G1 X122.5 Y97.5 E749.86663
G1 X97.5 Y97.5 E751.11389
G1 X97.5 Y122.5 E752.36114
G1 X110 Y122.5 E752.98477
G0 F15000 X110 Y121.79
G0 X111.502 Y121.79
G0 X111.502 Y122.02
;TYPE:FILL
G1 F2123.6 X122.019 Y119.202 E753.52797
G0 F15000 X121.79 Y119.202
G0 X121.82 Y121.82
G0 X122.02 Y122.02
G1 F2123.6 X97.98 Y97.98 E755.22412
G0 F15000 X98.18 Y98.18
G0 X98.21 Y100.796
G0 X97.981 Y100.796
G1 F2123.6 X108.49 Y97.98 E755.76692
G0 F15000 X108.49 Y98.21
G0 X113.22 Y98.21
G0 X113.22 Y97.979
G1 F2123.6 X106.778 Y122.02 E757.00864
G0 F15000 X106.778 Y121.79
G0 X105.049 Y121.79
G0 X105.049 Y122.02
G1 F2123.6 X97.98 Y114.95 E757.50743
G0 F15000 X98.21 Y114.95
G0 X98.21 Y113.22
G0 X97.98 Y113.22
G1 F2123.6 X122.019 Y106.779 E758.74905
G0 F15000 X121.79 Y106.779
G0 X121.79 Y105.049
G0 X122.02 Y105.049
G1 F2123.6 X114.951 Y97.98 E759.2478
G0 F15000 X114.951 Y98.21
G0 X100.797 Y98.21
G0 X100.797 Y97.98
G1 F2123.6 X97.981 Y108.489 E759.7906
G0 F15000 X98.21 Y108.489
G0 X121.79 Y111.503
G0 X122.02 Y111.503
G1 F2123.6 X119.201 Y122.02 E760.33381
G0 F15000 X119.201 Y121.49
;MESH:NONMESH
G0 F300 X119.201 Y121.49 Z9.5
G0 F15000 X110 Y121.79
G0 X110 Y122.1
;TIME_ELAPSED:569.672416
;LAYER:31
;note -- min layer time used
;TYPE:WALL-INNER
;MESH:Non-Layer Shifted Cube.stl
G1 F2123.6 X122.1 Y122.1 E760.93748
G1 X122.1 Y97.9 E762.14483
G1 X97.9 Y97.9 E763.35217
G1 X97.9 Y122.1 E764.55951
G1 X110 Y122.1 E765.16318
G0 F15000 X110 Y122.5
;TYPE:WALL-OUTER
G1 F2123.6 X122.5 Y122.5 E765.78681
G1 X122.5 Y97.5 E767.03407
G1 X97.5 Y97.5 E768.28132
G1 X97.5 Y122.5 E769.52858
G1 X110 Y122.5 E770.1522
G0 F15000 X110 Y121.79
G0 X111.502 Y121.79
G0 X111.502 Y122.02
;TYPE:FILL
G1 F2123.6 X122.019 Y119.202 E770.69541
G0 F15000 X121.79 Y119.202
G0 X121.82 Y121.82
G0 X122.02 Y122.02
G1 F2123.6 X97.98 Y97.98 E772.39156
G0 F15000 X98.18 Y98.18
G0 X98.21 Y100.796
G0 X97.981 Y100.796
G1 F2123.6 X108.49 Y97.98 E772.93435
G0 F15000 X108.49 Y98.21
G0 X113.22 Y98.21
G0 X113.22 Y97.979
G1 F2123.6 X106.778 Y122.02 E774.17608
G0 F15000 X106.778 Y121.79
G0 X105.049 Y121.79
G0 X105.049 Y122.02
G1 F2123.6 X97.98 Y114.95 E774.67487
G0 F15000 X98.21 Y114.95
G0 X98.21 Y113.22
G0 X97.98 Y113.22
G1 F2123.6 X122.019 Y106.779 E775.91648
G0 F15000 X121.79 Y106.779
G0 X121.79 Y105.049
G0 X122.02 Y105.049
G1 F2123.6 X114.951 Y97.98 E776.41524
G0 F15000 X114.951 Y98.21
G0 X100.797 Y98.21
G0 X100.797 Y97.98
G1 F2123.6 X97.981 Y108.489 E776.95803
G0 F15000 X98.21 Y108.489
G0 X121.79 Y111.503
G0 X122.02 Y111.503
G1 F2123.6 X119.201 Y122.02 E777.50125
G0 F15000 X119.201 Y121.49
;MESH:NONMESH
G0 F300 X119.201 Y121.49 Z9.8
G0 F15000 X110 Y121.79
G0 X110 Y122.1
;TIME_ELAPSED:582.715866
;LAYER:32
;note -- min layer time used
;TYPE:WALL-INNER
;MESH:Non-Layer Shifted Cube.stl
G1 F2123.6 X122.1 Y122.1 E778.10492
G1 X122.1 Y97.9 E779.31226
G1 X97.9 Y97.9 E780.51961
G1 X97.9 Y122.1 E781.72695
G1 X110 Y122.1 E782.33062
G0 F15000 X110 Y122.5
;TYPE:WALL-OUTER
G1 F2123.6 X122.5 Y122.5 E782.95425
G1 X122.5 Y97.5 E784.2015
G1 X97.5 Y97.5 E785.44876
G1 X97.5 Y122.5 E786.69601
G1 X110 Y122.5 E787.31964
G0 F15000 X110 Y121.79
G0 X111.502 Y121.79
G0 X111.502 Y122.02
;TYPE:FILL
G1 F2123.6 X122.019 Y119.202 E787.86285
G0 F15000 X121.79 Y119.202
G0 X121.82 Y121.82
G0 X122.02 Y122.02
G1 F2123.6 X97.98 Y97.98 E789.559
G0 F15000 X98.18 Y98.18
G0 X98.21 Y100.796
G0 X97.981 Y100.796
G1 F2123.6 X108.49 Y97.98 E790.10179
G0 F15000 X108.49 Y98.21
G0 X113.22 Y98.21
G0 X113.22 Y97.979
G1 F2123.6 X106.778 Y122.02 E791.34351
G0 F15000 X106.778 Y121.79
G0 X105.049 Y121.79
G0 X105.049 Y122.02
G1 F2123.6 X97.98 Y114.95 E791.84231
G0 F15000 X98.21 Y114.95
G0 X98.21 Y113.22
G0 X97.98 Y113.22
G1 F2123.6 X122.019 Y106.779 E793.08392
G0 F15000 X121.79 Y106.779
G0 X121.79 Y105.049
G0 X122.02 Y105.049
G1 F2123.6 X114.951 Y97.98 E793.58268
G0 F15000 X114.951 Y98.21
G0 X100.797 Y98.21
G0 X100.797 Y97.98
G1 F2123.6 X97.981 Y108.489 E794.12547
G0 F15000 X98.21 Y108.489
G0 X121.79 Y111.503
G0 X122.02 Y111.503
G1 F2123.6 X119.201 Y122.02 E794.66869
G0 F15000 X119.201 Y121.49
;MESH:NONMESH
G0 F300 X119.201 Y121.49 Z10.1
G0 F15000 X110 Y121.79
G0 X110 Y122.1
;TIME_ELAPSED:595.759315
;LAYER:33
;note -- min layer time used
;TYPE:WALL-INNER
;MESH:Non-Layer Shifted Cube.stl
G1 F2123.6 X122.1 Y122.1 E795.27236
G1 X122.1 Y97.9 E796.4797
G1 X97.9 Y97.9 E797.68704
G1 X97.9 Y122.1 E798.89439
G1 X110 Y122.1 E799.49806
G0 F15000 X110 Y122.5
;TYPE:WALL-OUTER
G1 F2123.6 X122.5 Y122.5 E800.12169
G1 X122.5 Y97.5 E801.36894
G1 X97.5 Y97.5 E802.6162
G1 X97.5 Y122.5 E803.86345
G1 X110 Y122.5 E804.48708
G0 F15000 X110 Y121.79
G0 X111.502 Y121.79
G0 X111.502 Y122.02
;TYPE:FILL
G1 F2123.6 X122.019 Y119.202 E805.03028
G0 F15000 X121.79 Y119.202
G0 X121.82 Y121.82
G0 X122.02 Y122.02
G1 F2123.6 X97.98 Y97.98 E806.72643
G0 F15000 X98.18 Y98.18
G0 X98.21 Y100.796
G0 X97.981 Y100.796
G1 F2123.6 X108.49 Y97.98 E807.26923
G0 F15000 X108.49 Y98.21
G0 X113.22 Y98.21
G0 X113.22 Y97.979
G1 F2123.6 X106.778 Y122.02 E808.51095
G0 F15000 X106.778 Y121.79
G0 X105.049 Y121.79
G0 X105.049 Y122.02
G1 F2123.6 X97.98 Y114.95 E809.00974
G0 F15000 X98.21 Y114.95
G0 X98.21 Y113.22
G0 X97.98 Y113.22
G1 F2123.6 X122.019 Y106.779 E810.25136
G0 F15000 X121.79 Y106.779
G0 X121.79 Y105.049
G0 X122.02 Y105.049
G1 F2123.6 X114.951 Y97.98 E810.75011
G0 F15000 X114.951 Y98.21
G0 X100.797 Y98.21
G0 X100.797 Y97.98
G1 F2123.6 X97.981 Y108.489 E811.29291
G0 F15000 X98.21 Y108.489
G0 X121.79 Y111.503
G0 X122.02 Y111.503
G1 F2123.6 X119.201 Y122.02 E811.83612
G0 F15000 X119.201 Y121.49
;MESH:NONMESH
G0 F300 X119.201 Y121.49 Z10.4
G0 F15000 X110 Y121.79
G0 X110 Y122.1
;TIME_ELAPSED:608.802764
;LAYER:34
;note -- min layer time used
;TYPE:WALL-INNER
;MESH:Non-Layer Shifted Cube.stl
G1 F2123.6 X122.1 Y122.1 E812.4398
G1 X122.1 Y97.9 E813.64714
G1 X97.9 Y97.9 E814.85448
G1 X97.9 Y122.1 E816.06182
G1 X110 Y122.1 E816.6655
G0 F15000 X110 Y122.5
;TYPE:WALL-OUTER
G1 F2123.6 X122.5 Y122.5 E817.28912
G1 X122.5 Y97.5 E818.53638
G1 X97.5 Y97.5 E819.78363
G1 X97.5 Y122.5 E821.03089
G1 X110 Y122.5 E821.65452
G0 F15000 X110 Y121.79
G0 X111.502 Y121.79
G0 X111.502 Y122.02
;TYPE:FILL
G1 F2123.6 X122.019 Y119.202 E822.19772
G0 F15000 X121.79 Y119.202
G0 X121.82 Y121.82
G0 X122.02 Y122.02
G1 F2123.6 X97.98 Y97.98 E823.89387
G0 F15000 X98.18 Y98.18
G0 X98.21 Y100.796
G0 X97.981 Y100.796
G1 F2123.6 X108.49 Y97.98 E824.43666
G0 F15000 X108.49 Y98.21
G0 X113.22 Y98.21
G0 X113.22 Y97.979
G1 F2123.6 X106.778 Y122.02 E825.67839
G0 F15000 X106.778 Y121.79
G0 X105.049 Y121.79
G0 X105.049 Y122.02
G1 F2123.6 X97.98 Y114.95 E826.17718
G0 F15000 X98.21 Y114.95
G0 X98.21 Y113.22
G0 X97.98 Y113.22
G1 F2123.6 X122.019 Y106.779 E827.41879
G0 F15000 X121.79 Y106.779
G0 X121.79 Y105.049
G0 X122.02 Y105.049
G1 F2123.6 X114.951 Y97.98 E827.91755
G0 F15000 X114.951 Y98.21
G0 X100.797 Y98.21
G0 X100.797 Y97.98
G1 F2123.6 X97.981 Y108.489 E828.46034
G0 F15000 X98.21 Y108.489
G0 X121.79 Y111.503
G0 X122.02 Y111.503
G1 F2123.6 X119.201 Y122.02 E829.00356
G0 F15000 X119.201 Y121.49
;MESH:NONMESH
G0 F300 X119.201 Y121.49 Z10.7
G0 F15000 X110 Y121.79
G0 X110 Y122.1
;TIME_ELAPSED:621.846214
;LAYER:35
;note -- min layer time used
;TYPE:WALL-INNER
;MESH:Non-Layer Shifted Cube.stl
G1 F2123.6 X122.1 Y122.1 E829.60723
G1 X122.1 Y97.9 E830.81458
G1 X97.9 Y97.9 E832.02192
G1 X97.9 Y122.1 E833.22926
G1 X110 Y122.1 E833.83293
G0 F15000 X110 Y122.5
;TYPE:WALL-OUTER
G1 F2123.6 X122.5 Y122.5 E834.45656
G1 X122.5 Y97.5 E835.70382
G1 X97.5 Y97.5 E836.95107
G1 X97.5 Y122.5 E838.19833
G1 X110 Y122.5 E838.82195
G0 F15000 X110 Y121.79
G0 X111.502 Y121.79
G0 X111.502 Y122.02
;TYPE:FILL
G1 F2123.6 X122.019 Y119.202 E839.36516
G0 F15000 X121.79 Y119.202
G0 X121.82 Y121.82
G0 X122.02 Y122.02
G1 F2123.6 X97.98 Y97.98 E841.06131
G0 F15000 X98.18 Y98.18
G0 X98.21 Y100.796
G0 X97.981 Y100.796
G1 F2123.6 X108.49 Y97.98 E841.6041
G0 F15000 X108.49 Y98.21
G0 X113.22 Y98.21
G0 X113.22 Y97.979
G1 F2123.6 X106.778 Y122.02 E842.84583
G0 F15000 X106.778 Y121.79
G0 X105.049 Y121.79
G0 X105.049 Y122.02
G1 F2123.6 X97.98 Y114.95 E843.34462
G0 F15000 X98.21 Y114.95
G0 X98.21 Y113.22
G0 X97.98 Y113.22
G1 F2123.6 X122.019 Y106.779 E844.58623
G0 F15000 X121.79 Y106.779
G0 X121.79 Y105.049
G0 X122.02 Y105.049
G1 F2123.6 X114.951 Y97.98 E845.08499
G0 F15000 X114.951 Y98.21
G0 X100.797 Y98.21
G0 X100.797 Y97.98
G1 F2123.6 X97.981 Y108.489 E845.62778
G0 F15000 X98.21 Y108.489
G0 X121.79 Y111.503
G0 X122.02 Y111.503
G1 F2123.6 X119.201 Y122.02 E846.171
G0 F15000 X119.201 Y121.49
;MESH:NONMESH
G0 F300 X119.201 Y121.49 Z11
G0 F15000 X110 Y121.79
G0 X110 Y122.1
;TIME_ELAPSED:634.889663
;LAYER:36
;note -- min layer time used
;TYPE:WALL-INNER
;MESH:Non-Layer Shifted Cube.stl
G1 F2123.6 X122.1 Y122.1 E846.77467
G1 X122.1 Y97.9 E847.98201
G1 X97.9 Y97.9 E849.18936
G1 X97.9 Y122.1 E850.3967
G1 X110 Y122.1 E851.00037
G0 F15000 X110 Y122.5
;TYPE:WALL-OUTER
G1 F2123.6 X122.5 Y122.5 E851.624
G1 X122.5 Y97.5 E852.87125
G1 X97.5 Y97.5 E854.11851
G1 X97.5 Y122.5 E855.36576
G1 X110 Y122.5 E855.98939
G0 F15000 X110 Y121.79
G0 X111.502 Y121.79
G0 X111.502 Y122.02
;TYPE:FILL
G1 F2123.6 X122.019 Y119.202 E856.53259
G0 F15000 X121.79 Y119.202
G0 X121.82 Y121.82
G0 X122.02 Y122.02
G1 F2123.6 X97.98 Y97.98 E858.22875
G0 F15000 X98.18 Y98.18
G0 X98.21 Y100.796
G0 X97.981 Y100.796
G1 F2123.6 X108.49 Y97.98 E858.77154
G0 F15000 X108.49 Y98.21
G0 X113.22 Y98.21
G0 X113.22 Y97.979
G1 F2123.6 X106.778 Y122.02 E860.01326
G0 F15000 X106.778 Y121.79
G0 X105.049 Y121.79
G0 X105.049 Y122.02
G1 F2123.6 X97.98 Y114.95 E860.51205
G0 F15000 X98.21 Y114.95
G0 X98.21 Y113.22
G0 X97.98 Y113.22
G1 F2123.6 X122.019 Y106.779 E861.75367
G0 F15000 X121.79 Y106.779
G0 X121.79 Y105.049
G0 X122.02 Y105.049
G1 F2123.6 X114.951 Y97.98 E862.25243
G0 F15000 X114.951 Y98.21
G0 X100.797 Y98.21
G0 X100.797 Y97.98
G1 F2123.6 X97.981 Y108.489 E862.79522
G0 F15000 X98.21 Y108.489
G0 X121.79 Y111.503
G0 X122.02 Y111.503
G1 F2123.6 X119.201 Y122.02 E863.33844
G0 F15000 X119.201 Y121.49
;MESH:NONMESH
G0 F300 X119.201 Y121.49 Z11.3
G0 F15000 X110 Y121.79
G0 X110 Y122.1
;TIME_ELAPSED:647.933112
;LAYER:37
;note -- min layer time used
;TYPE:WALL-INNER
;MESH:Non-Layer Shifted Cube.stl
G1 F2123.6 X122.1 Y122.1 E863.94211
G1 X122.1 Y97.9 E865.14945
G1 X97.9 Y97.9 E866.35679
G1 X97.9 Y122.1 E867.56414
G1 X110 Y122.1 E868.16781
G0 F15000 X110 Y122.5
;TYPE:WALL-OUTER
G1 F2123.6 X122.5 Y122.5 E868.79143
G1 X122.5 Y97.5 E870.03869
G1 X97.5 Y97.5 E871.28594
G1 X97.5 Y122.5 E872.5332
G1 X110 Y122.5 E873.15683
G0 F15000 X110 Y121.79
G0 X111.502 Y121.79
G0 X111.502 Y122.02
;TYPE:FILL
G1 F2123.6 X122.019 Y119.202 E873.70003
G0 F15000 X121.79 Y119.202
G0 X121.82 Y121.82
G0 X122.02 Y122.02
G1 F2123.6 X97.98 Y97.98 E875.39618
G0 F15000 X98.18 Y98.18
G0 X98.21 Y100.796
G0 X97.981 Y100.796
G1 F2123.6 X108.49 Y97.98 E875.93898
G0 F15000 X108.49 Y98.21
G0 X113.22 Y98.21
G0 X113.22 Y97.979
G1 F2123.6 X106.778 Y122.02 E877.1807
G0 F15000 X106.778 Y121.79
G0 X105.049 Y121.79
G0 X105.049 Y122.02
G1 F2123.6 X97.98 Y114.95 E877.67949
G0 F15000 X98.21 Y114.95
G0 X98.21 Y113.22
G0 X97.98 Y113.22
G1 F2123.6 X122.019 Y106.779 E878.92111
G0 F15000 X121.79 Y106.779
G0 X121.79 Y105.049
G0 X122.02 Y105.049
G1 F2123.6 X114.951 Y97.98 E879.41986
G0 F15000 X114.951 Y98.21
G0 X100.797 Y98.21
G0 X100.797 Y97.98
G1 F2123.6 X97.981 Y108.489 E879.96266
G0 F15000 X98.21 Y108.489
G0 X121.79 Y111.503
G0 X122.02 Y111.503
G1 F2123.6 X119.201 Y122.02 E880.50587
G0 F15000 X119.201 Y121.49
;MESH:NONMESH
G0 F300 X119.201 Y121.49 Z11.6
G0 F15000 X110 Y121.79
G0 X110 Y122.1
;TIME_ELAPSED:660.976561
;LAYER:38
;note -- min layer time used
;TYPE:WALL-INNER
;MESH:Non-Layer Shifted Cube.stl
G1 F2123.6 X122.1 Y122.1 E881.10954
G1 X122.1 Y97.9 E882.31689
G1 X97.9 Y97.9 E883.52423
G1 X97.9 Y122.1 E884.73157
G1 X110 Y122.1 E885.33524
G0 F15000 X110 Y122.5
;TYPE:WALL-OUTER
G1 F2123.6 X122.5 Y122.5 E885.95887
G1 X122.5 Y97.5 E887.20613
G1 X97.5 Y97.5 E888.45338
G1 X97.5 Y122.5 E889.70064
G1 X110 Y122.5 E890.32426
G0 F15000 X110 Y121.79
G0 X111.502 Y121.79
G0 X111.502 Y122.02
;TYPE:FILL
G1 F2123.6 X122.019 Y119.202 E890.86747
G0 F15000 X121.79 Y119.202
G0 X121.82 Y121.82
G0 X122.02 Y122.02
G1 F2123.6 X97.98 Y97.98 E892.56362
G0 F15000 X98.18 Y98.18
G0 X98.21 Y100.796
G0 X97.981 Y100.796
G1 F2123.6 X108.49 Y97.98 E893.10641
G0 F15000 X108.49 Y98.21
G0 X113.22 Y98.21
G0 X113.22 Y97.979
G1 F2123.6 X106.778 Y122.02 E894.34814
G0 F15000 X106.778 Y121.79
G0 X105.049 Y121.79
G0 X105.049 Y122.02
G1 F2123.6 X97.98 Y114.95 E894.84693
G0 F15000 X98.21 Y114.95
G0 X98.21 Y113.22
G0 X97.98 Y113.22
G1 F2123.6 X122.019 Y106.779 E896.08854
G0 F15000 X121.79 Y106.779
G0 X121.79 Y105.049
G0 X122.02 Y105.049
G1 F2123.6 X114.951 Y97.98 E896.5873
G0 F15000 X114.951 Y98.21
G0 X100.797 Y98.21
G0 X100.797 Y97.98
G1 F2123.6 X97.981 Y108.489 E897.13009
G0 F15000 X98.21 Y108.489
G0 X121.79 Y111.503
G0 X122.02 Y111.503
G1 F2123.6 X119.201 Y122.02 E897.67331
G0 F15000 X119.201 Y121.49
;MESH:NONMESH
G0 F300 X119.201 Y121.49 Z11.9
G0 F15000 X110 Y121.79
G0 X110 Y122.1
;TIME_ELAPSED:674.020011
;LAYER:39
;note -- min layer time used
;TYPE:WALL-INNER
;MESH:Non-Layer Shifted Cube.stl
G1 F2123.6 X122.1 Y122.1 E898.27698
G1 X122.1 Y97.9 E899.48432
G1 X97.9 Y97.9 E900.69167
G1 X97.9 Y122.1 E901.89901
G1 X110 Y122.1 E902.50268
G0 F15000 X110 Y122.5
;TYPE:WALL-OUTER
G1 F2123.6 X122.5 Y122.5 E903.12631
G1 X122.5 Y97.5 E904.37356
G1 X97.5 Y97.5 E905.62082
G1 X97.5 Y122.5 E906.86807
G1 X110 Y122.5 E907.4917
G0 F15000 X110 Y121.79
G0 X111.502 Y121.79
G0 X111.502 Y122.02
;TYPE:FILL
G1 F2123.6 X122.019 Y119.202 E908.03491
G0 F15000 X121.79 Y119.202
G0 X121.82 Y121.82
G0 X122.02 Y122.02
G1 F2123.6 X97.98 Y97.98 E909.73106
G0 F15000 X98.18 Y98.18
G0 X98.21 Y100.796
G0 X97.981 Y100.796
G1 F2123.6 X108.49 Y97.98 E910.27385
G0 F15000 X108.49 Y98.21
G0 X113.22 Y98.21
G0 X113.22 Y97.979
G1 F2123.6 X106.778 Y122.02 E911.51557
G0 F15000 X106.778 Y121.79
G0 X105.049 Y121.79
G0 X105.049 Y122.02
G1 F2123.6 X97.98 Y114.95 E912.01437
G0 F15000 X98.21 Y114.95
G0 X98.21 Y113.22
G0 X97.98 Y113.22
G1 F2123.6 X122.019 Y106.779 E913.25598
G0 F15000 X121.79 Y106.779
G0 X121.79 Y105.049
G0 X122.02 Y105.049
G1 F2123.6 X114.951 Y97.98 E913.75474
G0 F15000 X114.951 Y98.21
G0 X100.797 Y98.21
G0 X100.797 Y97.98
G1 F2123.6 X97.981 Y108.489 E914.29753
G0 F15000 X98.21 Y108.489
G0 X121.79 Y111.503
G0 X122.02 Y111.503
G1 F2123.6 X119.201 Y122.02 E914.84075
G0 F15000 X119.201 Y121.49
;MESH:NONMESH
G0 F300 X119.201 Y121.49 Z12.2
G0 F15000 X110 Y121.79
G0 X110 Y122.1
;TIME_ELAPSED:687.063460
;LAYER:40
;note -- min layer time used
;TYPE:WALL-INNER
;MESH:Non-Layer Shifted Cube.stl
G1 F2123.6 X122.1 Y122.1 E915.44442
G1 X122.1 Y97.9 E916.65176
G1 X97.9 Y97.9 E917.8591
G1 X97.9 Y122.1 E919.06645
G1 X110 Y122.1 E919.67012
G0 F15000 X110 Y122.5
;TYPE:WALL-OUTER
G1 F2123.6 X122.5 Y122.5 E920.29375
G1 X122.5 Y97.5 E921.541
G1 X97.5 Y97.5 E922.78826
G1 X97.5 Y122.5 E924.03551
G1 X110 Y122.5 E924.65914
G0 F15000 X110 Y121.79
G0 X111.502 Y121.79
G0 X111.502 Y122.02
;TYPE:FILL
G1 F2123.6 X122.019 Y119.202 E925.20234
G0 F15000 X121.79 Y119.202
G0 X121.82 Y121.82
G0 X122.02 Y122.02
G1 F2123.6 X97.98 Y97.98 E926.89849
G0 F15000 X98.18 Y98.18
G0 X98.21 Y100.796
G0 X97.981 Y100.796
G1 F2123.6 X108.49 Y97.98 E927.44129
G0 F15000 X108.49 Y98.21
G0 X113.22 Y98.21
G0 X113.22 Y97.979
G1 F2123.6 X106.778 Y122.02 E928.68301
G0 F15000 X106.778 Y121.79
G0 X105.049 Y121.79
G0 X105.049 Y122.02
G1 F2123.6 X97.98 Y114.95 E929.1818
G0 F15000 X98.21 Y114.95
G0 X98.21 Y113.22
G0 X97.98 Y113.22
G1 F2123.6 X122.019 Y106.779 E930.42342
G0 F15000 X121.79 Y106.779
G0 X121.79 Y105.049
G0 X122.02 Y105.049
G1 F2123.6 X114.951 Y97.98 E930.92217
G0 F15000 X114.951 Y98.21
G0 X100.797 Y98.21
G0 X100.797 Y97.98
G1 F2123.6 X97.981 Y108.489 E931.46497
G0 F15000 X98.21 Y108.489
G0 X121.79 Y111.503
G0 X122.02 Y111.503
G1 F2123.6 X119.201 Y122.02 E932.00818
G0 F15000 X119.201 Y121.49
;MESH:NONMESH
G0 F300 X119.201 Y121.49 Z12.5
G0 F15000 X110 Y121.79
G0 X110 Y122.1
;TIME_ELAPSED:700.106909
;LAYER:41
;note -- min layer time used
;TYPE:WALL-INNER
;MESH:Non-Layer Shifted Cube.stl
G1 F2123.6 X122.1 Y122.1 E932.61185
G1 X122.1 Y97.9 E933.8192
G1 X97.9 Y97.9 E935.02654
G1 X97.9 Y122.1 E936.23388
G1 X110 Y122.1 E936.83756
G0 F15000 X110 Y122.5
;TYPE:WALL-OUTER
G1 F2123.6 X122.5 Y122.5 E937.46118
G1 X122.5 Y97.5 E938.70844
G1 X97.5 Y97.5 E939.95569
G1 X97.5 Y122.5 E941.20295
G1 X110 Y122.5 E941.82658
G0 F15000 X110 Y121.79
G0 X111.502 Y121.79
G0 X111.502 Y122.02
;TYPE:FILL
G1 F2123.6 X122.019 Y119.202 E942.36978
G0 F15000 X121.79 Y119.202
G0 X121.82 Y121.82
G0 X122.02 Y122.02
G1 F2123.6 X97.98 Y97.98 E944.06593
G0 F15000 X98.18 Y98.18
G0 X98.21 Y100.796
G0 X97.981 Y100.796
G1 F2123.6 X108.49 Y97.98 E944.60872
G0 F15000 X108.49 Y98.21
G0 X113.22 Y98.21
G0 X113.22 Y97.979
G1 F2123.6 X106.778 Y122.02 E945.85045
G0 F15000 X106.778 Y121.79
G0 X105.049 Y121.79
G0 X105.049 Y122.02
G1 F2123.6 X97.98 Y114.95 E946.34924
G0 F15000 X98.21 Y114.95
G0 X98.21 Y113.22
G0 X97.98 Y113.22
G1 F2123.6 X122.019 Y106.779 E947.59085
G0 F15000 X121.79 Y106.779
G0 X121.79 Y105.049
G0 X122.02 Y105.049
G1 F2123.6 X114.951 Y97.98 E948.08961
G0 F15000 X114.951 Y98.21
G0 X100.797 Y98.21
G0 X100.797 Y97.98
G1 F2123.6 X97.981 Y108.489 E948.6324
G0 F15000 X98.21 Y108.489
G0 X121.79 Y111.503
G0 X122.02 Y111.503
G1 F2123.6 X119.201 Y122.02 E949.17562
G0 F15000 X119.201 Y121.49
;MESH:NONMESH
G0 F300 X119.201 Y121.49 Z12.8
G0 F15000 X110 Y121.79
G0 X110 Y122.1
;TIME_ELAPSED:713.150359
;LAYER:42
;note -- min layer time used
;TYPE:WALL-INNER
;MESH:Non-Layer Shifted Cube.stl
G1 F2123.6 X122.1 Y122.1 E949.77929
G1 X122.1 Y97.9 E950.98663
G1 X97.9 Y97.9 E952.19398
G1 X97.9 Y122.1 E953.40132
G1 X110 Y122.1 E954.00499
G0 F15000 X110 Y122.5
;TYPE:WALL-OUTER
G1 F2123.6 X122.5 Y122.5 E954.62862
G1 X122.5 Y97.5 E955.87587
G1 X97.5 Y97.5 E957.12313
G1 X97.5 Y122.5 E958.37038
G1 X110 Y122.5 E958.99401
G0 F15000 X110 Y121.79
G0 X111.502 Y121.79
G0 X111.502 Y122.02
;TYPE:FILL
G1 F2123.6 X122.019 Y119.202 E959.53722
G0 F15000 X121.79 Y119.202
G0 X121.82 Y121.82
G0 X122.02 Y122.02
G1 F2123.6 X97.98 Y97.98 E961.23337
G0 F15000 X98.18 Y98.18
G0 X98.21 Y100.796
G0 X97.981 Y100.796
G1 F2123.6 X108.49 Y97.98 E961.77616
G0 F15000 X108.49 Y98.21
G0 X113.22 Y98.21
G0 X113.22 Y97.979
G1 F2123.6 X106.778 Y122.02 E963.01789
G0 F15000 X106.778 Y121.79
G0 X105.049 Y121.79
G0 X105.049 Y122.02
G1 F2123.6 X97.98 Y114.95 E963.51668
G0 F15000 X98.21 Y114.95
G0 X98.21 Y113.22
G0 X97.98 Y113.22
G1 F2123.6 X122.019 Y106.779 E964.75829
G0 F15000 X121.79 Y106.779
G0 X121.79 Y105.049
G0 X122.02 Y105.049
G1 F2123.6 X114.951 Y97.98 E965.25705
G0 F15000 X114.951 Y98.21
G0 X100.797 Y98.21
G0 X100.797 Y97.98
G1 F2123.6 X97.981 Y108.489 E965.79984
G0 F15000 X98.21 Y108.489
G0 X121.79 Y111.503
G0 X122.02 Y111.503
G1 F2123.6 X119.201 Y122.02 E966.34306
G0 F15000 X119.201 Y121.49
;MESH:NONMESH
G0 F300 X119.201 Y121.49 Z13.1
G0 F15000 X110 Y121.79
G0 X110 Y122.1
;TIME_ELAPSED:726.193808
;LAYER:43
;note -- min layer time used
;TYPE:WALL-INNER
;MESH:Non-Layer Shifted Cube.stl
G1 F2123.6 X122.1 Y122.1 E966.94673
G1 X122.1 Y97.9 E968.15407
G1 X97.9 Y97.9 E969.36141
G1 X97.9 Y122.1 E970.56876
G1 X110 Y122.1 E971.17243
G0 F15000 X110 Y122.5
;TYPE:WALL-OUTER
G1 F2123.6 X122.5 Y122.5 E971.79606
G1 X122.5 Y97.5 E973.04331
G1 X97.5 Y97.5 E974.29057
G1 X97.5 Y122.5 E975.53782
G1 X110 Y122.5 E976.16145
G0 F15000 X110 Y121.79
G0 X111.502 Y121.79
G0 X111.502 Y122.02
;TYPE:FILL
G1 F2123.6 X122.019 Y119.202 E976.70465
G0 F15000 X121.79 Y119.202
G0 X121.82 Y121.82
G0 X122.02 Y122.02
G1 F2123.6 X97.98 Y97.98 E978.40081
G0 F15000 X98.18 Y98.18
G0 X98.21 Y100.796
G0 X97.981 Y100.796
G1 F2123.6 X108.49 Y97.98 E978.9436
G0 F15000 X108.49 Y98.21
G0 X113.22 Y98.21
G0 X113.22 Y97.979
G1 F2123.6 X106.778 Y122.02 E980.18532
G0 F15000 X106.778 Y121.79
G0 X105.049 Y121.79
G0 X105.049 Y122.02
G1 F2123.6 X97.98 Y114.95 E980.68411
G0 F15000 X98.21 Y114.95
G0 X98.21 Y113.22
G0 X97.98 Y113.22
G1 F2123.6 X122.019 Y106.779 E981.92573
G0 F15000 X121.79 Y106.779
G0 X121.79 Y105.049
G0 X122.02 Y105.049
G1 F2123.6 X114.951 Y97.98 E982.42448
G0 F15000 X114.951 Y98.21
G0 X100.797 Y98.21
G0 X100.797 Y97.98
G1 F2123.6 X97.981 Y108.489 E982.96728
G0 F15000 X98.21 Y108.489
G0 X121.79 Y111.503
G0 X122.02 Y111.503
G1 F2123.6 X119.201 Y122.02 E983.51049
G0 F15000 X119.201 Y121.49
;MESH:NONMESH
G0 F300 X119.201 Y121.49 Z13.4
G0 F15000 X110 Y121.79
G0 X110 Y122.1
;TIME_ELAPSED:739.237257
;LAYER:44
;note -- min layer time used
;TYPE:WALL-INNER
;MESH:Non-Layer Shifted Cube.stl
G1 F2123.6 X122.1 Y122.1 E984.11417
G1 X122.1 Y97.9 E985.32151
G1 X97.9 Y97.9 E986.52885
G1 X97.9 Y122.1 E987.73619
G1 X110 Y122.1 E988.33987
G0 F15000 X110 Y122.5
;TYPE:WALL-OUTER
G1 F2123.6 X122.5 Y122.5 E988.96349
G1 X122.5 Y97.5 E990.21075
G1 X97.5 Y97.5 E991.458
G1 X97.5 Y122.5 E992.70526
G1 X110 Y122.5 E993.32889
G0 F15000 X110 Y121.79
G0 X111.502 Y121.79
G0 X111.502 Y122.02
;TYPE:FILL
G1 F2123.6 X122.019 Y119.202 E993.87209
G0 F15000 X121.79 Y119.202
G0 X121.82 Y121.82
G0 X122.02 Y122.02
G1 F2123.6 X97.98 Y97.98 E995.56824
G0 F15000 X98.18 Y98.18
G0 X98.21 Y100.796
G0 X97.981 Y100.796
G1 F2123.6 X108.49 Y97.98 E996.11104
G0 F15000 X108.49 Y98.21
G0 X113.22 Y98.21
G0 X113.22 Y97.979
G1 F2123.6 X106.778 Y122.02 E997.35276
G0 F15000 X106.778 Y121.79
G0 X105.049 Y121.79
G0 X105.049 Y122.02
G1 F2123.6 X97.98 Y114.95 E997.85155
G0 F15000 X98.21 Y114.95
G0 X98.21 Y113.22
G0 X97.98 Y113.22
G1 F2123.6 X122.019 Y106.779 E999.09317
G0 F15000 X121.79 Y106.779
G0 X121.79 Y105.049
G0 X122.02 Y105.049
G1 F2123.6 X114.951 Y97.98 E999.59192
G0 F15000 X114.951 Y98.21
G0 X100.797 Y98.21
G0 X100.797 Y97.98
G1 F2123.6 X97.981 Y108.489 E1000.13471
G0 F15000 X98.21 Y108.489
G0 X121.79 Y111.503
G0 X122.02 Y111.503
G1 F2123.6 X119.201 Y122.02 E1000.67793
G0 F15000 X119.201 Y121.49
;MESH:NONMESH
G0 F300 X119.201 Y121.49 Z13.7
G0 F15000 X110 Y121.79
G0 X110 Y122.1
;TIME_ELAPSED:752.280707
;LAYER:45
;note -- min layer time used
;TYPE:WALL-INNER
;MESH:Non-Layer Shifted Cube.stl
G1 F2123.6 X122.1 Y122.1 E1001.2816
G1 X122.1 Y97.9 E1002.48895
G1 X97.9 Y97.9 E1003.69629
G1 X97.9 Y122.1 E1004.90363
G1 X110 Y122.1 E1005.5073
G0 F15000 X110 Y122.5
;TYPE:WALL-OUTER
G1 F2123.6 X122.5 Y122.5 E1006.13093
G1 X122.5 Y97.5 E1007.37819
G1 X97.5 Y97.5 E1008.62544
G1 X97.5 Y122.5 E1009.8727
G1 X110 Y122.5 E1010.49632
G0 F15000 X110 Y121.79
G0 X111.502 Y121.79
G0 X111.502 Y122.02
;TYPE:FILL
G1 F2123.6 X122.019 Y119.202 E1011.03953
G0 F15000 X121.79 Y119.202
G0 X121.82 Y121.82
G0 X122.02 Y122.02
G1 F2123.6 X97.98 Y97.98 E1012.73568
G0 F15000 X98.18 Y98.18
G0 X98.21 Y100.796
G0 X97.981 Y100.796
G1 F2123.6 X108.49 Y97.98 E1013.27847
G0 F15000 X108.49 Y98.21
G0 X113.22 Y98.21
G0 X113.22 Y97.979
G1 F2123.6 X106.778 Y122.02 E1014.5202
G0 F15000 X106.778 Y121.79
G0 X105.049 Y121.79
G0 X105.049 Y122.02
G1 F2123.6 X97.98 Y114.95 E1015.01899
G0 F15000 X98.21 Y114.95
G0 X98.21 Y113.22
G0 X97.98 Y113.22
G1 F2123.6 X122.019 Y106.779 E1016.2606
G0 F15000 X121.79 Y106.779
G0 X121.79 Y105.049
G0 X122.02 Y105.049
G1 F2123.6 X114.951 Y97.98 E1016.75936
G0 F15000 X114.951 Y98.21
G0 X100.797 Y98.21
G0 X100.797 Y97.98
G1 F2123.6 X97.981 Y108.489 E1017.30215
G0 F15000 X98.21 Y108.489
G0 X121.79 Y111.503
G0 X122.02 Y111.503
G1 F2123.6 X119.201 Y122.02 E1017.84537
G0 F15000 X119.201 Y121.49
;MESH:NONMESH
G0 F300 X119.201 Y121.49 Z14
G0 F15000 X110 Y121.79
G0 X110 Y122.1
;TIME_ELAPSED:765.324156
;LAYER:46
;note -- min layer time used
;TYPE:WALL-INNER
;MESH:Non-Layer Shifted Cube.stl
G1 F2123.6 X122.1 Y122.1 E1018.44904
G1 X122.1 Y97.9 E1019.65638
G1 X97.9 Y97.9 E1020.86373
G1 X97.9 Y122.1 E1022.07107
G1 X110 Y122.1 E1022.67474
G0 F15000 X110 Y122.5
;TYPE:WALL-OUTER
G1 F2123.6 X122.5 Y122.5 E1023.29837
G1 X122.5 Y97.5 E1024.54562
G1 X97.5 Y97.5 E1025.79288
G1 X97.5 Y122.5 E1027.04013
G1 X110 Y122.5 E1027.66376
G0 F15000 X110 Y121.79
G0 X111.502 Y121.79
G0 X111.502 Y122.02
;TYPE:FILL
G1 F2123.6 X122.019 Y119.202 E1028.20696
G0 F15000 X121.79 Y119.202
G0 X121.82 Y121.82
G0 X122.02 Y122.02
G1 F2123.6 X97.98 Y97.98 E1029.90312
G0 F15000 X98.18 Y98.18
G0 X98.21 Y100.796
G0 X97.981 Y100.796
G1 F2123.6 X108.49 Y97.98 E1030.44591
G0 F15000 X108.49 Y98.21
G0 X113.22 Y98.21
G0 X113.22 Y97.979
G1 F2123.6 X106.778 Y122.02 E1031.68763
G0 F15000 X106.778 Y121.79
G0 X105.049 Y121.79
G0 X105.049 Y122.02
G1 F2123.6 X97.98 Y114.95 E1032.18642
G0 F15000 X98.21 Y114.95
G0 X98.21 Y113.22
G0 X97.98 Y113.22
G1 F2123.6 X122.019 Y106.779 E1033.42804
G0 F15000 X121.79 Y106.779
G0 X121.79 Y105.049
G0 X122.02 Y105.049
G1 F2123.6 X114.951 Y97.98 E1033.9268
G0 F15000 X114.951 Y98.21
G0 X100.797 Y98.21
G0 X100.797 Y97.98
G1 F2123.6 X97.981 Y108.489 E1034.46959
G0 F15000 X98.21 Y108.489
G0 X121.79 Y111.503
G0 X122.02 Y111.503
G1 F2123.6 X119.201 Y122.02 E1035.01281
G0 F15000 X119.201 Y121.49
;MESH:NONMESH
G0 F300 X119.201 Y121.49 Z14.3
G0 F15000 X110 Y121.79
G0 X110 Y122.1
;TIME_ELAPSED:778.367605
;LAYER:47
;note -- min layer time used
;TYPE:WALL-INNER
;MESH:Non-Layer Shifted Cube.stl
G1 F2123.6 X122.1 Y122.1 E1035.61648
G1 X122.1 Y97.9 E1036.82382
G1 X97.9 Y97.9 E1038.03116
G1 X97.9 Y122.1 E1039.23851
G1 X110 Y122.1 E1039.84218
G0 F15000 X110 Y122.5
;TYPE:WALL-OUTER
G1 F2123.6 X122.5 Y122.5 E1040.4658
G1 X122.5 Y97.5 E1041.71306
G1 X97.5 Y97.5 E1042.96032
G1 X97.5 Y122.5 E1044.20757
G1 X110 Y122.5 E1044.8312
G0 F15000 X110 Y121.79
G0 X111.502 Y121.79
G0 X111.502 Y122.02
;TYPE:FILL
G1 F2123.6 X122.019 Y119.202 E1045.3744
G0 F15000 X121.79 Y119.202
G0 X121.82 Y121.82
G0 X122.02 Y122.02
G1 F2123.6 X97.98 Y97.98 E1047.07055
G0 F15000 X98.18 Y98.18
G0 X98.21 Y100.796
G0 X97.981 Y100.796
G1 F2123.6 X108.49 Y97.98 E1047.61335
G0 F15000 X108.49 Y98.21
G0 X113.22 Y98.21
G0 X113.22 Y97.979
G1 F2123.6 X106.778 Y122.02 E1048.85507
G0 F15000 X106.778 Y121.79
G0 X105.049 Y121.79
G0 X105.049 Y122.02
G1 F2123.6 X97.98 Y114.95 E1049.35386
G0 F15000 X98.21 Y114.95
G0 X98.21 Y113.22
G0 X97.98 Y113.22
G1 F2123.6 X122.019 Y106.779 E1050.59548
G0 F15000 X121.79 Y106.779
G0 X121.79 Y105.049
G0 X122.02 Y105.049
G1 F2123.6 X114.951 Y97.98 E1051.09423
G0 F15000 X114.951 Y98.21
G0 X100.797 Y98.21
G0 X100.797 Y97.98
G1 F2123.6 X97.981 Y108.489 E1051.63703
G0 F15000 X98.21 Y108.489
G0 X121.79 Y111.503
G0 X122.02 Y111.503
G1 F2123.6 X119.201 Y122.02 E1052.18024
G0 F15000 X119.201 Y121.49
;MESH:NONMESH
G0 F300 X119.201 Y121.49 Z14.6
G0 F15000 X110 Y121.79
G0 X110 Y122.1
;TIME_ELAPSED:791.411054
;LAYER:48
;note -- min layer time used
;TYPE:WALL-INNER
;MESH:Non-Layer Shifted Cube.stl
G1 F2123.6 X122.1 Y122.1 E1052.78391
G1 X122.1 Y97.9 E1053.99126
G1 X97.9 Y97.9 E1055.1986
G1 X97.9 Y122.1 E1056.40594
G1 X110 Y122.1 E1057.00961
G0 F15000 X110 Y122.5
;TYPE:WALL-OUTER
G1 F2123.6 X122.5 Y122.5 E1057.63324
G1 X122.5 Y97.5 E1058.8805
G1 X97.5 Y97.5 E1060.12775
G1 X97.5 Y122.5 E1061.37501
G1 X110 Y122.5 E1061.99863
G0 F15000 X110 Y121.79
G0 X111.502 Y121.79
G0 X111.502 Y122.02
;TYPE:FILL
G1 F2123.6 X122.019 Y119.202 E1062.54184
G0 F15000 X121.79 Y119.202
G0 X121.82 Y121.82
G0 X122.02 Y122.02
G1 F2123.6 X97.98 Y97.98 E1064.23799
G0 F15000 X98.18 Y98.18
G0 X98.21 Y100.796
G0 X97.981 Y100.796
G1 F2123.6 X108.49 Y97.98 E1064.78078
G0 F15000 X108.49 Y98.21
G0 X113.22 Y98.21
G0 X113.22 Y97.979
G1 F2123.6 X106.778 Y122.02 E1066.02251
G0 F15000 X106.778 Y121.79
G0 X105.049 Y121.79
G0 X105.049 Y122.02
G1 F2123.6 X97.98 Y114.95 E1066.5213
G0 F15000 X98.21 Y114.95
G0 X98.21 Y113.22
G0 X97.98 Y113.22
G1 F2123.6 X122.019 Y106.779 E1067.76291
G0 F15000 X121.79 Y106.779
G0 X121.79 Y105.049
G0 X122.02 Y105.049
G1 F2123.6 X114.951 Y97.98 E1068.26167
G0 F15000 X114.951 Y98.21
G0 X100.797 Y98.21
G0 X100.797 Y97.98
G1 F2123.6 X97.981 Y108.489 E1068.80446
G0 F15000 X98.21 Y108.489
G0 X121.79 Y111.503
G0 X122.02 Y111.503
G1 F2123.6 X119.201 Y122.02 E1069.34768
G0 F15000 X119.201 Y121.49
;MESH:NONMESH
G0 F300 X119.201 Y121.49 Z14.9
G0 F15000 X110 Y121.79
G0 X110 Y122.1
;TIME_ELAPSED:804.454504
;LAYER:49
;note -- min layer time used
;TYPE:WALL-INNER
;MESH:Non-Layer Shifted Cube.stl
G1 F2123.6 X122.1 Y122.1 E1069.95135
G1 X122.1 Y97.9 E1071.15869
G1 X97.9 Y97.9 E1072.36604
G1 X97.9 Y122.1 E1073.57338
G1 X110 Y122.1 E1074.17705
G0 F15000 X110 Y122.5
;TYPE:WALL-OUTER
G1 F2123.6 X122.5 Y122.5 E1074.80068
G1 X122.5 Y97.5 E1076.04793
G1 X97.5 Y97.5 E1077.29519
G1 X97.5 Y122.5 E1078.54244
G1 X110 Y122.5 E1079.16607
G0 F15000 X110 Y121.79
G0 X111.502 Y121.79
G0 X111.502 Y122.02
;TYPE:FILL
G1 F2123.6 X122.019 Y119.202 E1079.70928
G0 F15000 X121.79 Y119.202
G0 X121.82 Y121.82
G0 X122.02 Y122.02
G1 F2123.6 X97.98 Y97.98 E1081.40543
G0 F15000 X98.18 Y98.18
G0 X98.21 Y100.796
G0 X97.981 Y100.796
G1 F2123.6 X108.49 Y97.98 E1081.94822
G0 F15000 X108.49 Y98.21
G0 X113.22 Y98.21
G0 X113.22 Y97.979
G1 F2123.6 X106.778 Y122.02 E1083.18994
G0 F15000 X106.778 Y121.79
G0 X105.049 Y121.79
G0 X105.049 Y122.02
G1 F2123.6 X97.98 Y114.95 E1083.68874
G0 F15000 X98.21 Y114.95
G0 X98.21 Y113.22
G0 X97.98 Y113.22
G1 F2123.6 X122.019 Y106.779 E1084.93035
G0 F15000 X121.79 Y106.779
G0 X121.79 Y105.049
G0 X122.02 Y105.049
G1 F2123.6 X114.951 Y97.98 E1085.42911
G0 F15000 X114.951 Y98.21
G0 X100.797 Y98.21
G0 X100.797 Y97.98
G1 F2123.6 X97.981 Y108.489 E1085.9719
G0 F15000 X98.21 Y108.489
G0 X121.79 Y111.503
G0 X122.02 Y111.503
G1 F2123.6 X119.201 Y122.02 E1086.51512
G0 F15000 X119.201 Y121.49
;MESH:NONMESH
G0 F300 X119.201 Y121.49 Z15.2
G0 F15000 X110 Y121.79
G0 X110 Y122.1
;TIME_ELAPSED:817.497953
;LAYER:50
;note -- min layer time used
;TYPE:WALL-INNER
;MESH:Non-Layer Shifted Cube.stl
G1 F2123.6 X122.1 Y122.1 E1087.11879
G1 X122.1 Y97.9 E1088.32613
G1 X97.9 Y97.9 E1089.53347
G1 X97.9 Y122.1 E1090.74082
G1 X110 Y122.1 E1091.34449
G0 F15000 X110 Y122.5
;TYPE:WALL-OUTER
G1 F2123.6 X122.5 Y122.5 E1091.96812
G1 X122.5 Y97.5 E1093.21537
G1 X97.5 Y97.5 E1094.46263
G1 X97.5 Y122.5 E1095.70988
G1 X110 Y122.5 E1096.33351
G0 F15000 X110 Y121.79
G0 X111.502 Y121.79
G0 X111.502 Y122.02
;TYPE:FILL
G1 F2123.6 X122.019 Y119.202 E1096.87671
G0 F15000 X121.79 Y119.202
G0 X121.82 Y121.82
G0 X122.02 Y122.02
G1 F2123.6 X97.98 Y97.98 E1098.57286
G0 F15000 X98.18 Y98.18
G0 X98.21 Y100.796
G0 X97.981 Y100.796
G1 F2123.6 X108.49 Y97.98 E1099.11566
G0 F15000 X108.49 Y98.21
G0 X113.22 Y98.21
G0 X113.22 Y97.979
G1 F2123.6 X106.778 Y122.02 E1100.35738
G0 F15000 X106.778 Y121.79
G0 X105.049 Y121.79
G0 X105.049 Y122.02
G1 F2123.6 X97.98 Y114.95 E1100.85617
G0 F15000 X98.21 Y114.95
G0 X98.21 Y113.22
G0 X97.98 Y113.22
G1 F2123.6 X122.019 Y106.779 E1102.09779
G0 F15000 X121.79 Y106.779
G0 X121.79 Y105.049
G0 X122.02 Y105.049
G1 F2123.6 X114.951 Y97.98 E1102.59654
G0 F15000 X114.951 Y98.21
G0 X100.797 Y98.21
G0 X100.797 Y97.98
G1 F2123.6 X97.981 Y108.489 E1103.13934
G0 F15000 X98.21 Y108.489
G0 X121.79 Y111.503
G0 X122.02 Y111.503
G1 F2123.6 X119.201 Y122.02 E1103.68255
G0 F15000 X119.201 Y121.49
;MESH:NONMESH
G0 F300 X119.201 Y121.49 Z15.5
G0 F15000 X110 Y121.79
G0 X110 Y122.1
;TIME_ELAPSED:830.541402
;LAYER:51
;note -- min layer time used
;TYPE:WALL-INNER
;MESH:Non-Layer Shifted Cube.stl
G1 F2123.6 X122.1 Y122.1 E1104.28623
G1 X122.1 Y97.9 E1105.49357
G1 X97.9 Y97.9 E1106.70091
G1 X97.9 Y122.1 E1107.90825
G1 X110 Y122.1 E1108.51193
G0 F15000 X110 Y122.5
;TYPE:WALL-OUTER
G1 F2123.6 X122.5 Y122.5 E1109.13555
G1 X122.5 Y97.5 E1110.38281
G1 X97.5 Y97.5 E1111.63006
G1 X97.5 Y122.5 E1112.87732
G1 X110 Y122.5 E1113.50095
G0 F15000 X110 Y121.79
G0 X111.502 Y121.79
G0 X111.502 Y122.02
;TYPE:FILL
G1 F2123.6 X122.019 Y119.202 E1114.04415
G0 F15000 X121.79 Y119.202
G0 X121.82 Y121.82
G0 X122.02 Y122.02
G1 F2123.6 X97.98 Y97.98 E1115.7403
G0 F15000 X98.18 Y98.18
G0 X98.21 Y100.796
G0 X97.981 Y100.796
G1 F2123.6 X108.49 Y97.98 E1116.28309
G0 F15000 X108.49 Y98.21
G0 X113.22 Y98.21
G0 X113.22 Y97.979
G1 F2123.6 X106.778 Y122.02 E1117.52482
G0 F15000 X106.778 Y121.79
G0 X105.049 Y121.79
G0 X105.049 Y122.02
G1 F2123.6 X97.98 Y114.95 E1118.02361
G0 F15000 X98.21 Y114.95
G0 X98.21 Y113.22
G0 X97.98 Y113.22
G1 F2123.6 X122.019 Y106.779 E1119.26522
G0 F15000 X121.79 Y106.779
G0 X121.79 Y105.049
G0 X122.02 Y105.049
G1 F2123.6 X114.951 Y97.98 E1119.76398
G0 F15000 X114.951 Y98.21
G0 X100.797 Y98.21
G0 X100.797 Y97.98
G1 F2123.6 X97.981 Y108.489 E1120.30677
G0 F15000 X98.21 Y108.489
G0 X121.79 Y111.503
G0 X122.02 Y111.503
G1 F2123.6 X119.201 Y122.02 E1120.84999
G0 F15000 X119.201 Y121.49
;MESH:NONMESH
G0 F300 X119.201 Y121.49 Z15.8
G0 F15000 X110 Y121.79
G0 X110 Y122.1
;TIME_ELAPSED:843.584852
;LAYER:52
;note -- min layer time used
;TYPE:WALL-INNER
;MESH:Non-Layer Shifted Cube.stl
G1 F2123.6 X122.1 Y122.1 E1121.45366
G1 X122.1 Y97.9 E1122.66101
G1 X97.9 Y97.9 E1123.86835
G1 X97.9 Y122.1 E1125.07569
G1 X110 Y122.1 E1125.67936
G0 F15000 X110 Y122.5
;TYPE:WALL-OUTER
G1 F2123.6 X122.5 Y122.5 E1126.30299
G1 X122.5 Y97.5 E1127.55025
G1 X97.5 Y97.5 E1128.7975
G1 X97.5 Y122.5 E1130.04476
G1 X110 Y122.5 E1130.66838
G0 F15000 X110 Y121.79
G0 X111.502 Y121.79
G0 X111.502 Y122.02
;TYPE:FILL
G1 F2123.6 X122.019 Y119.202 E1131.21159
G0 F15000 X121.79 Y119.202
G0 X121.82 Y121.82
G0 X122.02 Y122.02
G1 F2123.6 X97.98 Y97.98 E1132.90774
G0 F15000 X98.18 Y98.18
G0 X98.21 Y100.796
G0 X97.981 Y100.796
G1 F2123.6 X108.49 Y97.98 E1133.45053
G0 F15000 X108.49 Y98.21
G0 X113.22 Y98.21
G0 X113.22 Y97.979
G1 F2123.6 X106.778 Y122.02 E1134.69226
G0 F15000 X106.778 Y121.79
G0 X105.049 Y121.79
G0 X105.049 Y122.02
G1 F2123.6 X97.98 Y114.95 E1135.19105
G0 F15000 X98.21 Y114.95
G0 X98.21 Y113.22
G0 X97.98 Y113.22
G1 F2123.6 X122.019 Y106.779 E1136.43266
G0 F15000 X121.79 Y106.779
G0 X121.79 Y105.049
G0 X122.02 Y105.049
G1 F2123.6 X114.951 Y97.98 E1136.93142
G0 F15000 X114.951 Y98.21
G0 X100.797 Y98.21
G0 X100.797 Y97.98
G1 F2123.6 X97.981 Y108.489 E1137.47421
G0 F15000 X98.21 Y108.489
G0 X121.79 Y111.503
G0 X122.02 Y111.503
G1 F2123.6 X119.201 Y122.02 E1138.01743
G0 F15000 X119.201 Y121.49
;MESH:NONMESH
G0 F300 X119.201 Y121.49 Z16.1
G0 F15000 X110 Y121.79
G0 X110 Y122.1
;TIME_ELAPSED:856.628301
;LAYER:53
;note -- min layer time used
;TYPE:WALL-INNER
;MESH:Non-Layer Shifted Cube.stl
G1 F2123.6 X122.1 Y122.1 E1138.6211
G1 X122.1 Y97.9 E1139.82844
G1 X97.9 Y97.9 E1141.03579
G1 X97.9 Y122.1 E1142.24313
G1 X110 Y122.1 E1142.8468
G0 F15000 X110 Y122.5
;TYPE:WALL-OUTER
G1 F2123.6 X122.5 Y122.5 E1143.47043
G1 X122.5 Y97.5 E1144.71768
G1 X97.5 Y97.5 E1145.96494
G1 X97.5 Y122.5 E1147.21219
G1 X110 Y122.5 E1147.83582
G0 F15000 X110 Y121.79
G0 X111.502 Y121.79
G0 X111.502 Y122.02
;TYPE:FILL
G1 F2123.6 X122.019 Y119.202 E1148.37902
G0 F15000 X121.79 Y119.202
G0 X121.82 Y121.82
G0 X122.02 Y122.02
G1 F2123.6 X97.98 Y97.98 E1150.07518
G0 F15000 X98.18 Y98.18
G0 X98.21 Y100.796
G0 X97.981 Y100.796
G1 F2123.6 X108.49 Y97.98 E1150.61797
G0 F15000 X108.49 Y98.21
G0 X113.22 Y98.21
G0 X113.22 Y97.979
G1 F2123.6 X106.778 Y122.02 E1151.85969
G0 F15000 X106.778 Y121.79
G0 X105.049 Y121.79
G0 X105.049 Y122.02
G1 F2123.6 X97.98 Y114.95 E1152.35848
G0 F15000 X98.21 Y114.95
G0 X98.21 Y113.22
G0 X97.98 Y113.22
G1 F2123.6 X122.019 Y106.779 E1153.6001
G0 F15000 X121.79 Y106.779
G0 X121.79 Y105.049
G0 X122.02 Y105.049
G1 F2123.6 X114.951 Y97.98 E1154.09886
G0 F15000 X114.951 Y98.21
G0 X100.797 Y98.21
G0 X100.797 Y97.98
G1 F2123.6 X97.981 Y108.489 E1154.64165
G0 F15000 X98.21 Y108.489
G0 X121.79 Y111.503
G0 X122.02 Y111.503
G1 F2123.6 X119.201 Y122.02 E1155.18487
G0 F15000 X119.201 Y121.49
;MESH:NONMESH
G0 F300 X119.201 Y121.49 Z16.4
G0 F15000 X110 Y121.79
G0 X110 Y122.1
;TIME_ELAPSED:869.671750
;LAYER:54
;note -- min layer time used
;TYPE:WALL-INNER
;MESH:Non-Layer Shifted Cube.stl
G1 F2123.6 X122.1 Y122.1 E1155.78854
G1 X122.1 Y97.9 E1156.99588
G1 X97.9 Y97.9 E1158.20322
G1 X97.9 Y122.1 E1159.41057
G1 X110 Y122.1 E1160.01424
G0 F15000 X110 Y122.5
;TYPE:WALL-OUTER
G1 F2123.6 X122.5 Y122.5 E1160.63786
G1 X122.5 Y97.5 E1161.88512
G1 X97.5 Y97.5 E1163.13237
G1 X97.5 Y122.5 E1164.37963
G1 X110 Y122.5 E1165.00326
G0 F15000 X110 Y121.79
G0 X111.502 Y121.79
G0 X111.502 Y122.02
;TYPE:FILL
G1 F2123.6 X122.019 Y119.202 E1165.54646
G0 F15000 X121.79 Y119.202
G0 X121.82 Y121.82
G0 X122.02 Y122.02
G1 F2123.6 X97.98 Y97.98 E1167.24261
G0 F15000 X98.18 Y98.18
G0 X98.21 Y100.796
G0 X97.981 Y100.796
G1 F2123.6 X108.49 Y97.98 E1167.78541
G0 F15000 X108.49 Y98.21
G0 X113.22 Y98.21
G0 X113.22 Y97.979
G1 F2123.6 X106.778 Y122.02 E1169.02713
G0 F15000 X106.778 Y121.79
G0 X105.049 Y121.79
G0 X105.049 Y122.02
G1 F2123.6 X97.98 Y114.95 E1169.52592
G0 F15000 X98.21 Y114.95
G0 X98.21 Y113.22
G0 X97.98 Y113.22
G1 F2123.6 X122.019 Y106.779 E1170.76754
G0 F15000 X121.79 Y106.779
G0 X121.79 Y105.049
G0 X122.02 Y105.049
G1 F2123.6 X114.951 Y97.98 E1171.26629
G0 F15000 X114.951 Y98.21
G0 X100.797 Y98.21
G0 X100.797 Y97.98
G1 F2123.6 X97.981 Y108.489 E1171.80909
G0 F15000 X98.21 Y108.489
G0 X121.79 Y111.503
G0 X122.02 Y111.503
G1 F2123.6 X119.201 Y122.02 E1172.3523
G0 F15000 X119.201 Y121.49
;MESH:NONMESH
G0 F300 X119.201 Y121.49 Z16.7
G0 F15000 X110 Y121.79
G0 X110 Y122.1
;TIME_ELAPSED:882.715200
;LAYER:55
;note -- min layer time used
;TYPE:WALL-INNER
;MESH:Non-Layer Shifted Cube.stl
G1 F2123.6 X122.1 Y122.1 E1172.95597
G1 X122.1 Y97.9 E1174.16332
G1 X97.9 Y97.9 E1175.37066
G1 X97.9 Y122.1 E1176.578
G1 X110 Y122.1 E1177.18167
G0 F15000 X110 Y122.5
;TYPE:WALL-OUTER
G1 F2123.6 X122.5 Y122.5 E1177.8053
G1 X122.5 Y97.5 E1179.05256
G1 X97.5 Y97.5 E1180.29981
G1 X97.5 Y122.5 E1181.54707
G1 X110 Y122.5 E1182.17069
G0 F15000 X110 Y121.79
G0 X111.502 Y121.79
G0 X111.502 Y122.02
;TYPE:FILL
G1 F2123.6 X122.019 Y119.202 E1182.7139
G0 F15000 X121.79 Y119.202
G0 X121.82 Y121.82
G0 X122.02 Y122.02
G1 F2123.6 X97.98 Y97.98 E1184.41005
G0 F15000 X98.18 Y98.18
G0 X98.21 Y100.796
G0 X97.981 Y100.796
G1 F2123.6 X108.49 Y97.98 E1184.95284
G0 F15000 X108.49 Y98.21
G0 X113.22 Y98.21
G0 X113.22 Y97.979
G1 F2123.6 X106.778 Y122.02 E1186.19457
G0 F15000 X106.778 Y121.79
G0 X105.049 Y121.79
G0 X105.049 Y122.02
G1 F2123.6 X97.98 Y114.95 E1186.69336
G0 F15000 X98.21 Y114.95
G0 X98.21 Y113.22
G0 X97.98 Y113.22
G1 F2123.6 X122.019 Y106.779 E1187.93497
G0 F15000 X121.79 Y106.779
G0 X121.79 Y105.049
G0 X122.02 Y105.049
G1 F2123.6 X114.951 Y97.98 E1188.43373
G0 F15000 X114.951 Y98.21
G0 X100.797 Y98.21
G0 X100.797 Y97.98
G1 F2123.6 X97.981 Y108.489 E1188.97652
G0 F15000 X98.21 Y108.489
G0 X121.79 Y111.503
G0 X122.02 Y111.503
G1 F2123.6 X119.201 Y122.02 E1189.51974
G0 F15000 X119.201 Y121.49
;MESH:NONMESH
G0 F300 X119.201 Y121.49 Z17
G0 F15000 X110 Y121.79
G0 X110 Y122.1
;TIME_ELAPSED:895.758649
;LAYER:56
;note -- min layer time used
;TYPE:WALL-INNER
;MESH:Non-Layer Shifted Cube.stl
G1 F2123.6 X122.1 Y122.1 E1190.12341
G1 X122.1 Y97.9 E1191.33075
G1 X97.9 Y97.9 E1192.5381
G1 X97.9 Y122.1 E1193.74544
G1 X110 Y122.1 E1194.34911
G0 F15000 X110 Y122.5
;TYPE:WALL-OUTER
G1 F2123.6 X122.5 Y122.5 E1194.97274
G1 X122.5 Y97.5 E1196.21999
G1 X97.5 Y97.5 E1197.46725
G1 X97.5 Y122.5 E1198.7145
G1 X110 Y122.5 E1199.33813
G0 F15000 X110 Y121.79
G0 X111.502 Y121.79
G0 X111.502 Y122.02
;TYPE:FILL
G1 F2123.6 X122.019 Y119.202 E1199.88134
G0 F15000 X121.79 Y119.202
G0 X121.82 Y121.82
G0 X122.02 Y122.02
G1 F2123.6 X97.98 Y97.98 E1201.57749
G0 F15000 X98.18 Y98.18
G0 X98.21 Y100.796
G0 X97.981 Y100.796
G1 F2123.6 X108.49 Y97.98 E1202.12028
G0 F15000 X108.49 Y98.21
G0 X113.22 Y98.21
G0 X113.22 Y97.979
G1 F2123.6 X106.778 Y122.02 E1203.362
G0 F15000 X106.778 Y121.79
G0 X105.049 Y121.79
G0 X105.049 Y122.02
G1 F2123.6 X97.98 Y114.95 E1203.8608
G0 F15000 X98.21 Y114.95
G0 X98.21 Y113.22
G0 X97.98 Y113.22
G1 F2123.6 X122.019 Y106.779 E1205.10241
G0 F15000 X121.79 Y106.779
G0 X121.79 Y105.049
G0 X122.02 Y105.049
G1 F2123.6 X114.951 Y97.98 E1205.60117
G0 F15000 X114.951 Y98.21
G0 X100.797 Y98.21
G0 X100.797 Y97.98
G1 F2123.6 X97.981 Y108.489 E1206.14396
G0 F15000 X98.21 Y108.489
G0 X121.79 Y111.503
G0 X122.02 Y111.503
G1 F2123.6 X119.201 Y122.02 E1206.68718
G0 F15000 X119.201 Y121.49
;MESH:NONMESH
G0 F300 X119.201 Y121.49 Z17.3
G0 F15000 X110 Y121.79
G0 X110 Y122.1
;TIME_ELAPSED:908.802098
;LAYER:57
;note -- min layer time used
;TYPE:WALL-INNER
;MESH:Non-Layer Shifted Cube.stl
G1 F2123.6 X122.1 Y122.1 E1207.29085
G1 X122.1 Y97.9 E1208.49819
G1 X97.9 Y97.9 E1209.70553
G1 X97.9 Y122.1 E1210.91288
G1 X110 Y122.1 E1211.51655
G0 F15000 X110 Y122.5
;TYPE:WALL-OUTER
G1 F2123.6 X122.5 Y122.5 E1212.14018
G1 X122.5 Y97.5 E1213.38743
G1 X97.5 Y97.5 E1214.63469
G1 X97.5 Y122.5 E1215.88194
G1 X110 Y122.5 E1216.50557
G0 F15000 X110 Y121.79
G0 X111.502 Y121.79
G0 X111.502 Y122.02
;TYPE:FILL
G1 F2123.6 X122.019 Y119.202 E1217.04877
G0 F15000 X121.79 Y119.202
G0 X121.82 Y121.82
G0 X122.02 Y122.02
G1 F2123.6 X97.98 Y97.98 E1218.74492
G0 F15000 X98.18 Y98.18
G0 X98.21 Y100.796
G0 X97.981 Y100.796
G1 F2123.6 X108.49 Y97.98 E1219.28772
G0 F15000 X108.49 Y98.21
G0 X113.22 Y98.21
G0 X113.22 Y97.979
G1 F2123.6 X106.778 Y122.02 E1220.52944
G0 F15000 X106.778 Y121.79
G0 X105.049 Y121.79
G0 X105.049 Y122.02
G1 F2123.6 X97.98 Y114.95 E1221.02823
G0 F15000 X98.21 Y114.95
G0 X98.21 Y113.22
G0 X97.98 Y113.22
G1 F2123.6 X122.019 Y106.779 E1222.26985
G0 F15000 X121.79 Y106.779
G0 X121.79 Y105.049
G0 X122.02 Y105.049
G1 F2123.6 X114.951 Y97.98 E1222.7686
G0 F15000 X114.951 Y98.21
G0 X100.797 Y98.21
G0 X100.797 Y97.98
G1 F2123.6 X97.981 Y108.489 E1223.3114
G0 F15000 X98.21 Y108.489
G0 X121.79 Y111.503
G0 X122.02 Y111.503
G1 F2123.6 X119.201 Y122.02 E1223.85461
G0 F15000 X119.201 Y121.49
;MESH:NONMESH
G0 F300 X119.201 Y121.49 Z17.6
G0 F15000 X110 Y121.79
G0 X110 Y122.1
;TIME_ELAPSED:921.845547
;LAYER:58
;note -- min layer time used
;TYPE:WALL-INNER
;MESH:Non-Layer Shifted Cube.stl
G1 F2123.6 X122.1 Y122.1 E1224.45828
G1 X122.1 Y97.9 E1225.66563
G1 X97.9 Y97.9 E1226.87297
G1 X97.9 Y122.1 E1228.08031
G1 X110 Y122.1 E1228.68399
G0 F15000 X110 Y122.5
;TYPE:WALL-OUTER
G1 F2123.6 X122.5 Y122.5 E1229.30761
G1 X122.5 Y97.5 E1230.55487
G1 X97.5 Y97.5 E1231.80212
G1 X97.5 Y122.5 E1233.04938
G1 X110 Y122.5 E1233.67301
G0 F15000 X110 Y121.79
G0 X111.502 Y121.79
G0 X111.502 Y122.02
;TYPE:FILL
G1 F2123.6 X122.019 Y119.202 E1234.21621
G0 F15000 X121.79 Y119.202
G0 X121.82 Y121.82
G0 X122.02 Y122.02
G1 F2123.6 X97.98 Y97.98 E1235.91236
G0 F15000 X98.18 Y98.18
G0 X98.21 Y100.796
G0 X97.981 Y100.796
G1 F2123.6 X108.49 Y97.98 E1236.45515
G0 F15000 X108.49 Y98.21
G0 X113.22 Y98.21
G0 X113.22 Y97.979
G1 F2123.6 X106.778 Y122.02 E1237.69688
G0 F15000 X106.778 Y121.79
G0 X105.049 Y121.79
G0 X105.049 Y122.02
G1 F2123.6 X97.98 Y114.95 E1238.19567
G0 F15000 X98.21 Y114.95
G0 X98.21 Y113.22
G0 X97.98 Y113.22
G1 F2123.6 X122.019 Y106.779 E1239.43728
G0 F15000 X121.79 Y106.779
G0 X121.79 Y105.049
G0 X122.02 Y105.049
G1 F2123.6 X114.951 Y97.98 E1239.93604
G0 F15000 X114.951 Y98.21
G0 X100.797 Y98.21
G0 X100.797 Y97.98
G1 F2123.6 X97.981 Y108.489 E1240.47883
G0 F15000 X98.21 Y108.489
G0 X121.79 Y111.503
G0 X122.02 Y111.503
G1 F2123.6 X119.201 Y122.02 E1241.02205
G0 F15000 X119.201 Y121.49
;MESH:NONMESH
G0 F300 X119.201 Y121.49 Z17.9
G0 F15000 X110 Y121.79
G0 X110 Y122.1
;TIME_ELAPSED:934.888997
;LAYER:59
;note -- min layer time used
;TYPE:WALL-INNER
;MESH:Non-Layer Shifted Cube.stl
G1 F2123.6 X122.1 Y122.1 E1241.62572
G1 X122.1 Y97.9 E1242.83306
G1 X97.9 Y97.9 E1244.04041
G1 X97.9 Y122.1 E1245.24775
G1 X110 Y122.1 E1245.85142
G0 F15000 X110 Y122.5
;TYPE:WALL-OUTER
G1 F2123.6 X122.5 Y122.5 E1246.47505
G1 X122.5 Y97.5 E1247.7223
G1 X97.5 Y97.5 E1248.96956
G1 X97.5 Y122.5 E1250.21681
G1 X110 Y122.5 E1250.84044
G0 F15000 X110 Y121.79
G0 X111.502 Y121.79
G0 X111.502 Y122.02
;TYPE:FILL
G1 F2123.6 X122.019 Y119.202 E1251.38365
G0 F15000 X121.79 Y119.202
G0 X121.82 Y121.82
G0 X122.02 Y122.02
G1 F2123.6 X97.98 Y97.98 E1253.0798
G0 F15000 X98.18 Y98.18
G0 X98.21 Y100.796
G0 X97.981 Y100.796
G1 F2123.6 X108.49 Y97.98 E1253.62259
G0 F15000 X108.49 Y98.21
G0 X113.22 Y98.21
G0 X113.22 Y97.979
G1 F2123.6 X106.778 Y122.02 E1254.86432
G0 F15000 X106.778 Y121.79
G0 X105.049 Y121.79
G0 X105.049 Y122.02
G1 F2123.6 X97.98 Y114.95 E1255.36311
G0 F15000 X98.21 Y114.95
G0 X98.21 Y113.22
G0 X97.98 Y113.22
G1 F2123.6 X122.019 Y106.779 E1256.60472
G0 F15000 X121.79 Y106.779
G0 X121.79 Y105.049
G0 X122.02 Y105.049
G1 F2123.6 X114.951 Y97.98 E1257.10348
G0 F15000 X114.951 Y98.21
G0 X100.797 Y98.21
G0 X100.797 Y97.98
G1 F2123.6 X97.981 Y108.489 E1257.64627
G0 F15000 X98.21 Y108.489
G0 X121.79 Y111.503
G0 X122.02 Y111.503
G1 F2123.6 X119.201 Y122.02 E1258.18949
G0 F15000 X119.201 Y121.49
;MESH:NONMESH
G0 F300 X119.201 Y121.49 Z18.2
G0 F15000 X110 Y121.79
G0 X110 Y122.1
;TIME_ELAPSED:947.932446
;LAYER:60
;note -- min layer time used
;TYPE:WALL-INNER
;MESH:Non-Layer Shifted Cube.stl
G1 F2123.6 X122.1 Y122.1 E1258.79316
G1 X122.1 Y97.9 E1260.0005
G1 X97.9 Y97.9 E1261.20784
G1 X97.9 Y122.1 E1262.41519
G1 X110 Y122.1 E1263.01886
G0 F15000 X110 Y122.5
;TYPE:WALL-OUTER
G1 F2123.6 X122.5 Y122.5 E1263.64249
G1 X122.5 Y97.5 E1264.88974
G1 X97.5 Y97.5 E1266.137
G1 X97.5 Y122.5 E1267.38425
G1 X110 Y122.5 E1268.00788
G0 F15000 X110 Y121.79
G0 X111.502 Y121.79
G0 X111.502 Y122.02
;TYPE:FILL
G1 F2123.6 X122.019 Y119.202 E1268.55108
G0 F15000 X121.79 Y119.202
G0 X121.82 Y121.82
G0 X122.02 Y122.02
G1 F2123.6 X97.98 Y97.98 E1270.24724
G0 F15000 X98.18 Y98.18
G0 X98.21 Y100.796
G0 X97.981 Y100.796
G1 F2123.6 X108.49 Y97.98 E1270.79003
G0 F15000 X108.49 Y98.21
G0 X113.22 Y98.21
G0 X113.22 Y97.979
G1 F2123.6 X106.778 Y122.02 E1272.03175
G0 F15000 X106.778 Y121.79
G0 X105.049 Y121.79
G0 X105.049 Y122.02
G1 F2123.6 X97.98 Y114.95 E1272.53054
G0 F15000 X98.21 Y114.95
G0 X98.21 Y113.22
G0 X97.98 Y113.22
G1 F2123.6 X122.019 Y106.779 E1273.77216
G0 F15000 X121.79 Y106.779
G0 X121.79 Y105.049
G0 X122.02 Y105.049
G1 F2123.6 X114.951 Y97.98 E1274.27091
G0 F15000 X114.951 Y98.21
G0 X100.797 Y98.21
G0 X100.797 Y97.98
G1 F2123.6 X97.981 Y108.489 E1274.81371
G0 F15000 X98.21 Y108.489
G0 X121.79 Y111.503
G0 X122.02 Y111.503
G1 F2123.6 X119.201 Y122.02 E1275.35692
G0 F15000 X119.201 Y121.49
;MESH:NONMESH
G0 F300 X119.201 Y121.49 Z18.5
G0 F15000 X110 Y121.79
G0 X110 Y122.1
;TIME_ELAPSED:960.975895
;LAYER:61
;note -- min layer time used
;TYPE:WALL-INNER
;MESH:Non-Layer Shifted Cube.stl
G1 F2123.6 X122.1 Y122.1 E1275.9606
G1 X122.1 Y97.9 E1277.16794
G1 X97.9 Y97.9 E1278.37528
G1 X97.9 Y122.1 E1279.58262
G1 X110 Y122.1 E1280.1863
G0 F15000 X110 Y122.5
;TYPE:WALL-OUTER
G1 F2123.6 X122.5 Y122.5 E1280.80992
G1 X122.5 Y97.5 E1282.05718
G1 X97.5 Y97.5 E1283.30443
G1 X97.5 Y122.5 E1284.55169
G1 X110 Y122.5 E1285.17532
G0 F15000 X110 Y121.79
G0 X111.502 Y121.79
G0 X111.502 Y122.02
;TYPE:FILL
G1 F2123.6 X122.019 Y119.202 E1285.71852
G0 F15000 X121.79 Y119.202
G0 X121.82 Y121.82
G0 X122.02 Y122.02
G1 F2123.6 X97.98 Y97.98 E1287.41467
G0 F15000 X98.18 Y98.18
G0 X98.21 Y100.796
G0 X97.981 Y100.796
G1 F2123.6 X108.49 Y97.98 E1287.95747
G0 F15000 X108.49 Y98.21
G0 X113.22 Y98.21
G0 X113.22 Y97.979
G1 F2123.6 X106.778 Y122.02 E1289.19919
G0 F15000 X106.778 Y121.79
G0 X105.049 Y121.79
G0 X105.049 Y122.02
G1 F2123.6 X97.98 Y114.95 E1289.69798
G0 F15000 X98.21 Y114.95
G0 X98.21 Y113.22
G0 X97.98 Y113.22
G1 F2123.6 X122.019 Y106.779 E1290.9396
G0 F15000 X121.79 Y106.779
G0 X121.79 Y105.049
G0 X122.02 Y105.049
G1 F2123.6 X114.951 Y97.98 E1291.43835
G0 F15000 X114.951 Y98.21
G0 X100.797 Y98.21
G0 X100.797 Y97.98
G1 F2123.6 X97.981 Y108.489 E1291.98114
G0 F15000 X98.21 Y108.489
G0 X121.79 Y111.503
G0 X122.02 Y111.503
G1 F2123.6 X119.201 Y122.02 E1292.52436
G0 F15000 X119.201 Y121.49
;MESH:NONMESH
G0 F300 X119.201 Y121.49 Z18.8
G0 F15000 X110 Y121.79
G0 X110 Y122.1
;TIME_ELAPSED:974.019345
;LAYER:62
;note -- min layer time used
;TYPE:WALL-INNER
;MESH:Non-Layer Shifted Cube.stl
G1 F2123.6 X122.1 Y122.1 E1293.12803
G1 X122.1 Y97.9 E1294.33538
G1 X97.9 Y97.9 E1295.54272
G1 X97.9 Y122.1 E1296.75006
G1 X110 Y122.1 E1297.35373
G0 F15000 X110 Y122.5
;TYPE:WALL-OUTER
G1 F2123.6 X122.5 Y122.5 E1297.97736
G1 X122.5 Y97.5 E1299.22462
G1 X97.5 Y97.5 E1300.47187
G1 X97.5 Y122.5 E1301.71913
G1 X110 Y122.5 E1302.34275
G0 F15000 X110 Y121.79
G0 X111.502 Y121.79
G0 X111.502 Y122.02
;TYPE:FILL
G1 F2123.6 X122.019 Y119.202 E1302.88596
G0 F15000 X121.79 Y119.202
G0 X121.82 Y121.82
G0 X122.02 Y122.02
G1 F2123.6 X97.98 Y97.98 E1304.58211
G0 F15000 X98.18 Y98.18
G0 X98.21 Y100.796
G0 X97.981 Y100.796
G1 F2123.6 X108.49 Y97.98 E1305.1249
G0 F15000 X108.49 Y98.21
G0 X113.22 Y98.21
G0 X113.22 Y97.979
G1 F2123.6 X106.778 Y122.02 E1306.36663
G0 F15000 X106.778 Y121.79
G0 X105.049 Y121.79
G0 X105.049 Y122.02
G1 F2123.6 X97.98 Y114.95 E1306.86542
G0 F15000 X98.21 Y114.95
G0 X98.21 Y113.22
G0 X97.98 Y113.22
G1 F2123.6 X122.019 Y106.779 E1308.10703
G0 F15000 X121.79 Y106.779
G0 X121.79 Y105.049
G0 X122.02 Y105.049
G1 F2123.6 X114.951 Y97.98 E1308.60579
G0 F15000 X114.951 Y98.21
G0 X100.797 Y98.21
G0 X100.797 Y97.98
G1 F2123.6 X97.981 Y108.489 E1309.14858
G0 F15000 X98.21 Y108.489
G0 X121.79 Y111.503
G0 X122.02 Y111.503
G1 F2123.6 X119.201 Y122.02 E1309.6918
G0 F15000 X119.201 Y121.49
;MESH:NONMESH
G0 F300 X119.201 Y121.49 Z19.1
G0 F15000 X110 Y121.79
G0 X110 Y122.1
;TIME_ELAPSED:987.062794
;LAYER:63
;note -- min layer time used
;TYPE:WALL-INNER
;MESH:Non-Layer Shifted Cube.stl
G1 F2123.6 X122.1 Y122.1 E1310.29547
G1 X122.1 Y97.9 E1311.50281
G1 X97.9 Y97.9 E1312.71016
G1 X97.9 Y122.1 E1313.9175
G1 X110 Y122.1 E1314.52117
G0 F15000 X110 Y122.5
;TYPE:WALL-OUTER
G1 F2123.6 X122.5 Y122.5 E1315.1448
G1 X122.5 Y97.5 E1316.39205
G1 X97.5 Y97.5 E1317.63931
G1 X97.5 Y122.5 E1318.88656
G1 X110 Y122.5 E1319.51019
G0 F15000 X110 Y121.79
G0 X111.502 Y121.79
G0 X111.502 Y122.02
;TYPE:FILL
G1 F2123.6 X122.019 Y119.202 E1320.05339
G0 F15000 X121.79 Y119.202
G0 X121.82 Y121.82
G0 X122.02 Y122.02
G1 F2123.6 X97.98 Y97.98 E1321.74955
G0 F15000 X98.18 Y98.18
G0 X98.21 Y100.796
G0 X97.981 Y100.796
G1 F2123.6 X108.49 Y97.98 E1322.29234
G0 F15000 X108.49 Y98.21
G0 X113.22 Y98.21
G0 X113.22 Y97.979
G1 F2123.6 X106.778 Y122.02 E1323.53406
G0 F15000 X106.778 Y121.79
G0 X105.049 Y121.79
G0 X105.049 Y122.02
G1 F2123.6 X97.98 Y114.95 E1324.03285
G0 F15000 X98.21 Y114.95
G0 X98.21 Y113.22
G0 X97.98 Y113.22
G1 F2123.6 X122.019 Y106.779 E1325.27447
G0 F15000 X121.79 Y106.779
G0 X121.79 Y105.049
G0 X122.02 Y105.049
G1 F2123.6 X114.951 Y97.98 E1325.77323
G0 F15000 X114.951 Y98.21
G0 X100.797 Y98.21
G0 X100.797 Y97.98
G1 F2123.6 X97.981 Y108.489 E1326.31602
G0 F15000 X98.21 Y108.489
G0 X121.79 Y111.503
G0 X122.02 Y111.503
G1 F2123.6 X119.201 Y122.02 E1326.85924
G0 F15000 X119.201 Y121.49
;MESH:NONMESH
G0 F300 X119.201 Y121.49 Z19.4
G0 F15000 X110 Y121.79
G0 X110 Y122.1
;TIME_ELAPSED:1000.106243
;LAYER:64
;note -- min layer time used
;TYPE:WALL-INNER
;MESH:Non-Layer Shifted Cube.stl
G1 F2123.6 X122.1 Y122.1 E1327.46291
G1 X122.1 Y97.9 E1328.67025
G1 X97.9 Y97.9 E1329.87759
G1 X97.9 Y122.1 E1331.08494
G1 X110 Y122.1 E1331.68861
G0 F15000 X110 Y122.5
;TYPE:WALL-OUTER
G1 F2123.6 X122.5 Y122.5 E1332.31223
G1 X122.5 Y97.5 E1333.55949
G1 X97.5 Y97.5 E1334.80675
G1 X97.5 Y122.5 E1336.054
G1 X110 Y122.5 E1336.67763
G0 F15000 X110 Y121.79
G0 X111.502 Y121.79
G0 X111.502 Y122.02
;TYPE:FILL
G1 F2123.6 X122.019 Y119.202 E1337.22083
G0 F15000 X121.79 Y119.202
G0 X121.82 Y121.82
G0 X122.02 Y122.02
G1 F2123.6 X97.98 Y97.98 E1338.91698
G0 F15000 X98.18 Y98.18
G0 X98.21 Y100.796
G0 X97.981 Y100.796
G1 F2123.6 X108.49 Y97.98 E1339.45978
G0 F15000 X108.49 Y98.21
G0 X113.22 Y98.21
G0 X113.22 Y97.979
G1 F2123.6 X106.778 Y122.02 E1340.7015
G0 F15000 X106.778 Y121.79
G0 X105.049 Y121.79
G0 X105.049 Y122.02
G1 F2123.6 X97.98 Y114.95 E1341.20029
G0 F15000 X98.21 Y114.95
G0 X98.21 Y113.22
G0 X97.98 Y113.22
G1 F2123.6 X122.019 Y106.779 E1342.44191
G0 F15000 X121.79 Y106.779
G0 X121.79 Y105.049
G0 X122.02 Y105.049
G1 F2123.6 X114.951 Y97.98 E1342.94066
G0 F15000 X114.951 Y98.21
G0 X100.797 Y98.21
G0 X100.797 Y97.98
G1 F2123.6 X97.981 Y108.489 E1343.48346
G0 F15000 X98.21 Y108.489
G0 X121.79 Y111.503
G0 X122.02 Y111.503
G1 F2123.6 X119.201 Y122.02 E1344.02667
G0 F15000 X119.201 Y121.49
;MESH:NONMESH
G0 F300 X119.201 Y121.49 Z19.7
G0 F15000 X110 Y121.79
G0 X110 Y122.1
;TIME_ELAPSED:1013.149693
;LAYER:65
;note -- min layer time used
;TYPE:WALL-INNER
;MESH:Non-Layer Shifted Cube.stl
G1 F2123.6 X122.1 Y122.1 E1344.63034
G1 X122.1 Y97.9 E1345.83769
G1 X97.9 Y97.9 E1347.04503
G1 X97.9 Y122.1 E1348.25237
G1 X110 Y122.1 E1348.85604
G0 F15000 X110 Y122.5
;TYPE:WALL-OUTER
G1 F2123.6 X122.5 Y122.5 E1349.47967
G1 X122.5 Y97.5 E1350.72693
G1 X97.5 Y97.5 E1351.97418
G1 X97.5 Y122.5 E1353.22144
G1 X110 Y122.5 E1353.84506
G0 F15000 X110 Y121.79
G0 X111.502 Y121.79
G0 X111.502 Y122.02
;TYPE:FILL
G1 F2123.6 X122.019 Y119.202 E1354.38827
G0 F15000 X121.79 Y119.202
G0 X121.82 Y121.82
G0 X122.02 Y122.02
G1 F2123.6 X97.98 Y97.98 E1356.08442
G0 F15000 X98.18 Y98.18
G0 X98.21 Y100.796
G0 X97.981 Y100.796
G1 F2123.6 X108.49 Y97.98 E1356.62721
G0 F15000 X108.49 Y98.21
G0 X113.22 Y98.21
G0 X113.22 Y97.979
G1 F2123.6 X106.778 Y122.02 E1357.86894
G0 F15000 X106.778 Y121.79
G0 X105.049 Y121.79
G0 X105.049 Y122.02
G1 F2123.6 X97.98 Y114.95 E1358.36773
G0 F15000 X98.21 Y114.95
G0 X98.21 Y113.22
G0 X97.98 Y113.22
G1 F2123.6 X122.019 Y106.779 E1359.60934
G0 F15000 X121.79 Y106.779
G0 X121.79 Y105.049
G0 X122.02 Y105.049
G1 F2123.6 X114.951 Y97.98 E1360.1081
G0 F15000 X114.951 Y98.21
G0 X100.797 Y98.21
G0 X100.797 Y97.98
G1 F2123.6 X97.981 Y108.489 E1360.65089
G0 F15000 X98.21 Y108.489
G0 X121.79 Y111.503
G0 X122.02 Y111.503
G1 F2123.6 X119.201 Y122.02 E1361.19411
G0 F15000 X119.201 Y121.49
;MESH:NONMESH
G0 F300 X119.201 Y121.49 Z20
G0 F15000 X110 Y121.79
G0 X110 Y122.1
;TIME_ELAPSED:1026.193142
;LAYER:66
;note -- min layer time used
;TYPE:WALL-INNER
;MESH:Non-Layer Shifted Cube.stl
G1 F2123.6 X122.1 Y122.1 E1361.79778
G1 X122.1 Y97.9 E1363.00512
G1 X97.9 Y97.9 E1364.21247
G1 X97.9 Y122.1 E1365.41981
G1 X110 Y122.1 E1366.02348
G0 F15000 X110 Y122.5
;TYPE:WALL-OUTER
G1 F2123.6 X122.5 Y122.5 E1366.64711
G1 X122.5 Y97.5 E1367.89436
G1 X97.5 Y97.5 E1369.14162
G1 X97.5 Y122.5 E1370.38887
G1 X110 Y122.5 E1371.0125
G0 F15000 X110 Y121.79
G0 X111.502 Y121.79
G0 X111.502 Y122.02
;TYPE:FILL
G1 F2123.6 X122.019 Y119.202 E1371.55571
G0 F15000 X121.79 Y119.202
G0 X121.82 Y121.82
G0 X122.02 Y122.02
G1 F2123.6 X97.98 Y97.98 E1373.25186
G0 F15000 X98.18 Y98.18
G0 X98.21 Y100.796
G0 X97.981 Y100.796
G1 F2123.6 X108.49 Y97.98 E1373.79465
G0 F15000 X108.49 Y98.21
G0 X113.22 Y98.21
G0 X113.22 Y97.979
G1 F2123.6 X106.778 Y122.02 E1375.03637
G0 F15000 X106.778 Y121.79
G0 X105.049 Y121.79
G0 X105.049 Y122.02
G1 F2123.6 X97.98 Y114.95 E1375.53517
G0 F15000 X98.21 Y114.95
G0 X98.21 Y113.22
G0 X97.98 Y113.22
G1 F2123.6 X122.019 Y106.779 E1376.77678
G0 F15000 X121.79 Y106.779
G0 X121.79 Y105.049
G0 X122.02 Y105.049
G1 F2123.6 X114.951 Y97.98 E1377.27554
G0 F15000 X114.951 Y98.21
G0 X100.797 Y98.21
G0 X100.797 Y97.98
G1 F2123.6 X97.981 Y108.489 E1377.81833
G0 F15000 X98.21 Y108.489
G0 X121.79 Y111.503
G0 X122.02 Y111.503
G1 F2123.6 X119.201 Y122.02 E1378.36155
G0 F15000 X119.201 Y121.49
;MESH:NONMESH
G0 F300 X119.201 Y121.49 Z20.3
G0 F15000 X110 Y121.79
G0 X110 Y122.1
;TIME_ELAPSED:1039.236591
;LAYER:67
;note -- min layer time used
;TYPE:WALL-INNER
;MESH:Non-Layer Shifted Cube.stl
G1 F2123.6 X122.1 Y122.1 E1378.96522
G1 X122.1 Y97.9 E1380.17256
G1 X97.9 Y97.9 E1381.3799
G1 X97.9 Y122.1 E1382.58725
G1 X110 Y122.1 E1383.19092
G0 F15000 X110 Y122.5
;TYPE:WALL-OUTER
G1 F2123.6 X122.5 Y122.5 E1383.81455
G1 X122.5 Y97.5 E1385.0618
G1 X97.5 Y97.5 E1386.30906
G1 X97.5 Y122.5 E1387.55631
G1 X110 Y122.5 E1388.17994
G0 F15000 X110 Y121.79
G0 X111.502 Y121.79
G0 X111.502 Y122.02
;TYPE:FILL
G1 F2123.6 X122.019 Y119.202 E1388.72314
G0 F15000 X121.79 Y119.202
G0 X121.82 Y121.82
G0 X122.02 Y122.02
G1 F2123.6 X97.98 Y97.98 E1390.41929
G0 F15000 X98.18 Y98.18
G0 X98.21 Y100.796
G0 X97.981 Y100.796
G1 F2123.6 X108.49 Y97.98 E1390.96209
G0 F15000 X108.49 Y98.21
G0 X113.22 Y98.21
G0 X113.22 Y97.979
G1 F2123.6 X106.778 Y122.02 E1392.20381
G0 F15000 X106.778 Y121.79
G0 X105.049 Y121.79
G0 X105.049 Y122.02
G1 F2123.6 X97.98 Y114.95 E1392.7026
G0 F15000 X98.21 Y114.95
G0 X98.21 Y113.22
G0 X97.98 Y113.22
G1 F2123.6 X122.019 Y106.779 E1393.94422
G0 F15000 X121.79 Y106.779
G0 X121.79 Y105.049
G0 X122.02 Y105.049
G1 F2123.6 X114.951 Y97.98 E1394.44297
G0 F15000 X114.951 Y98.21
G0 X100.797 Y98.21
G0 X100.797 Y97.98
G1 F2123.6 X97.981 Y108.489 E1394.98577
G0 F15000 X98.21 Y108.489
G0 X121.79 Y111.503
G0 X122.02 Y111.503
G1 F2123.6 X119.201 Y122.02 E1395.52898
G0 F15000 X119.201 Y121.49
;MESH:NONMESH
G0 F300 X119.201 Y121.49 Z20.6
G0 F15000 X110 Y121.79
G0 X110 Y122.1
;TIME_ELAPSED:1052.280040
;LAYER:68
;note -- min layer time used
;TYPE:WALL-INNER
;MESH:Non-Layer Shifted Cube.stl
G1 F2123.6 X122.1 Y122.1 E1396.13266
G1 X122.1 Y97.9 E1397.34
G1 X97.9 Y97.9 E1398.54734
G1 X97.9 Y122.1 E1399.75468
G1 X110 Y122.1 E1400.35836
G0 F15000 X110 Y122.5
;TYPE:WALL-OUTER
G1 F2123.6 X122.5 Y122.5 E1400.98198
G1 X122.5 Y97.5 E1402.22924
G1 X97.5 Y97.5 E1403.47649
G1 X97.5 Y122.5 E1404.72375
G1 X110 Y122.5 E1405.34738
G0 F15000 X110 Y121.79
G0 X111.502 Y121.79
G0 X111.502 Y122.02
;TYPE:FILL
G1 F2123.6 X122.019 Y119.202 E1405.89058
G0 F15000 X121.79 Y119.202
G0 X121.82 Y121.82
G0 X122.02 Y122.02
G1 F2123.6 X97.98 Y97.98 E1407.58673
G0 F15000 X98.18 Y98.18
G0 X98.21 Y100.796
G0 X97.981 Y100.796
G1 F2123.6 X108.49 Y97.98 E1408.12952
G0 F15000 X108.49 Y98.21
G0 X113.22 Y98.21
G0 X113.22 Y97.979
G1 F2123.6 X106.778 Y122.02 E1409.37125
G0 F15000 X106.778 Y121.79
G0 X105.049 Y121.79
G0 X105.049 Y122.02
G1 F2123.6 X97.98 Y114.95 E1409.87004
G0 F15000 X98.21 Y114.95
G0 X98.21 Y113.22
G0 X97.98 Y113.22
G1 F2123.6 X122.019 Y106.779 E1411.11165
G0 F15000 X121.79 Y106.779
G0 X121.79 Y105.049
G0 X122.02 Y105.049
G1 F2123.6 X114.951 Y97.98 E1411.61041
G0 F15000 X114.951 Y98.21
G0 X100.797 Y98.21
G0 X100.797 Y97.98
G1 F2123.6 X97.981 Y108.489 E1412.1532
G0 F15000 X98.21 Y108.489
G0 X121.79 Y111.503
G0 X122.02 Y111.503
G1 F2123.6 X119.201 Y122.02 E1412.69642
G0 F15000 X119.201 Y121.49
;MESH:NONMESH
G0 F300 X119.201 Y121.49 Z20.9
G0 F15000 X110 Y121.79
G0 X110 Y122.1
;TIME_ELAPSED:1065.323490
;LAYER:69
;note -- min layer time used
;TYPE:WALL-INNER
;MESH:Non-Layer Shifted Cube.stl
G1 F2123.6 X122.1 Y122.1 E1413.30009
G1 X122.1 Y97.9 E1414.50744
G1 X97.9 Y97.9 E1415.71478
G1 X97.9 Y122.1 E1416.92212
G1 X110 Y122.1 E1417.52579
G0 F15000 X110 Y122.5
;TYPE:WALL-OUTER
G1 F2123.6 X122.5 Y122.5 E1418.14942
G1 X122.5 Y97.5 E1419.39668
G1 X97.5 Y97.5 E1420.64393
G1 X97.5 Y122.5 E1421.89119
G1 X110 Y122.5 E1422.51481
G0 F15000 X110 Y121.79
G0 X111.502 Y121.79
G0 X111.502 Y122.02
;TYPE:FILL
G1 F2123.6 X122.019 Y119.202 E1423.05802
G0 F15000 X121.79 Y119.202
G0 X121.82 Y121.82
G0 X122.02 Y122.02
G1 F2123.6 X97.98 Y97.98 E1424.75417
G0 F15000 X98.18 Y98.18
G0 X98.21 Y100.796
G0 X97.981 Y100.796
G1 F2123.6 X108.49 Y97.98 E1425.29696
G0 F15000 X108.49 Y98.21
G0 X113.22 Y98.21
G0 X113.22 Y97.979
G1 F2123.6 X106.778 Y122.02 E1426.53869
G0 F15000 X106.778 Y121.79
G0 X105.049 Y121.79
G0 X105.049 Y122.02
G1 F2123.6 X97.98 Y114.95 E1427.03748
G0 F15000 X98.21 Y114.95
G0 X98.21 Y113.22
G0 X97.98 Y113.22
G1 F2123.6 X122.019 Y106.779 E1428.27909
G0 F15000 X121.79 Y106.779
G0 X121.79 Y105.049
G0 X122.02 Y105.049
G1 F2123.6 X114.951 Y97.98 E1428.77785
G0 F15000 X114.951 Y98.21
G0 X100.797 Y98.21
G0 X100.797 Y97.98
G1 F2123.6 X97.981 Y108.489 E1429.32064
G0 F15000 X98.21 Y108.489
G0 X121.79 Y111.503
G0 X122.02 Y111.503
G1 F2123.6 X119.201 Y122.02 E1429.86386
G0 F15000 X119.201 Y121.49
;MESH:NONMESH
G0 F300 X119.201 Y121.49 Z21.2
G0 F15000 X110 Y121.79
G0 X110 Y122.1
;TIME_ELAPSED:1078.366939
;LAYER:70
;note -- min layer time used
;TYPE:WALL-INNER
;MESH:Non-Layer Shifted Cube.stl
G1 F2123.6 X122.1 Y122.1 E1430.46753
G1 X122.1 Y97.9 E1431.67487
G1 X97.9 Y97.9 E1432.88222
G1 X97.9 Y122.1 E1434.08956
G1 X110 Y122.1 E1434.69323
G0 F15000 X110 Y122.5
;TYPE:WALL-OUTER
G1 F2123.6 X122.5 Y122.5 E1435.31686
G1 X122.5 Y97.5 E1436.56411
G1 X97.5 Y97.5 E1437.81137
G1 X97.5 Y122.5 E1439.05862
G1 X110 Y122.5 E1439.68225
G0 F15000 X110 Y121.79
G0 X111.502 Y121.79
G0 X111.502 Y122.02
;TYPE:FILL
G1 F2123.6 X122.019 Y119.202 E1440.22545
G0 F15000 X121.79 Y119.202
G0 X121.82 Y121.82
G0 X122.02 Y122.02
G1 F2123.6 X97.98 Y97.98 E1441.92161
G0 F15000 X98.18 Y98.18
G0 X98.21 Y100.796
G0 X97.981 Y100.796
G1 F2123.6 X108.49 Y97.98 E1442.4644
G0 F15000 X108.49 Y98.21
G0 X113.22 Y98.21
G0 X113.22 Y97.979
G1 F2123.6 X106.778 Y122.02 E1443.70612
G0 F15000 X106.778 Y121.79
G0 X105.049 Y121.79
G0 X105.049 Y122.02
G1 F2123.6 X97.98 Y114.95 E1444.20491
G0 F15000 X98.21 Y114.95
G0 X98.21 Y113.22
G0 X97.98 Y113.22
G1 F2123.6 X122.019 Y106.779 E1445.44653
G0 F15000 X121.79 Y106.779
G0 X121.79 Y105.049
G0 X122.02 Y105.049
G1 F2123.6 X114.951 Y97.98 E1445.94529
G0 F15000 X114.951 Y98.21
G0 X100.797 Y98.21
G0 X100.797 Y97.98
G1 F2123.6 X97.981 Y108.489 E1446.48808
G0 F15000 X98.21 Y108.489
G0 X121.79 Y111.503
G0 X122.02 Y111.503
G1 F2123.6 X119.201 Y122.02 E1447.0313
G0 F15000 X119.201 Y121.49
;MESH:NONMESH
G0 F300 X119.201 Y121.49 Z21.5
G0 F15000 X110 Y121.79
G0 X110 Y122.1
;TIME_ELAPSED:1091.410388
;LAYER:71
;note -- min layer time used
;TYPE:WALL-INNER
;MESH:Non-Layer Shifted Cube.stl
G1 F2123.6 X122.1 Y122.1 E1447.63497
G1 X122.1 Y97.9 E1448.84231
G1 X97.9 Y97.9 E1450.04965
G1 X97.9 Y122.1 E1451.257
G1 X110 Y122.1 E1451.86067
G0 F15000 X110 Y122.5
;TYPE:WALL-OUTER
G1 F2123.6 X122.5 Y122.5 E1452.48429
G1 X122.5 Y97.5 E1453.73155
G1 X97.5 Y97.5 E1454.9788
G1 X97.5 Y122.5 E1456.22606
G1 X110 Y122.5 E1456.84969
G0 F15000 X110 Y121.79
G0 X111.502 Y121.79
G0 X111.502 Y122.02
;TYPE:FILL
G1 F2123.6 X122.019 Y119.202 E1457.39289
G0 F15000 X121.79 Y119.202
G0 X121.82 Y121.82
G0 X122.02 Y122.02
G1 F2123.6 X97.98 Y97.98 E1459.08904
G0 F15000 X98.18 Y98.18
G0 X98.21 Y100.796
G0 X97.981 Y100.796
G1 F2123.6 X108.49 Y97.98 E1459.63184
G0 F15000 X108.49 Y98.21
G0 X113.22 Y98.21
G0 X113.22 Y97.979
G1 F2123.6 X106.778 Y122.02 E1460.87356
G0 F15000 X106.778 Y121.79
G0 X105.049 Y121.79
G0 X105.049 Y122.02
G1 F2123.6 X97.98 Y114.95 E1461.37235
G0 F15000 X98.21 Y114.95
G0 X98.21 Y113.22
G0 X97.98 Y113.22
G1 F2123.6 X122.019 Y106.779 E1462.61397
G0 F15000 X121.79 Y106.779
G0 X121.79 Y105.049
G0 X122.02 Y105.049
G1 F2123.6 X114.951 Y97.98 E1463.11272
G0 F15000 X114.951 Y98.21
G0 X100.797 Y98.21
G0 X100.797 Y97.98
G1 F2123.6 X97.981 Y108.489 E1463.65552
G0 F15000 X98.21 Y108.489
G0 X121.79 Y111.503
G0 X122.02 Y111.503
G1 F2123.6 X119.201 Y122.02 E1464.19873
G0 F15000 X119.201 Y121.49
;MESH:NONMESH
G0 F300 X119.201 Y121.49 Z21.8
G0 F15000 X110 Y121.79
G0 X110 Y122.1
;TIME_ELAPSED:1104.453838
;LAYER:72
;note -- min layer time used
;TYPE:WALL-INNER
;MESH:Non-Layer Shifted Cube.stl
G1 F2123.6 X122.1 Y122.1 E1464.8024
G1 X122.1 Y97.9 E1466.00975
G1 X97.9 Y97.9 E1467.21709
G1 X97.9 Y122.1 E1468.42443
G1 X110 Y122.1 E1469.0281
G0 F15000 X110 Y122.5
;TYPE:WALL-OUTER
G1 F2123.6 X122.5 Y122.5 E1469.65173
G1 X122.5 Y97.5 E1470.89899
G1 X97.5 Y97.5 E1472.14624
G1 X97.5 Y122.5 E1473.3935
G1 X110 Y122.5 E1474.01712
G0 F15000 X110 Y121.79
G0 X111.502 Y121.79
G0 X111.502 Y122.02
;TYPE:FILL
G1 F2123.6 X122.019 Y119.202 E1474.56033
G0 F15000 X121.79 Y119.202
G0 X121.82 Y121.82
G0 X122.02 Y122.02
G1 F2123.6 X97.98 Y97.98 E1476.25648
G0 F15000 X98.18 Y98.18
G0 X98.21 Y100.796
G0 X97.981 Y100.796
G1 F2123.6 X108.49 Y97.98 E1476.79927
G0 F15000 X108.49 Y98.21
G0 X113.22 Y98.21
G0 X113.22 Y97.979
G1 F2123.6 X106.778 Y122.02 E1478.041
G0 F15000 X106.778 Y121.79
G0 X105.049 Y121.79
G0 X105.049 Y122.02
G1 F2123.6 X97.98 Y114.95 E1478.53979
G0 F15000 X98.21 Y114.95
G0 X98.21 Y113.22
G0 X97.98 Y113.22
G1 F2123.6 X122.019 Y106.779 E1479.7814
G0 F15000 X121.79 Y106.779
G0 X121.79 Y105.049
G0 X122.02 Y105.049
G1 F2123.6 X114.951 Y97.98 E1480.28016
G0 F15000 X114.951 Y98.21
G0 X100.797 Y98.21
G0 X100.797 Y97.98
G1 F2123.6 X97.981 Y108.489 E1480.82295
G0 F15000 X98.21 Y108.489
G0 X121.79 Y111.503
G0 X122.02 Y111.503
G1 F2123.6 X119.201 Y122.02 E1481.36617
G0 F15000 X119.201 Y121.49
;MESH:NONMESH
G0 F300 X119.201 Y121.49 Z22.1
G0 F15000 X110 Y121.79
G0 X110 Y122.1
;TIME_ELAPSED:1117.497287
;LAYER:73
;note -- min layer time used
;TYPE:WALL-INNER
;MESH:Non-Layer Shifted Cube.stl
G1 F2123.6 X122.1 Y122.1 E1481.96984
G1 X122.1 Y97.9 E1483.17718
G1 X97.9 Y97.9 E1484.38453
G1 X97.9 Y122.1 E1485.59187
G1 X110 Y122.1 E1486.19554
G0 F15000 X110 Y122.5
;TYPE:WALL-OUTER
G1 F2123.6 X122.5 Y122.5 E1486.81917
G1 X122.5 Y97.5 E1488.06642
G1 X97.5 Y97.5 E1489.31368
G1 X97.5 Y122.5 E1490.56093
G1 X110 Y122.5 E1491.18456
G0 F15000 X110 Y121.79
G0 X111.502 Y121.79
G0 X111.502 Y122.02
;TYPE:FILL
G1 F2123.6 X122.019 Y119.202 E1491.72777
G0 F15000 X121.79 Y119.202
G0 X121.82 Y121.82
G0 X122.02 Y122.02
G1 F2123.6 X97.98 Y97.98 E1493.42392
G0 F15000 X98.18 Y98.18
G0 X98.21 Y100.796
G0 X97.981 Y100.796
G1 F2123.6 X108.49 Y97.98 E1493.96671
G0 F15000 X108.49 Y98.21
G0 X113.22 Y98.21
G0 X113.22 Y97.979
G1 F2123.6 X106.778 Y122.02 E1495.20843
G0 F15000 X106.778 Y121.79
G0 X105.049 Y121.79
G0 X105.049 Y122.02
G1 F2123.6 X97.98 Y114.95 E1495.70723
G0 F15000 X98.21 Y114.95
G0 X98.21 Y113.22
G0 X97.98 Y113.22
G1 F2123.6 X122.019 Y106.779 E1496.94884
G0 F15000 X121.79 Y106.779
G0 X121.79 Y105.049
G0 X122.02 Y105.049
G1 F2123.6 X114.951 Y97.98 E1497.4476
G0 F15000 X114.951 Y98.21
G0 X100.797 Y98.21
G0 X100.797 Y97.98
G1 F2123.6 X97.981 Y108.489 E1497.99039
G0 F15000 X98.21 Y108.489
G0 X121.79 Y111.503
G0 X122.02 Y111.503
G1 F2123.6 X119.201 Y122.02 E1498.53361
G0 F15000 X119.201 Y121.49
;MESH:NONMESH
G0 F300 X119.201 Y121.49 Z22.4
G0 F15000 X110 Y121.79
G0 X110 Y122.1
;TIME_ELAPSED:1130.540736
;LAYER:74
;note -- min layer time used
;TYPE:WALL-INNER
;MESH:Non-Layer Shifted Cube.stl
G1 F2123.6 X122.1 Y122.1 E1499.13728
G1 X122.1 Y97.9 E1500.34462
G1 X97.9 Y97.9 E1501.55196
G1 X97.9 Y122.1 E1502.75931
G1 X110 Y122.1 E1503.36298
G0 F15000 X110 Y122.5
;TYPE:WALL-OUTER
G1 F2123.6 X122.5 Y122.5 E1503.98661
G1 X122.5 Y97.5 E1505.23386
G1 X97.5 Y97.5 E1506.48112
G1 X97.5 Y122.5 E1507.72837
G1 X110 Y122.5 E1508.352
G0 F15000 X110 Y121.79
G0 X111.502 Y121.79
G0 X111.502 Y122.02
;TYPE:FILL
G1 F2123.6 X122.019 Y119.202 E1508.8952
G0 F15000 X121.79 Y119.202
G0 X121.82 Y121.82
G0 X122.02 Y122.02
G1 F2123.6 X97.98 Y97.98 E1510.59135
G0 F15000 X98.18 Y98.18
G0 X98.21 Y100.796
G0 X97.981 Y100.796
G1 F2123.6 X108.49 Y97.98 E1511.13415
G0 F15000 X108.49 Y98.21
G0 X113.22 Y98.21
G0 X113.22 Y97.979
G1 F2123.6 X106.778 Y122.02 E1512.37587
G0 F15000 X106.778 Y121.79
G0 X105.049 Y121.79
G0 X105.049 Y122.02
G1 F2123.6 X97.98 Y114.95 E1512.87466
G0 F15000 X98.21 Y114.95
G0 X98.21 Y113.22
G0 X97.98 Y113.22
G1 F2123.6 X122.019 Y106.779 E1514.11628
G0 F15000 X121.79 Y106.779
G0 X121.79 Y105.049
G0 X122.02 Y105.049
G1 F2123.6 X114.951 Y97.98 E1514.61503
G0 F15000 X114.951 Y98.21
G0 X100.797 Y98.21
G0 X100.797 Y97.98
G1 F2123.6 X97.981 Y108.489 E1515.15783
G0 F15000 X98.21 Y108.489
G0 X121.79 Y111.503
G0 X122.02 Y111.503
G1 F2123.6 X119.201 Y122.02 E1515.70104
G0 F15000 X119.201 Y121.49
;MESH:NONMESH
G0 F300 X119.201 Y121.49 Z22.7
G0 F15000 X110 Y121.79
G0 X110 Y122.1
;TIME_ELAPSED:1143.584186
;LAYER:75
;note -- min layer time used
;TYPE:WALL-INNER
;MESH:Non-Layer Shifted Cube.stl
G1 F2123.6 X122.1 Y122.1 E1516.30471
G1 X122.1 Y97.9 E1517.51206
G1 X97.9 Y97.9 E1518.7194
G1 X97.9 Y122.1 E1519.92674
G1 X110 Y122.1 E1520.53042
G0 F15000 X110 Y122.5
;TYPE:WALL-OUTER
G1 F2123.6 X122.5 Y122.5 E1521.15404
G1 X122.5 Y97.5 E1522.4013
G1 X97.5 Y97.5 E1523.64855
G1 X97.5 Y122.5 E1524.89581
G1 X110 Y122.5 E1525.51944
G0 F15000 X110 Y121.79
G0 X111.502 Y121.79
G0 X111.502 Y122.02
;TYPE:FILL
G1 F2123.6 X122.019 Y119.202 E1526.06264
G0 F15000 X121.79 Y119.202
G0 X121.82 Y121.82
G0 X122.02 Y122.02
G1 F2123.6 X97.98 Y97.98 E1527.75879
G0 F15000 X98.18 Y98.18
G0 X98.21 Y100.796
G0 X97.981 Y100.796
G1 F2123.6 X108.49 Y97.98 E1528.30158
G0 F15000 X108.49 Y98.21
G0 X113.22 Y98.21
G0 X113.22 Y97.979
G1 F2123.6 X106.778 Y122.02 E1529.54331
G0 F15000 X106.778 Y121.79
G0 X105.049 Y121.79
G0 X105.049 Y122.02
G1 F2123.6 X97.98 Y114.95 E1530.0421
G0 F15000 X98.21 Y114.95
G0 X98.21 Y113.22
G0 X97.98 Y113.22
G1 F2123.6 X122.019 Y106.779 E1531.28371
G0 F15000 X121.79 Y106.779
G0 X121.79 Y105.049
G0 X122.02 Y105.049
G1 F2123.6 X114.951 Y97.98 E1531.78247
G0 F15000 X114.951 Y98.21
G0 X100.797 Y98.21
G0 X100.797 Y97.98
G1 F2123.6 X97.981 Y108.489 E1532.32526
G0 F15000 X98.21 Y108.489
G0 X121.79 Y111.503
G0 X122.02 Y111.503
G1 F2123.6 X119.201 Y122.02 E1532.86848
G0 F15000 X119.201 Y121.49
;MESH:NONMESH
G0 F300 X119.201 Y121.49 Z23
G0 F15000 X110 Y121.79
G0 X110 Y122.1
;TIME_ELAPSED:1156.627635
;LAYER:76
;note -- min layer time used
;TYPE:WALL-INNER
;MESH:Non-Layer Shifted Cube.stl
G1 F2123.6 X122.1 Y122.1 E1533.47215
G1 X122.1 Y97.9 E1534.67949
G1 X97.9 Y97.9 E1535.88684
G1 X97.9 Y122.1 E1537.09418
G1 X110 Y122.1 E1537.69785
G0 F15000 X110 Y122.5
;TYPE:WALL-OUTER
G1 F2123.6 X122.5 Y122.5 E1538.32148
G1 X122.5 Y97.5 E1539.56873
G1 X97.5 Y97.5 E1540.81599
G1 X97.5 Y122.5 E1542.06324
G1 X110 Y122.5 E1542.68687
G0 F15000 X110 Y121.79
G0 X111.502 Y121.79
G0 X111.502 Y122.02
;TYPE:FILL
G1 F2123.6 X122.019 Y119.202 E1543.23008
G0 F15000 X121.79 Y119.202
G0 X121.82 Y121.82
G0 X122.02 Y122.02
G1 F2123.6 X97.98 Y97.98 E1544.92623
G0 F15000 X98.18 Y98.18
G0 X98.21 Y100.796
G0 X97.981 Y100.796
G1 F2123.6 X108.49 Y97.98 E1545.46902
G0 F15000 X108.49 Y98.21
G0 X113.22 Y98.21
G0 X113.22 Y97.979
G1 F2123.6 X106.778 Y122.02 E1546.71075
G0 F15000 X106.778 Y121.79
G0 X105.049 Y121.79
G0 X105.049 Y122.02
G1 F2123.6 X97.98 Y114.95 E1547.20954
G0 F15000 X98.21 Y114.95
G0 X98.21 Y113.22
G0 X97.98 Y113.22
G1 F2123.6 X122.019 Y106.779 E1548.45115
G0 F15000 X121.79 Y106.779
G0 X121.79 Y105.049
G0 X122.02 Y105.049
G1 F2123.6 X114.951 Y97.98 E1548.94991
G0 F15000 X114.951 Y98.21
G0 X100.797 Y98.21
G0 X100.797 Y97.98
G1 F2123.6 X97.981 Y108.489 E1549.4927
G0 F15000 X98.21 Y108.489
G0 X121.79 Y111.503
G0 X122.02 Y111.503
G1 F2123.6 X119.201 Y122.02 E1550.03592
G0 F15000 X119.201 Y121.49
;MESH:NONMESH
G0 F300 X119.201 Y121.49 Z23.3
G0 F15000 X110 Y121.79
G0 X110 Y122.1
;TIME_ELAPSED:1169.671084
;LAYER:77
;note -- min layer time used
;TYPE:WALL-INNER
;MESH:Non-Layer Shifted Cube.stl
G1 F2123.6 X122.1 Y122.1 E1550.63959
G1 X122.1 Y97.9 E1551.84693
G1 X97.9 Y97.9 E1553.05427
G1 X97.9 Y122.1 E1554.26162
G1 X110 Y122.1 E1554.86529
G0 F15000 X110 Y122.5
;TYPE:WALL-OUTER
G1 F2123.6 X122.5 Y122.5 E1555.48892
G1 X122.5 Y97.5 E1556.73617
G1 X97.5 Y97.5 E1557.98343
G1 X97.5 Y122.5 E1559.23068
G1 X110 Y122.5 E1559.85431
G0 F15000 X110 Y121.79
G0 X111.502 Y121.79
G0 X111.502 Y122.02
;TYPE:FILL
G1 F2123.6 X122.019 Y119.202 E1560.39751
G0 F15000 X121.79 Y119.202
G0 X121.82 Y121.82
G0 X122.02 Y122.02
G1 F2123.6 X97.98 Y97.98 E1562.09367
G0 F15000 X98.18 Y98.18
G0 X98.21 Y100.796
G0 X97.981 Y100.796
G1 F2123.6 X108.49 Y97.98 E1562.63646
G0 F15000 X108.49 Y98.21
G0 X113.22 Y98.21
G0 X113.22 Y97.979
G1 F2123.6 X106.778 Y122.02 E1563.87818
G0 F15000 X106.778 Y121.79
G0 X105.049 Y121.79
G0 X105.049 Y122.02
G1 F2123.6 X97.98 Y114.95 E1564.37697
G0 F15000 X98.21 Y114.95
G0 X98.21 Y113.22
G0 X97.98 Y113.22
G1 F2123.6 X122.019 Y106.779 E1565.61859
G0 F15000 X121.79 Y106.779
G0 X121.79 Y105.049
G0 X122.02 Y105.049
G1 F2123.6 X114.951 Y97.98 E1566.11734
G0 F15000 X114.951 Y98.21
G0 X100.797 Y98.21
G0 X100.797 Y97.98
G1 F2123.6 X97.981 Y108.489 E1566.66014
G0 F15000 X98.21 Y108.489
G0 X121.79 Y111.503
G0 X122.02 Y111.503
G1 F2123.6 X119.201 Y122.02 E1567.20335
G0 F15000 X119.201 Y121.49
;MESH:NONMESH
G0 F300 X119.201 Y121.49 Z23.6
G0 F15000 X110 Y121.79
G0 X110 Y122.1
;TIME_ELAPSED:1182.714533
;LAYER:78
;note -- min layer time used
;TYPE:WALL-INNER
;MESH:Non-Layer Shifted Cube.stl
G1 F2123.6 X122.1 Y122.1 E1567.80703
G1 X122.1 Y97.9 E1569.01437
G1 X97.9 Y97.9 E1570.22171
G1 X97.9 Y122.1 E1571.42905
G1 X110 Y122.1 E1572.03273
G0 F15000 X110 Y122.5
;TYPE:WALL-OUTER
G1 F2123.6 X122.5 Y122.5 E1572.65635
G1 X122.5 Y97.5 E1573.90361
G1 X97.5 Y97.5 E1575.15086
G1 X97.5 Y122.5 E1576.39812
G1 X110 Y122.5 E1577.02175
G0 F15000 X110 Y121.79
G0 X111.502 Y121.79
G0 X111.502 Y122.02
;TYPE:FILL
G1 F2123.6 X122.019 Y119.202 E1577.56495
G0 F15000 X121.79 Y119.202
G0 X121.82 Y121.82
G0 X122.02 Y122.02
G1 F2123.6 X97.98 Y97.98 E1579.2611
G0 F15000 X98.18 Y98.18
G0 X98.21 Y100.796
G0 X97.981 Y100.796
G1 F2123.6 X108.49 Y97.98 E1579.8039
G0 F15000 X108.49 Y98.21
G0 X113.22 Y98.21
G0 X113.22 Y97.979
G1 F2123.6 X106.778 Y122.02 E1581.04562
G0 F15000 X106.778 Y121.79
G0 X105.049 Y121.79
G0 X105.049 Y122.02
G1 F2123.6 X97.98 Y114.95 E1581.54441
G0 F15000 X98.21 Y114.95
G0 X98.21 Y113.22
G0 X97.98 Y113.22
G1 F2123.6 X122.019 Y106.779 E1582.78603
G0 F15000 X121.79 Y106.779
G0 X121.79 Y105.049
G0 X122.02 Y105.049
G1 F2123.6 X114.951 Y97.98 E1583.28478
G0 F15000 X114.951 Y98.21
G0 X100.797 Y98.21
G0 X100.797 Y97.98
G1 F2123.6 X97.981 Y108.489 E1583.82757
G0 F15000 X98.21 Y108.489
G0 X121.79 Y111.503
G0 X122.02 Y111.503
G1 F2123.6 X119.201 Y122.02 E1584.37079
G0 F15000 X119.201 Y121.49
;MESH:NONMESH
G0 F300 X119.201 Y121.49 Z23.9
G0 F15000 X110 Y121.79
G0 X110 Y122.1
;TIME_ELAPSED:1195.757983
;LAYER:79
;note -- min layer time used
;TYPE:WALL-INNER
;MESH:Non-Layer Shifted Cube.stl
G1 F2123.6 X122.1 Y122.1 E1584.97446
G1 X122.1 Y97.9 E1586.18181
G1 X97.9 Y97.9 E1587.38915
G1 X97.9 Y122.1 E1588.59649
G1 X110 Y122.1 E1589.20016
G0 F15000 X110 Y122.5
;TYPE:WALL-OUTER
G1 F2123.6 X122.5 Y122.5 E1589.82379
G1 X122.5 Y97.5 E1591.07105
G1 X97.5 Y97.5 E1592.3183
G1 X97.5 Y122.5 E1593.56556
G1 X110 Y122.5 E1594.18918
G0 F15000 X110 Y121.79
G0 X111.502 Y121.79
G0 X111.502 Y122.02
;TYPE:FILL
G1 F2123.6 X122.019 Y119.202 E1594.73239
G0 F15000 X121.79 Y119.202
G0 X121.82 Y121.82
G0 X122.02 Y122.02
G1 F2123.6 X97.98 Y97.98 E1596.42854
G0 F15000 X98.18 Y98.18
G0 X98.21 Y100.796
G0 X97.981 Y100.796
G1 F2123.6 X108.49 Y97.98 E1596.97133
G0 F15000 X108.49 Y98.21
G0 X113.22 Y98.21
G0 X113.22 Y97.979
G1 F2123.6 X106.778 Y122.02 E1598.21306
G0 F15000 X106.778 Y121.79
G0 X105.049 Y121.79
G0 X105.049 Y122.02
G1 F2123.6 X97.98 Y114.95 E1598.71185
G0 F15000 X98.21 Y114.95
G0 X98.21 Y113.22
G0 X97.98 Y113.22
G1 F2123.6 X122.019 Y106.779 E1599.95346
G0 F15000 X121.79 Y106.779
G0 X121.79 Y105.049
G0 X122.02 Y105.049
G1 F2123.6 X114.951 Y97.98 E1600.45222
G0 F15000 X114.951 Y98.21
G0 X100.797 Y98.21
G0 X100.797 Y97.98
G1 F2123.6 X97.981 Y108.489 E1600.99501
G0 F15000 X98.21 Y108.489
G0 X121.79 Y111.503
G0 X122.02 Y111.503
G1 F2123.6 X119.201 Y122.02 E1601.53823
G0 F15000 X119.201 Y121.49
;MESH:NONMESH
G0 F300 X119.201 Y121.49 Z24.2
G0 F15000 X110 Y121.79
G0 X110 Y122.1
;TIME_ELAPSED:1208.801432
;LAYER:80
;note -- min layer time used
;TYPE:WALL-INNER
;MESH:Non-Layer Shifted Cube.stl
G1 F2123.6 X122.1 Y122.1 E1602.1419
G1 X122.1 Y97.9 E1603.34924
G1 X97.9 Y97.9 E1604.55659
G1 X97.9 Y122.1 E1605.76393
G1 X110 Y122.1 E1606.3676
G0 F15000 X110 Y122.5
;TYPE:WALL-OUTER
G1 F2123.6 X122.5 Y122.5 E1606.99123
G1 X122.5 Y97.5 E1608.23848
G1 X97.5 Y97.5 E1609.48574
G1 X97.5 Y122.5 E1610.73299
G1 X110 Y122.5 E1611.35662
G0 F15000 X110 Y121.79
G0 X111.502 Y121.79
G0 X111.502 Y122.02
;TYPE:FILL
G1 F2123.6 X122.019 Y119.202 E1611.89982
G0 F15000 X121.79 Y119.202
G0 X121.82 Y121.82
G0 X122.02 Y122.02
G1 F2123.6 X97.98 Y97.98 E1613.59598
G0 F15000 X98.18 Y98.18
G0 X98.21 Y100.796
G0 X97.981 Y100.796
G1 F2123.6 X108.49 Y97.98 E1614.13877
G0 F15000 X108.49 Y98.21
G0 X113.22 Y98.21
G0 X113.22 Y97.979
G1 F2123.6 X106.778 Y122.02 E1615.38049
G0 F15000 X106.778 Y121.79
G0 X105.049 Y121.79
G0 X105.049 Y122.02
G1 F2123.6 X97.98 Y114.95 E1615.87928
G0 F15000 X98.21 Y114.95
G0 X98.21 Y113.22
G0 X97.98 Y113.22
G1 F2123.6 X122.019 Y106.779 E1617.1209
G0 F15000 X121.79 Y106.779
G0 X121.79 Y105.049
G0 X122.02 Y105.049
G1 F2123.6 X114.951 Y97.98 E1617.61966
G0 F15000 X114.951 Y98.21
G0 X100.797 Y98.21
G0 X100.797 Y97.98
G1 F2123.6 X97.981 Y108.489 E1618.16245
G0 F15000 X98.21 Y108.489
G0 X121.79 Y111.503
G0 X122.02 Y111.503
G1 F2123.6 X119.201 Y122.02 E1618.70567
G0 F15000 X119.201 Y121.49
;MESH:NONMESH
G0 F300 X119.201 Y121.49 Z24.5
G0 F15000 X110 Y121.79
G0 X110 Y122.1
;TIME_ELAPSED:1221.844881
;LAYER:81
;note -- min layer time used
;TYPE:WALL-INNER
;MESH:Non-Layer Shifted Cube.stl
G1 F2123.6 X122.1 Y122.1 E1619.30934
G1 X122.1 Y97.9 E1620.51668
G1 X97.9 Y97.9 E1621.72402
G1 X97.9 Y122.1 E1622.93137
G1 X110 Y122.1 E1623.53504
G0 F15000 X110 Y122.5
;TYPE:WALL-OUTER
G1 F2123.6 X122.5 Y122.5 E1624.15866
G1 X122.5 Y97.5 E1625.40592
G1 X97.5 Y97.5 E1626.65318
G1 X97.5 Y122.5 E1627.90043
G1 X110 Y122.5 E1628.52406
G0 F15000 X110 Y121.79
G0 X111.502 Y121.79
G0 X111.502 Y122.02
;TYPE:FILL
G1 F2123.6 X122.019 Y119.202 E1629.06726
G0 F15000 X121.79 Y119.202
G0 X121.82 Y121.82
G0 X122.02 Y122.02
G1 F2123.6 X97.98 Y97.98 E1630.76341
G0 F15000 X98.18 Y98.18
G0 X98.21 Y100.796
G0 X97.981 Y100.796
G1 F2123.6 X108.49 Y97.98 E1631.30621
G0 F15000 X108.49 Y98.21
G0 X113.22 Y98.21
G0 X113.22 Y97.979
G1 F2123.6 X106.778 Y122.02 E1632.54793
G0 F15000 X106.778 Y121.79
G0 X105.049 Y121.79
G0 X105.049 Y122.02
G1 F2123.6 X97.98 Y114.95 E1633.04672
G0 F15000 X98.21 Y114.95
G0 X98.21 Y113.22
G0 X97.98 Y113.22
G1 F2123.6 X122.019 Y106.779 E1634.28834
G0 F15000 X121.79 Y106.779
G0 X121.79 Y105.049
G0 X122.02 Y105.049
G1 F2123.6 X114.951 Y97.98 E1634.78709
G0 F15000 X114.951 Y98.21
G0 X100.797 Y98.21
G0 X100.797 Y97.98
G1 F2123.6 X97.981 Y108.489 E1635.32989
G0 F15000 X98.21 Y108.489
G0 X121.79 Y111.503
G0 X122.02 Y111.503
G1 F2123.6 X119.201 Y122.02 E1635.8731
G0 F15000 X119.201 Y121.49
;MESH:NONMESH
G0 F300 X119.201 Y121.49 Z24.8
G0 F15000 X110 Y121.79
G0 X110 Y122.1
;TIME_ELAPSED:1234.888331
;LAYER:82
;note -- min layer time used
;TYPE:WALL-INNER
;MESH:Non-Layer Shifted Cube.stl
G1 F2123.6 X122.1 Y122.1 E1636.47677
G1 X122.1 Y97.9 E1637.68412
G1 X97.9 Y97.9 E1638.89146
G1 X97.9 Y122.1 E1640.0988
G1 X110 Y122.1 E1640.70247
G0 F15000 X110 Y122.5
;TYPE:WALL-OUTER
G1 F2123.6 X122.5 Y122.5 E1641.3261
G1 X122.5 Y97.5 E1642.57336
G1 X97.5 Y97.5 E1643.82061
G1 X97.5 Y122.5 E1645.06787
G1 X110 Y122.5 E1645.69149
G0 F15000 X110 Y121.79
G0 X111.502 Y121.79
G0 X111.502 Y122.02
;TYPE:FILL
G1 F2123.6 X122.019 Y119.202 E1646.2347
G0 F15000 X121.79 Y119.202
G0 X121.82 Y121.82
G0 X122.02 Y122.02
G1 F2123.6 X97.98 Y97.98 E1647.93085
G0 F15000 X98.18 Y98.18
G0 X98.21 Y100.796
G0 X97.981 Y100.796
G1 F2123.6 X108.49 Y97.98 E1648.47364
G0 F15000 X108.49 Y98.21
G0 X113.22 Y98.21
G0 X113.22 Y97.979
G1 F2123.6 X106.778 Y122.02 E1649.71537
G0 F15000 X106.778 Y121.79
G0 X105.049 Y121.79
G0 X105.049 Y122.02
G1 F2123.6 X97.98 Y114.95 E1650.21416
G0 F15000 X98.21 Y114.95
G0 X98.21 Y113.22
G0 X97.98 Y113.22
G1 F2123.6 X122.019 Y106.779 E1651.45577
G0 F15000 X121.79 Y106.779
G0 X121.79 Y105.049
G0 X122.02 Y105.049
G1 F2123.6 X114.951 Y97.98 E1651.95453
G0 F15000 X114.951 Y98.21
G0 X100.797 Y98.21
G0 X100.797 Y97.98
G1 F2123.6 X97.981 Y108.489 E1652.49732
G0 F15000 X98.21 Y108.489
G0 X121.79 Y111.503
G0 X122.02 Y111.503
G1 F2123.6 X119.201 Y122.02 E1653.04054
G0 F15000 X119.201 Y121.49
;MESH:NONMESH
G0 F300 X119.201 Y121.49 Z25.1
G0 F15000 X110 Y121.79
G0 X110 Y122.1
;TIME_ELAPSED:1247.931780
;LAYER:83
;note -- min layer time used
;TYPE:WALL-INNER
;MESH:Non-Layer Shifted Cube.stl
G1 F2123.6 X122.1 Y122.1 E1653.64421
G1 X122.1 Y97.9 E1654.85155
G1 X97.9 Y97.9 E1656.0589
G1 X97.9 Y122.1 E1657.26624
G1 X110 Y122.1 E1657.86991
G0 F15000 X110 Y122.5
;TYPE:WALL-OUTER
G1 F2123.6 X122.5 Y122.5 E1658.49354
G1 X122.5 Y97.5 E1659.74079
G1 X97.5 Y97.5 E1660.98805
G1 X97.5 Y122.5 E1662.2353
G1 X110 Y122.5 E1662.85893
G0 F15000 X110 Y121.79
G0 X111.502 Y121.79
G0 X111.502 Y122.02
;TYPE:FILL
G1 F2123.6 X122.019 Y119.202 E1663.40214
G0 F15000 X121.79 Y119.202
G0 X121.82 Y121.82
G0 X122.02 Y122.02
G1 F2123.6 X97.98 Y97.98 E1665.09829
G0 F15000 X98.18 Y98.18
G0 X98.21 Y100.796
G0 X97.981 Y100.796
G1 F2123.6 X108.49 Y97.98 E1665.64108
G0 F15000 X108.49 Y98.21
G0 X113.22 Y98.21
G0 X113.22 Y97.979
G1 F2123.6 X106.778 Y122.02 E1666.8828
G0 F15000 X106.778 Y121.79
G0 X105.049 Y121.79
G0 X105.049 Y122.02
G1 F2123.6 X97.98 Y114.95 E1667.3816
G0 F15000 X98.21 Y114.95
G0 X98.21 Y113.22
G0 X97.98 Y113.22
G1 F2123.6 X122.019 Y106.779 E1668.62321
G0 F15000 X121.79 Y106.779
G0 X121.79 Y105.049
G0 X122.02 Y105.049
G1 F2123.6 X114.951 Y97.98 E1669.12197
G0 F15000 X114.951 Y98.21
G0 X100.797 Y98.21
G0 X100.797 Y97.98
G1 F2123.6 X97.981 Y108.489 E1669.66476
G0 F15000 X98.21 Y108.489
G0 X121.79 Y111.503
G0 X122.02 Y111.503
G1 F2123.6 X119.201 Y122.02 E1670.20798
G0 F15000 X119.201 Y121.49
;MESH:NONMESH
G0 F300 X119.201 Y121.49 Z25.4
G0 F15000 X110 Y121.79
G0 X110 Y122.1
;TIME_ELAPSED:1260.975229
;LAYER:84
;note -- min layer time used
;TYPE:WALL-INNER
;MESH:Non-Layer Shifted Cube.stl
G1 F2123.6 X122.1 Y122.1 E1670.81165
G1 X122.1 Y97.9 E1672.01899
G1 X97.9 Y97.9 E1673.22633
G1 X97.9 Y122.1 E1674.43368
G1 X110 Y122.1 E1675.03735
G0 F15000 X110 Y122.5
;TYPE:WALL-OUTER
G1 F2123.6 X122.5 Y122.5 E1675.66098
G1 X122.5 Y97.5 E1676.90823
G1 X97.5 Y97.5 E1678.15549
G1 X97.5 Y122.5 E1679.40274
G1 X110 Y122.5 E1680.02637
G0 F15000 X110 Y121.79
G0 X111.502 Y121.79
G0 X111.502 Y122.02
;TYPE:FILL
G1 F2123.6 X122.019 Y119.202 E1680.56957
G0 F15000 X121.79 Y119.202
G0 X121.82 Y121.82
G0 X122.02 Y122.02
G1 F2123.6 X97.98 Y97.98 E1682.26572
G0 F15000 X98.18 Y98.18
G0 X98.21 Y100.796
G0 X97.981 Y100.796
G1 F2123.6 X108.49 Y97.98 E1682.80852
G0 F15000 X108.49 Y98.21
G0 X113.22 Y98.21
G0 X113.22 Y97.979
G1 F2123.6 X106.778 Y122.02 E1684.05024
G0 F15000 X106.778 Y121.79
G0 X105.049 Y121.79
G0 X105.049 Y122.02
G1 F2123.6 X97.98 Y114.95 E1684.54903
G0 F15000 X98.21 Y114.95
G0 X98.21 Y113.22
G0 X97.98 Y113.22
G1 F2123.6 X122.019 Y106.779 E1685.79065
G0 F15000 X121.79 Y106.779
G0 X121.79 Y105.049
G0 X122.02 Y105.049
G1 F2123.6 X114.951 Y97.98 E1686.2894
G0 F15000 X114.951 Y98.21
G0 X100.797 Y98.21
G0 X100.797 Y97.98
G1 F2123.6 X97.981 Y108.489 E1686.8322
G0 F15000 X98.21 Y108.489
G0 X121.79 Y111.503
G0 X122.02 Y111.503
G1 F2123.6 X119.201 Y122.02 E1687.37541
G0 F15000 X119.201 Y121.49
;MESH:NONMESH
G0 F300 X119.201 Y121.49 Z25.7
G0 F15000 X110 Y121.79
G0 X110 Y122.1
;TIME_ELAPSED:1274.018679
;LAYER:85
;note -- min layer time used
;TYPE:WALL-INNER
;MESH:Non-Layer Shifted Cube.stl
G1 F2123.6 X122.1 Y122.1 E1687.97909
G1 X122.1 Y97.9 E1689.18643
G1 X97.9 Y97.9 E1690.39377
G1 X97.9 Y122.1 E1691.60111
G1 X110 Y122.1 E1692.20479
G0 F15000 X110 Y122.5
;TYPE:WALL-OUTER
G1 F2123.6 X122.5 Y122.5 E1692.82841
G1 X122.5 Y97.5 E1694.07567
G1 X97.5 Y97.5 E1695.32292
G1 X97.5 Y122.5 E1696.57018
G1 X110 Y122.5 E1697.19381
G0 F15000 X110 Y121.79
G0 X111.502 Y121.79
G0 X111.502 Y122.02
;TYPE:FILL
G1 F2123.6 X122.019 Y119.202 E1697.73701
G0 F15000 X121.79 Y119.202
G0 X121.82 Y121.82
G0 X122.02 Y122.02
G1 F2123.6 X97.98 Y97.98 E1699.43316
G0 F15000 X98.18 Y98.18
G0 X98.21 Y100.796
G0 X97.981 Y100.796
G1 F2123.6 X108.49 Y97.98 E1699.97595
G0 F15000 X108.49 Y98.21
G0 X113.22 Y98.21
G0 X113.22 Y97.979
G1 F2123.6 X106.778 Y122.02 E1701.21768
G0 F15000 X106.778 Y121.79
G0 X105.049 Y121.79
G0 X105.049 Y122.02
G1 F2123.6 X97.98 Y114.95 E1701.71647
G0 F15000 X98.21 Y114.95
G0 X98.21 Y113.22
G0 X97.98 Y113.22
G1 F2123.6 X122.019 Y106.779 E1702.95808
G0 F15000 X121.79 Y106.779
G0 X121.79 Y105.049
G0 X122.02 Y105.049
G1 F2123.6 X114.951 Y97.98 E1703.45684
G0 F15000 X114.951 Y98.21
G0 X100.797 Y98.21
G0 X100.797 Y97.98
G1 F2123.6 X97.981 Y108.489 E1703.99963
G0 F15000 X98.21 Y108.489
G0 X121.79 Y111.503
G0 X122.02 Y111.503
G1 F2123.6 X119.201 Y122.02 E1704.54285
G0 F15000 X119.201 Y121.49
;MESH:NONMESH
G0 F300 X119.201 Y121.49 Z26
G0 F15000 X110 Y121.79
G0 X110 Y122.1
;TIME_ELAPSED:1287.062128
;LAYER:86
;note -- min layer time used
;TYPE:WALL-INNER
;MESH:Non-Layer Shifted Cube.stl
G1 F2123.6 X122.1 Y122.1 E1705.14652
G1 X122.1 Y97.9 E1706.35387
G1 X97.9 Y97.9 E1707.56121
G1 X97.9 Y122.1 E1708.76855
G1 X110 Y122.1 E1709.37222
G0 F15000 X110 Y122.5
;TYPE:WALL-OUTER
G1 F2123.6 X122.5 Y122.5 E1709.99585
G1 X122.5 Y97.5 E1711.24311
G1 X97.5 Y97.5 E1712.49036
G1 X97.5 Y122.5 E1713.73762
G1 X110 Y122.5 E1714.36124
G0 F15000 X110 Y121.79
G0 X111.502 Y121.79
G0 X111.502 Y122.02
;TYPE:FILL
G1 F2123.6 X122.019 Y119.202 E1714.90445
G0 F15000 X121.79 Y119.202
G0 X121.82 Y121.82
G0 X122.02 Y122.02
G1 F2123.6 X97.98 Y97.98 E1716.6006
G0 F15000 X98.18 Y98.18
G0 X98.21 Y100.796
G0 X97.981 Y100.796
G1 F2123.6 X108.49 Y97.98 E1717.14339
G0 F15000 X108.49 Y98.21
G0 X113.22 Y98.21
G0 X113.22 Y97.979
G1 F2123.6 X106.778 Y122.02 E1718.38512
G0 F15000 X106.778 Y121.79
G0 X105.049 Y121.79
G0 X105.049 Y122.02
G1 F2123.6 X97.98 Y114.95 E1718.88391
G0 F15000 X98.21 Y114.95
G0 X98.21 Y113.22
G0 X97.98 Y113.22
G1 F2123.6 X122.019 Y106.779 E1720.12552
G0 F15000 X121.79 Y106.779
G0 X121.79 Y105.049
G0 X122.02 Y105.049
G1 F2123.6 X114.951 Y97.98 E1720.62428
G0 F15000 X114.951 Y98.21
G0 X100.797 Y98.21
G0 X100.797 Y97.98
G1 F2123.6 X97.981 Y108.489 E1721.16707
G0 F15000 X98.21 Y108.489
G0 X121.79 Y111.503
G0 X122.02 Y111.503
G1 F2123.6 X119.201 Y122.02 E1721.71029
G0 F15000 X119.201 Y121.49
;MESH:NONMESH
G0 F300 X119.201 Y121.49 Z26.3
G0 F15000 X110 Y121.79
G0 X110 Y122.1
;TIME_ELAPSED:1300.105577
;LAYER:87
;note -- min layer time used
;TYPE:WALL-INNER
;MESH:Non-Layer Shifted Cube.stl
G1 F2123.6 X122.1 Y122.1 E1722.31396
G1 X122.1 Y97.9 E1723.5213
G1 X97.9 Y97.9 E1724.72865
G1 X97.9 Y122.1 E1725.93599
G1 X110 Y122.1 E1726.53966
G0 F15000 X110 Y122.5
;TYPE:WALL-OUTER
G1 F2123.6 X122.5 Y122.5 E1727.16329
G1 X122.5 Y97.5 E1728.41054
G1 X97.5 Y97.5 E1729.6578
G1 X97.5 Y122.5 E1730.90505
G1 X110 Y122.5 E1731.52868
G0 F15000 X110 Y121.79
G0 X111.502 Y121.79
G0 X111.502 Y122.02
;TYPE:FILL
G1 F2123.6 X122.019 Y119.202 E1732.07188
G0 F15000 X121.79 Y119.202
G0 X121.82 Y121.82
G0 X122.02 Y122.02
G1 F2123.6 X97.98 Y97.98 E1733.76804
G0 F15000 X98.18 Y98.18
G0 X98.21 Y100.796
G0 X97.981 Y100.796
G1 F2123.6 X108.49 Y97.98 E1734.31083
G0 F15000 X108.49 Y98.21
G0 X113.22 Y98.21
G0 X113.22 Y97.979
G1 F2123.6 X106.778 Y122.02 E1735.55255
G0 F15000 X106.778 Y121.79
G0 X105.049 Y121.79
G0 X105.049 Y122.02
G1 F2123.6 X97.98 Y114.95 E1736.05134
G0 F15000 X98.21 Y114.95
G0 X98.21 Y113.22
G0 X97.98 Y113.22
G1 F2123.6 X122.019 Y106.779 E1737.29296
G0 F15000 X121.79 Y106.779
G0 X121.79 Y105.049
G0 X122.02 Y105.049
G1 F2123.6 X114.951 Y97.98 E1737.79172
G0 F15000 X114.951 Y98.21
G0 X100.797 Y98.21
G0 X100.797 Y97.98
G1 F2123.6 X97.981 Y108.489 E1738.33451
G0 F15000 X98.21 Y108.489
G0 X121.79 Y111.503
G0 X122.02 Y111.503
G1 F2123.6 X119.201 Y122.02 E1738.87773
G0 F15000 X119.201 Y121.49
;MESH:NONMESH
G0 F300 X119.201 Y121.49 Z26.6
G0 F15000 X110 Y121.79
G0 X110 Y122.1
;TIME_ELAPSED:1313.149026
;LAYER:88
;note -- min layer time used
;TYPE:WALL-INNER
;MESH:Non-Layer Shifted Cube.stl
G1 F2123.6 X122.1 Y122.1 E1739.4814
G1 X122.1 Y97.9 E1740.68874
G1 X97.9 Y97.9 E1741.89608
G1 X97.9 Y122.1 E1743.10343
G1 X110 Y122.1 E1743.7071
G0 F15000 X110 Y122.5
;TYPE:WALL-OUTER
G1 F2123.6 X122.5 Y122.5 E1744.33072
G1 X122.5 Y97.5 E1745.57798
G1 X97.5 Y97.5 E1746.82523
G1 X97.5 Y122.5 E1748.07249
G1 X110 Y122.5 E1748.69612
G0 F15000 X110 Y121.79
G0 X111.502 Y121.79
G0 X111.502 Y122.02
;TYPE:FILL
G1 F2123.6 X122.019 Y119.202 E1749.23932
G0 F15000 X121.79 Y119.202
G0 X121.82 Y121.82
G0 X122.02 Y122.02
G1 F2123.6 X97.98 Y97.98 E1750.93547
G0 F15000 X98.18 Y98.18
G0 X98.21 Y100.796
G0 X97.981 Y100.796
G1 F2123.6 X108.49 Y97.98 E1751.47827
G0 F15000 X108.49 Y98.21
G0 X113.22 Y98.21
G0 X113.22 Y97.979
G1 F2123.6 X106.778 Y122.02 E1752.71999
G0 F15000 X106.778 Y121.79
G0 X105.049 Y121.79
G0 X105.049 Y122.02
G1 F2123.6 X97.98 Y114.95 E1753.21878
G0 F15000 X98.21 Y114.95
G0 X98.21 Y113.22
G0 X97.98 Y113.22
G1 F2123.6 X122.019 Y106.779 E1754.4604
G0 F15000 X121.79 Y106.779
G0 X121.79 Y105.049
G0 X122.02 Y105.049
G1 F2123.6 X114.951 Y97.98 E1754.95915
G0 F15000 X114.951 Y98.21
G0 X100.797 Y98.21
G0 X100.797 Y97.98
G1 F2123.6 X97.981 Y108.489 E1755.50195
G0 F15000 X98.21 Y108.489
G0 X121.79 Y111.503
G0 X122.02 Y111.503
G1 F2123.6 X119.201 Y122.02 E1756.04516
G0 F15000 X119.201 Y121.49
;MESH:NONMESH
G0 F300 X119.201 Y121.49 Z26.9
G0 F15000 X110 Y121.79
G0 X110 Y122.1
;TIME_ELAPSED:1326.192476
;LAYER:89
;note -- min layer time used
;TYPE:WALL-INNER
;MESH:Non-Layer Shifted Cube.stl
G1 F2123.6 X122.1 Y122.1 E1756.64883
G1 X122.1 Y97.9 E1757.85618
G1 X97.9 Y97.9 E1759.06352
G1 X97.9 Y122.1 E1760.27086
G1 X110 Y122.1 E1760.87453
G0 F15000 X110 Y122.5
;TYPE:WALL-OUTER
G1 F2123.6 X122.5 Y122.5 E1761.49816
G1 X122.5 Y97.5 E1762.74542
G1 X97.5 Y97.5 E1763.99267
G1 X97.5 Y122.5 E1765.23993
G1 X110 Y122.5 E1765.86355
G0 F15000 X110 Y121.79
G0 X111.502 Y121.79
G0 X111.502 Y122.02
;TYPE:FILL
G1 F2123.6 X122.019 Y119.202 E1766.40676
G0 F15000 X121.79 Y119.202
G0 X121.82 Y121.82
G0 X122.02 Y122.02
G1 F2123.6 X97.98 Y97.98 E1768.10291
G0 F15000 X98.18 Y98.18
G0 X98.21 Y100.796
G0 X97.981 Y100.796
G1 F2123.6 X108.49 Y97.98 E1768.6457
G0 F15000 X108.49 Y98.21
G0 X113.22 Y98.21
G0 X113.22 Y97.979
G1 F2123.6 X106.778 Y122.02 E1769.88743
G0 F15000 X106.778 Y121.79
G0 X105.049 Y121.79
G0 X105.049 Y122.02
G1 F2123.6 X97.98 Y114.95 E1770.38622
G0 F15000 X98.21 Y114.95
G0 X98.21 Y113.22
G0 X97.98 Y113.22
G1 F2123.6 X122.019 Y106.779 E1771.62783
G0 F15000 X121.79 Y106.779
G0 X121.79 Y105.049
G0 X122.02 Y105.049
G1 F2123.6 X114.951 Y97.98 E1772.12659
G0 F15000 X114.951 Y98.21
G0 X100.797 Y98.21
G0 X100.797 Y97.98
G1 F2123.6 X97.981 Y108.489 E1772.66938
G0 F15000 X98.21 Y108.489
G0 X121.79 Y111.503
G0 X122.02 Y111.503
G1 F2123.6 X119.201 Y122.02 E1773.2126
G0 F15000 X119.201 Y121.49
;MESH:NONMESH
G0 F300 X119.201 Y121.49 Z27.2
G0 F15000 X110 Y121.79
G0 X110 Y122.1
;TIME_ELAPSED:1339.235925
;LAYER:90
;note -- min layer time used
;TYPE:WALL-INNER
;MESH:Non-Layer Shifted Cube.stl
G1 F2123.6 X122.1 Y122.1 E1773.81627
G1 X122.1 Y97.9 E1775.02361
G1 X97.9 Y97.9 E1776.23096
G1 X97.9 Y122.1 E1777.4383
G1 X110 Y122.1 E1778.04197
G0 F15000 X110 Y122.5
;TYPE:WALL-OUTER
G1 F2123.6 X122.5 Y122.5 E1778.6656
G1 X122.5 Y97.5 E1779.91285
G1 X97.5 Y97.5 E1781.16011
G1 X97.5 Y122.5 E1782.40736
G1 X110 Y122.5 E1783.03099
G0 F15000 X110 Y121.79
G0 X111.502 Y121.79
G0 X111.502 Y122.02
;TYPE:FILL
G1 F2123.6 X122.019 Y119.202 E1783.5742
G0 F15000 X121.79 Y119.202
G0 X121.82 Y121.82
G0 X122.02 Y122.02
G1 F2123.6 X97.98 Y97.98 E1785.27035
G0 F15000 X98.18 Y98.18
G0 X98.21 Y100.796
G0 X97.981 Y100.796
G1 F2123.6 X108.49 Y97.98 E1785.81314
G0 F15000 X108.49 Y98.21
G0 X113.22 Y98.21
G0 X113.22 Y97.979
G1 F2123.6 X106.778 Y122.02 E1787.05486
G0 F15000 X106.778 Y121.79
G0 X105.049 Y121.79
G0 X105.049 Y122.02
G1 F2123.6 X97.98 Y114.95 E1787.55366
G0 F15000 X98.21 Y114.95
G0 X98.21 Y113.22
G0 X97.98 Y113.22
G1 F2123.6 X122.019 Y106.779 E1788.79527
G0 F15000 X121.79 Y106.779
G0 X121.79 Y105.049
G0 X122.02 Y105.049
G1 F2123.6 X114.951 Y97.98 E1789.29403
G0 F15000 X114.951 Y98.21
G0 X100.797 Y98.21
G0 X100.797 Y97.98
G1 F2123.6 X97.981 Y108.489 E1789.83682
G0 F15000 X98.21 Y108.489
G0 X121.79 Y111.503
G0 X122.02 Y111.503
G1 F2123.6 X119.201 Y122.02 E1790.38004
G0 F15000 X119.201 Y121.49
;MESH:NONMESH
G0 F300 X119.201 Y121.49 Z27.5
G0 F15000 X110 Y121.79
G0 X110 Y122.1
;TIME_ELAPSED:1352.279374
;LAYER:91
;note -- min layer time used
;TYPE:WALL-INNER
;MESH:Non-Layer Shifted Cube.stl
G1 F2123.6 X122.1 Y122.1 E1790.98371
G1 X122.1 Y97.9 E1792.19105
G1 X97.9 Y97.9 E1793.39839
G1 X97.9 Y122.1 E1794.60574
G1 X110 Y122.1 E1795.20941
G0 F15000 X110 Y122.5
;TYPE:WALL-OUTER
G1 F2123.6 X122.5 Y122.5 E1795.83304
G1 X122.5 Y97.5 E1797.08029
G1 X97.5 Y97.5 E1798.32755
G1 X97.5 Y122.5 E1799.5748
G1 X110 Y122.5 E1800.19843
G0 F15000 X110 Y121.79
G0 X111.502 Y121.79
G0 X111.502 Y122.02
;TYPE:FILL
G1 F2123.6 X122.019 Y119.202 E1800.74163
G0 F15000 X121.79 Y119.202
G0 X121.82 Y121.82
G0 X122.02 Y122.02
G1 F2123.6 X97.98 Y97.98 E1802.43778
G0 F15000 X98.18 Y98.18
G0 X98.21 Y100.796
G0 X97.981 Y100.796
G1 F2123.6 X108.49 Y97.98 E1802.98058
G0 F15000 X108.49 Y98.21
G0 X113.22 Y98.21
G0 X113.22 Y97.979
G1 F2123.6 X106.778 Y122.02 E1804.2223
G0 F15000 X106.778 Y121.79
G0 X105.049 Y121.79
G0 X105.049 Y122.02
G1 F2123.6 X97.98 Y114.95 E1804.72109
G0 F15000 X98.21 Y114.95
G0 X98.21 Y113.22
G0 X97.98 Y113.22
G1 F2123.6 X122.019 Y106.779 E1805.96271
G0 F15000 X121.79 Y106.779
G0 X121.79 Y105.049
G0 X122.02 Y105.049
G1 F2123.6 X114.951 Y97.98 E1806.46146
G0 F15000 X114.951 Y98.21
G0 X100.797 Y98.21
G0 X100.797 Y97.98
G1 F2123.6 X97.981 Y108.489 E1807.00426
G0 F15000 X98.21 Y108.489
G0 X121.79 Y111.503
G0 X122.02 Y111.503
G1 F2123.6 X119.201 Y122.02 E1807.54747
G0 F15000 X119.201 Y121.49
;MESH:NONMESH
G0 F300 X119.201 Y121.49 Z27.8
G0 F15000 X110 Y121.79
G0 X110 Y122.1
;TIME_ELAPSED:1365.322824
;LAYER:92
;note -- min layer time used
;TYPE:WALL-INNER
;MESH:Non-Layer Shifted Cube.stl
G1 F2123.6 X122.1 Y122.1 E1808.15114
G1 X122.1 Y97.9 E1809.35849
G1 X97.9 Y97.9 E1810.56583
G1 X97.9 Y122.1 E1811.77317
G1 X110 Y122.1 E1812.37685
G0 F15000 X110 Y122.5
;TYPE:WALL-OUTER
G1 F2123.6 X122.5 Y122.5 E1813.00047
G1 X122.5 Y97.5 E1814.24773
G1 X97.5 Y97.5 E1815.49498
G1 X97.5 Y122.5 E1816.74224
G1 X110 Y122.5 E1817.36587
G0 F15000 X110 Y121.79
G0 X111.502 Y121.79
G0 X111.502 Y122.02
;TYPE:FILL
G1 F2123.6 X122.019 Y119.202 E1817.90907
G0 F15000 X121.79 Y119.202
G0 X121.82 Y121.82
G0 X122.02 Y122.02
G1 F2123.6 X97.98 Y97.98 E1819.60522
G0 F15000 X98.18 Y98.18
G0 X98.21 Y100.796
G0 X97.981 Y100.796
G1 F2123.6 X108.49 Y97.98 E1820.14801
G0 F15000 X108.49 Y98.21
G0 X113.22 Y98.21
G0 X113.22 Y97.979
G1 F2123.6 X106.778 Y122.02 E1821.38974
G0 F15000 X106.778 Y121.79
G0 X105.049 Y121.79
G0 X105.049 Y122.02
G1 F2123.6 X97.98 Y114.95 E1821.88853
G0 F15000 X98.21 Y114.95
G0 X98.21 Y113.22
G0 X97.98 Y113.22
G1 F2123.6 X122.019 Y106.779 E1823.13014
G0 F15000 X121.79 Y106.779
G0 X121.79 Y105.049
G0 X122.02 Y105.049
G1 F2123.6 X114.951 Y97.98 E1823.6289
G0 F15000 X114.951 Y98.21
G0 X100.797 Y98.21
G0 X100.797 Y97.98
G1 F2123.6 X97.981 Y108.489 E1824.17169
G0 F15000 X98.21 Y108.489
G0 X121.79 Y111.503
G0 X122.02 Y111.503
G1 F2123.6 X119.201 Y122.02 E1824.71491
G0 F15000 X119.201 Y121.49
;MESH:NONMESH
G0 F300 X119.201 Y121.49 Z28.1
G0 F15000 X110 Y121.79
G0 X110 Y122.1
;TIME_ELAPSED:1378.366273
;LAYER:93
;note -- min layer time used
;TYPE:WALL-INNER
;MESH:Non-Layer Shifted Cube.stl
G1 F2123.6 X122.1 Y122.1 E1825.31858
G1 X122.1 Y97.9 E1826.52592
G1 X97.9 Y97.9 E1827.73327
G1 X97.9 Y122.1 E1828.94061
G1 X110 Y122.1 E1829.54428
G0 F15000 X110 Y122.5
;TYPE:WALL-OUTER
G1 F2123.6 X122.5 Y122.5 E1830.16791
G1 X122.5 Y97.5 E1831.41516
G1 X97.5 Y97.5 E1832.66242
G1 X97.5 Y122.5 E1833.90967
G1 X110 Y122.5 E1834.5333
G0 F15000 X110 Y121.79
G0 X111.502 Y121.79
G0 X111.502 Y122.02
;TYPE:FILL
G1 F2123.6 X122.019 Y119.202 E1835.07651
G0 F15000 X121.79 Y119.202
G0 X121.82 Y121.82
G0 X122.02 Y122.02
G1 F2123.6 X97.98 Y97.98 E1836.77266
G0 F15000 X98.18 Y98.18
G0 X98.21 Y100.796
G0 X97.981 Y100.796
G1 F2123.6 X108.49 Y97.98 E1837.31545
G0 F15000 X108.49 Y98.21
G0 X113.22 Y98.21
G0 X113.22 Y97.979
G1 F2123.6 X106.778 Y122.02 E1838.55718
G0 F15000 X106.778 Y121.79
G0 X105.049 Y121.79
G0 X105.049 Y122.02
G1 F2123.6 X97.98 Y114.95 E1839.05597
G0 F15000 X98.21 Y114.95
G0 X98.21 Y113.22
G0 X97.98 Y113.22
G1 F2123.6 X122.019 Y106.779 E1840.29758
G0 F15000 X121.79 Y106.779
G0 X121.79 Y105.049
G0 X122.02 Y105.049
G1 F2123.6 X114.951 Y97.98 E1840.79634
G0 F15000 X114.951 Y98.21
G0 X100.797 Y98.21
G0 X100.797 Y97.98
G1 F2123.6 X97.981 Y108.489 E1841.33913
G0 F15000 X98.21 Y108.489
G0 X121.79 Y111.503
G0 X122.02 Y111.503
G1 F2123.6 X119.201 Y122.02 E1841.88235
G0 F15000 X119.201 Y121.49
;MESH:NONMESH
G0 F300 X119.201 Y121.49 Z28.4
G0 F15000 X110 Y121.79
G0 X110 Y122.1
;TIME_ELAPSED:1391.409722
;LAYER:94
;note -- min layer time used
;TYPE:WALL-INNER
;MESH:Non-Layer Shifted Cube.stl
G1 F2123.6 X122.1 Y122.1 E1842.48602
G1 X122.1 Y97.9 E1843.69336
G1 X97.9 Y97.9 E1844.9007
G1 X97.9 Y122.1 E1846.10805
G1 X110 Y122.1 E1846.71172
G0 F15000 X110 Y122.5
;TYPE:WALL-OUTER
G1 F2123.6 X122.5 Y122.5 E1847.33535
G1 X122.5 Y97.5 E1848.5826
G1 X97.5 Y97.5 E1849.82986
G1 X97.5 Y122.5 E1851.07711
G1 X110 Y122.5 E1851.70074
G0 F15000 X110 Y121.79
G0 X111.502 Y121.79
G0 X111.502 Y122.02
;TYPE:FILL
G1 F2123.6 X122.019 Y119.202 E1852.24394
G0 F15000 X121.79 Y119.202
G0 X121.82 Y121.82
G0 X122.02 Y122.02
G1 F2123.6 X97.98 Y97.98 E1853.9401
G0 F15000 X98.18 Y98.18
G0 X98.21 Y100.796
G0 X97.981 Y100.796
G1 F2123.6 X108.49 Y97.98 E1854.48289
G0 F15000 X108.49 Y98.21
G0 X113.22 Y98.21
G0 X113.22 Y97.979
G1 F2123.6 X106.778 Y122.02 E1855.72461
G0 F15000 X106.778 Y121.79
G0 X105.049 Y121.79
G0 X105.049 Y122.02
G1 F2123.6 X97.98 Y114.95 E1856.2234
G0 F15000 X98.21 Y114.95
G0 X98.21 Y113.22
G0 X97.98 Y113.22
G1 F2123.6 X122.019 Y106.779 E1857.46502
G0 F15000 X121.79 Y106.779
G0 X121.79 Y105.049
G0 X122.02 Y105.049
G1 F2123.6 X114.951 Y97.98 E1857.96377
G0 F15000 X114.951 Y98.21
G0 X100.797 Y98.21
G0 X100.797 Y97.98
G1 F2123.6 X97.981 Y108.489 E1858.50657
G0 F15000 X98.21 Y108.489
G0 X121.79 Y111.503
G0 X122.02 Y111.503
G1 F2123.6 X119.201 Y122.02 E1859.04978
G0 F15000 X119.201 Y121.49
;MESH:NONMESH
G0 F300 X119.201 Y121.49 Z28.7
G0 F15000 X110 Y121.79
G0 X110 Y122.1
;TIME_ELAPSED:1404.453172
;LAYER:95
;note -- min layer time used
;TYPE:WALL-INNER
;MESH:Non-Layer Shifted Cube.stl
G1 F2123.6 X122.1 Y122.1 E1859.65346
G1 X122.1 Y97.9 E1860.8608
G1 X97.9 Y97.9 E1862.06814
G1 X97.9 Y122.1 E1863.27548
G1 X110 Y122.1 E1863.87916
G0 F15000 X110 Y122.5
;TYPE:WALL-OUTER
G1 F2123.6 X122.5 Y122.5 E1864.50278
G1 X122.5 Y97.5 E1865.75004
G1 X97.5 Y97.5 E1866.99729
G1 X97.5 Y122.5 E1868.24455
G1 X110 Y122.5 E1868.86818
G0 F15000 X110 Y121.79
G0 X111.502 Y121.79
G0 X111.502 Y122.02
;TYPE:FILL
G1 F2123.6 X122.019 Y119.202 E1869.41138
G0 F15000 X121.79 Y119.202
G0 X121.82 Y121.82
G0 X122.02 Y122.02
G1 F2123.6 X97.98 Y97.98 E1871.10753
G0 F15000 X98.18 Y98.18
G0 X98.21 Y100.796
G0 X97.981 Y100.796
G1 F2123.6 X108.49 Y97.98 E1871.65033
G0 F15000 X108.49 Y98.21
G0 X113.22 Y98.21
G0 X113.22 Y97.979
G1 F2123.6 X106.778 Y122.02 E1872.89205
G0 F15000 X106.778 Y121.79
G0 X105.049 Y121.79
G0 X105.049 Y122.02
G1 F2123.6 X97.98 Y114.95 E1873.39084
G0 F15000 X98.21 Y114.95
G0 X98.21 Y113.22
G0 X97.98 Y113.22
G1 F2123.6 X122.019 Y106.779 E1874.63246
G0 F15000 X121.79 Y106.779
G0 X121.79 Y105.049
G0 X122.02 Y105.049
G1 F2123.6 X114.951 Y97.98 E1875.13121
G0 F15000 X114.951 Y98.21
G0 X100.797 Y98.21
G0 X100.797 Y97.98
G1 F2123.6 X97.981 Y108.489 E1875.674
G0 F15000 X98.21 Y108.489
G0 X121.79 Y111.503
G0 X122.02 Y111.503
G1 F2123.6 X119.201 Y122.02 E1876.21722
G0 F15000 X119.201 Y121.49
;MESH:NONMESH
G0 F300 X119.201 Y121.49 Z29
G0 F15000 X110 Y121.79
G0 X110 Y122.1
;TIME_ELAPSED:1417.496621
;LAYER:96
;note -- min layer time used
;TYPE:WALL-INNER
;MESH:Non-Layer Shifted Cube.stl
G1 F2123.6 X122.1 Y122.1 E1876.82089
G1 X122.1 Y97.9 E1878.02824
G1 X97.9 Y97.9 E1879.23558
G1 X97.9 Y122.1 E1880.44292
G1 X110 Y122.1 E1881.04659
G0 F15000 X110 Y122.5
;TYPE:WALL-OUTER
G1 F2123.6 X122.5 Y122.5 E1881.67022
G1 X122.5 Y97.5 E1882.91748
G1 X97.5 Y97.5 E1884.16473
G1 X97.5 Y122.5 E1885.41199
G1 X110 Y122.5 E1886.03561
G0 F15000 X110 Y121.79
G0 X111.502 Y121.79
G0 X111.502 Y122.02
;TYPE:FILL
G1 F2123.6 X122.019 Y119.202 E1886.57882
G0 F15000 X121.79 Y119.202
G0 X121.82 Y121.82
G0 X122.02 Y122.02
G1 F2123.6 X97.98 Y97.98 E1888.27497
G0 F15000 X98.18 Y98.18
G0 X98.21 Y100.796
G0 X97.981 Y100.796
G1 F2123.6 X108.49 Y97.98 E1888.81776
G0 F15000 X108.49 Y98.21
G0 X113.22 Y98.21
G0 X113.22 Y97.979
G1 F2123.6 X106.778 Y122.02 E1890.05949
G0 F15000 X106.778 Y121.79
G0 X105.049 Y121.79
G0 X105.049 Y122.02
G1 F2123.6 X97.98 Y114.95 E1890.55828
G0 F15000 X98.21 Y114.95
G0 X98.21 Y113.22
G0 X97.98 Y113.22
G1 F2123.6 X122.019 Y106.779 E1891.79989
G0 F15000 X121.79 Y106.779
G0 X121.79 Y105.049
G0 X122.02 Y105.049
G1 F2123.6 X114.951 Y97.98 E1892.29865
G0 F15000 X114.951 Y98.21
G0 X100.797 Y98.21
G0 X100.797 Y97.98
G1 F2123.6 X97.981 Y108.489 E1892.84144
G0 F15000 X98.21 Y108.489
G0 X121.79 Y111.503
G0 X122.02 Y111.503
G1 F2123.6 X119.201 Y122.02 E1893.38466
G0 F15000 X119.201 Y121.49
;MESH:NONMESH
G0 F300 X119.201 Y121.49 Z29.3
G0 F15000 X110 Y121.79
G0 X110 Y122.1
;TIME_ELAPSED:1430.540070
;LAYER:97
;note -- min layer time used
;TYPE:WALL-INNER
;MESH:Non-Layer Shifted Cube.stl
G1 F2123.6 X122.1 Y122.1 E1893.98833
G1 X122.1 Y97.9 E1895.19567
G1 X97.9 Y97.9 E1896.40302
G1 X97.9 Y122.1 E1897.61036
G1 X110 Y122.1 E1898.21403
G0 F15000 X110 Y122.5
;TYPE:WALL-OUTER
G1 F2123.6 X122.5 Y122.5 E1898.83766
G1 X122.5 Y97.5 E1900.08491
G1 X97.5 Y97.5 E1901.33217
G1 X97.5 Y122.5 E1902.57942
G1 X110 Y122.5 E1903.20305
G0 F15000 X110 Y121.79
G0 X111.502 Y121.79
G0 X111.502 Y122.02
;TYPE:FILL
G1 F2123.6 X122.019 Y119.202 E1903.74625
G0 F15000 X121.79 Y119.202
G0 X121.82 Y121.82
G0 X122.02 Y122.02
G1 F2123.6 X97.98 Y97.98 E1905.44241
G0 F15000 X98.18 Y98.18
G0 X98.21 Y100.796
G0 X97.981 Y100.796
G1 F2123.6 X108.49 Y97.98 E1905.9852
G0 F15000 X108.49 Y98.21
G0 X113.22 Y98.21
G0 X113.22 Y97.979
G1 F2123.6 X106.778 Y122.02 E1907.22692
G0 F15000 X106.778 Y121.79
G0 X105.049 Y121.79
G0 X105.049 Y122.02
G1 F2123.6 X97.98 Y114.95 E1907.72572
G0 F15000 X98.21 Y114.95
G0 X98.21 Y113.22
G0 X97.98 Y113.22
G1 F2123.6 X122.019 Y106.779 E1908.96733
G0 F15000 X121.79 Y106.779
G0 X121.79 Y105.049
G0 X122.02 Y105.049
G1 F2123.6 X114.951 Y97.98 E1909.46609
G0 F15000 X114.951 Y98.21
G0 X100.797 Y98.21
G0 X100.797 Y97.98
G1 F2123.6 X97.981 Y108.489 E1910.00888
G0 F15000 X98.21 Y108.489
G0 X121.79 Y111.503
G0 X122.02 Y111.503
G1 F2123.6 X119.201 Y122.02 E1910.5521
G0 F15000 X119.201 Y121.49
;MESH:NONMESH
G0 F300 X119.201 Y121.49 Z29.6
G0 F15000 X110 Y121.79
G0 X110 Y122.1
;TIME_ELAPSED:1443.583519
;LAYER:98
;note -- min layer time used
;TYPE:WALL-INNER
;MESH:Non-Layer Shifted Cube.stl
G1 F2123.6 X122.1 Y122.1 E1911.15577
G1 X122.1 Y97.9 E1912.36311
G1 X97.9 Y97.9 E1913.57045
G1 X97.9 Y122.1 E1914.7778
G1 X110 Y122.1 E1915.38147
G0 F15000 X110 Y122.5
;TYPE:WALL-OUTER
G1 F2123.6 X122.5 Y122.5 E1916.00509
G1 X122.5 Y97.5 E1917.25235
G1 X97.5 Y97.5 E1918.49961
G1 X97.5 Y122.5 E1919.74686
G1 X110 Y122.5 E1920.37049
G0 F15000 X110 Y121.79
G0 X111.502 Y121.79
G0 X111.502 Y122.02
;TYPE:FILL
G1 F2123.6 X122.019 Y119.202 E1920.91369
G0 F15000 X121.79 Y119.202
G0 X121.82 Y121.82
G0 X122.02 Y122.02
G1 F2123.6 X97.98 Y97.98 E1922.60984
G0 F15000 X98.18 Y98.18
G0 X98.21 Y100.796
G0 X97.981 Y100.796
G1 F2123.6 X108.49 Y97.98 E1923.15264
G0 F15000 X108.49 Y98.21
G0 X113.22 Y98.21
G0 X113.22 Y97.979
G1 F2123.6 X106.778 Y122.02 E1924.39436
G0 F15000 X106.778 Y121.79
G0 X105.049 Y121.79
G0 X105.049 Y122.02
G1 F2123.6 X97.98 Y114.95 E1924.89315
G0 F15000 X98.21 Y114.95
G0 X98.21 Y113.22
G0 X97.98 Y113.22
G1 F2123.6 X122.019 Y106.779 E1926.13477
G0 F15000 X121.79 Y106.779
G0 X121.79 Y105.049
G0 X122.02 Y105.049
G1 F2123.6 X114.951 Y97.98 E1926.63352
G0 F15000 X114.951 Y98.21
G0 X100.797 Y98.21
G0 X100.797 Y97.98
G1 F2123.6 X97.981 Y108.489 E1927.17632
G0 F15000 X98.21 Y108.489
G0 X121.79 Y111.503
G0 X122.02 Y111.503
G1 F2123.6 X119.201 Y122.02 E1927.71953
G0 F15000 X119.201 Y121.49
;MESH:NONMESH
G0 F300 X119.201 Y121.49 Z29.9
G0 F15000 X110 Y121.79
G0 X110 Y122.1
;TIME_ELAPSED:1456.626969
;LAYER:99
;note -- min layer time used
;TYPE:WALL-INNER
;MESH:Non-Layer Shifted Cube.stl
G1 F2123.6 X122.1 Y122.1 E1928.3232
G1 X122.1 Y97.9 E1929.53055
G1 X97.9 Y97.9 E1930.73789
G1 X97.9 Y122.1 E1931.94523
G1 X110 Y122.1 E1932.5489
G0 F15000 X110 Y122.5
;TYPE:WALL-OUTER
G1 F2123.6 X122.5 Y122.5 E1933.17253
G1 X122.5 Y97.5 E1934.41979
G1 X97.5 Y97.5 E1935.66704
G1 X97.5 Y122.5 E1936.9143
G1 X110 Y122.5 E1937.53792
G0 F15000 X110 Y121.79
G0 X111.502 Y121.79
G0 X111.502 Y122.02
;TYPE:FILL
G1 F2123.6 X122.019 Y119.202 E1938.08113
G0 F15000 X121.79 Y119.202
G0 X121.82 Y121.82
G0 X122.02 Y122.02
G1 F2123.6 X97.98 Y97.98 E1939.77728
G0 F15000 X98.18 Y98.18
G0 X98.21 Y100.796
G0 X97.981 Y100.796
G1 F2123.6 X108.49 Y97.98 E1940.32007
G0 F15000 X108.49 Y98.21
G0 X113.22 Y98.21
G0 X113.22 Y97.979
G1 F2123.6 X106.778 Y122.02 E1941.5618
G0 F15000 X106.778 Y121.79
G0 X105.049 Y121.79
G0 X105.049 Y122.02
G1 F2123.6 X97.98 Y114.95 E1942.06059
G0 F15000 X98.21 Y114.95
G0 X98.21 Y113.22
G0 X97.98 Y113.22
G1 F2123.6 X122.019 Y106.779 E1943.3022
G0 F15000 X121.79 Y106.779
G0 X121.79 Y105.049
G0 X122.02 Y105.049
G1 F2123.6 X114.951 Y97.98 E1943.80096
G0 F15000 X114.951 Y98.21
G0 X100.797 Y98.21
G0 X100.797 Y97.98
G1 F2123.6 X97.981 Y108.489 E1944.34375
G0 F15000 X98.21 Y108.489
G0 X121.79 Y111.503
G0 X122.02 Y111.503
G1 F2123.6 X119.201 Y122.02 E1944.88697
G0 F15000 X119.201 Y121.49
;MESH:NONMESH
G0 F300 X119.201 Y121.49 Z30.2
G0 F15000 X110 Y121.79
G0 X110 Y122.1
;TIME_ELAPSED:1469.670418
;LAYER:100
;note -- min layer time used
;TYPE:WALL-INNER
;MESH:Non-Layer Shifted Cube.stl
G1 F2123.6 X122.1 Y122.1 E1945.49064
G1 X122.1 Y97.9 E1946.69798
G1 X97.9 Y97.9 E1947.90533
G1 X97.9 Y122.1 E1949.11267
G1 X110 Y122.1 E1949.71634
G0 F15000 X110 Y122.5
;TYPE:WALL-OUTER
G1 F2123.6 X122.5 Y122.5 E1950.33997
G1 X122.5 Y97.5 E1951.58722
G1 X97.5 Y97.5 E1952.83448
G1 X97.5 Y122.5 E1954.08173
G1 X110 Y122.5 E1954.70536
G0 F15000 X110 Y121.79
G0 X111.502 Y121.79
G0 X111.502 Y122.02
;TYPE:FILL
G1 F2123.6 X122.019 Y119.202 E1955.24857
G0 F15000 X121.79 Y119.202
G0 X121.82 Y121.82
G0 X122.02 Y122.02
G1 F2123.6 X97.98 Y97.98 E1956.94472
G0 F15000 X98.18 Y98.18
G0 X98.21 Y100.796
G0 X97.981 Y100.796
G1 F2123.6 X108.49 Y97.98 E1957.48751
G0 F15000 X108.49 Y98.21
G0 X113.22 Y98.21
G0 X113.22 Y97.979
G1 F2123.6 X106.778 Y122.02 E1958.72923
G0 F15000 X106.778 Y121.79
G0 X105.049 Y121.79
G0 X105.049 Y122.02
G1 F2123.6 X97.98 Y114.95 E1959.22803
G0 F15000 X98.21 Y114.95
G0 X98.21 Y113.22
G0 X97.98 Y113.22
G1 F2123.6 X122.019 Y106.779 E1960.46964
G0 F15000 X121.79 Y106.779
G0 X121.79 Y105.049
G0 X122.02 Y105.049
G1 F2123.6 X114.951 Y97.98 E1960.9684
G0 F15000 X114.951 Y98.21
G0 X100.797 Y98.21
G0 X100.797 Y97.98
G1 F2123.6 X97.981 Y108.489 E1961.51119
G0 F15000 X98.21 Y108.489
G0 X121.79 Y111.503
G0 X122.02 Y111.503
G1 F2123.6 X119.201 Y122.02 E1962.05441
G0 F15000 X119.201 Y121.49
;MESH:NONMESH
G0 F300 X119.201 Y121.49 Z30.5
G0 F15000 X110 Y121.79
G0 X110 Y122.1
;TIME_ELAPSED:1482.713867
;LAYER:101
;note -- min layer time used
;TYPE:WALL-INNER
;MESH:Non-Layer Shifted Cube.stl
G1 F2123.6 X122.1 Y122.1 E1962.65808
G1 X122.1 Y97.9 E1963.86542
G1 X97.9 Y97.9 E1965.07276
G1 X97.9 Y122.1 E1966.28011
G1 X110 Y122.1 E1966.88378
G0 F15000 X110 Y122.5
;TYPE:WALL-OUTER
G1 F2123.6 X122.5 Y122.5 E1967.50741
G1 X122.5 Y97.5 E1968.75466
G1 X97.5 Y97.5 E1970.00192
G1 X97.5 Y122.5 E1971.24917
G1 X110 Y122.5 E1971.8728
G0 F15000 X110 Y121.79
G0 X111.502 Y121.79
G0 X111.502 Y122.02
;TYPE:FILL
G1 F2123.6 X122.019 Y119.202 E1972.416
G0 F15000 X121.79 Y119.202
G0 X121.82 Y121.82
G0 X122.02 Y122.02
G1 F2123.6 X97.98 Y97.98 E1974.11215
G0 F15000 X98.18 Y98.18
G0 X98.21 Y100.796
G0 X97.981 Y100.796
G1 F2123.6 X108.49 Y97.98 E1974.65495
G0 F15000 X108.49 Y98.21
G0 X113.22 Y98.21
G0 X113.22 Y97.979
G1 F2123.6 X106.778 Y122.02 E1975.89667
G0 F15000 X106.778 Y121.79
G0 X105.049 Y121.79
G0 X105.049 Y122.02
G1 F2123.6 X97.98 Y114.95 E1976.39546
G0 F15000 X98.21 Y114.95
G0 X98.21 Y113.22
G0 X97.98 Y113.22
G1 F2123.6 X122.019 Y106.779 E1977.63708
G0 F15000 X121.79 Y106.779
G0 X121.79 Y105.049
G0 X122.02 Y105.049
G1 F2123.6 X114.951 Y97.98 E1978.13583
G0 F15000 X114.951 Y98.21
G0 X100.797 Y98.21
G0 X100.797 Y97.98
G1 F2123.6 X97.981 Y108.489 E1978.67863
G0 F15000 X98.21 Y108.489
G0 X121.79 Y111.503
G0 X122.02 Y111.503
G1 F2123.6 X119.201 Y122.02 E1979.22184
G0 F15000 X119.201 Y121.49
;MESH:NONMESH
G0 F300 X119.201 Y121.49 Z30.8
G0 F15000 X110 Y121.79
G0 X110 Y122.1
;TIME_ELAPSED:1495.757317
;LAYER:102
;note -- min layer time used
;TYPE:WALL-INNER
;MESH:Non-Layer Shifted Cube.stl
G1 F2123.6 X122.1 Y122.1 E1979.82552
G1 X122.1 Y97.9 E1981.03286
G1 X97.9 Y97.9 E1982.2402
G1 X97.9 Y122.1 E1983.44754
G1 X110 Y122.1 E1984.05122
G0 F15000 X110 Y122.5
;TYPE:WALL-OUTER
G1 F2123.6 X122.5 Y122.5 E1984.67484
G1 X122.5 Y97.5 E1985.9221
G1 X97.5 Y97.5 E1987.16935
G1 X97.5 Y122.5 E1988.41661
G1 X110 Y122.5 E1989.04024
G0 F15000 X110 Y121.79
G0 X111.502 Y121.79
G0 X111.502 Y122.02
;TYPE:FILL
G1 F2123.6 X122.019 Y119.202 E1989.58344
G0 F15000 X121.79 Y119.202
G0 X121.82 Y121.82
G0 X122.02 Y122.02
G1 F2123.6 X97.98 Y97.98 E1991.27959
G0 F15000 X98.18 Y98.18
G0 X98.21 Y100.796
G0 X97.981 Y100.796
G1 F2123.6 X108.49 Y97.98 E1991.82238
G0 F15000 X108.49 Y98.21
G0 X113.22 Y98.21
G0 X113.22 Y97.979
G1 F2123.6 X106.778 Y122.02 E1993.06411
G0 F15000 X106.778 Y121.79
G0 X105.049 Y121.79
G0 X105.049 Y122.02
G1 F2123.6 X97.98 Y114.95 E1993.5629
G0 F15000 X98.21 Y114.95
G0 X98.21 Y113.22
G0 X97.98 Y113.22
G1 F2123.6 X122.019 Y106.779 E1994.80451
G0 F15000 X121.79 Y106.779
G0 X121.79 Y105.049
G0 X122.02 Y105.049
G1 F2123.6 X114.951 Y97.98 E1995.30327
G0 F15000 X114.951 Y98.21
G0 X100.797 Y98.21
G0 X100.797 Y97.98
G1 F2123.6 X97.981 Y108.489 E1995.84606
G0 F15000 X98.21 Y108.489
G0 X121.79 Y111.503
G0 X122.02 Y111.503
G1 F2123.6 X119.201 Y122.02 E1996.38928
G0 F15000 X119.201 Y121.49
;MESH:NONMESH
G0 F300 X119.201 Y121.49 Z31.1
G0 F15000 X110 Y121.79
G0 X110 Y122.1
;TIME_ELAPSED:1508.800766
;LAYER:103
;note -- min layer time used
;TYPE:WALL-INNER
;MESH:Non-Layer Shifted Cube.stl
G1 F2123.6 X122.1 Y122.1 E1996.99295
G1 X122.1 Y97.9 E1998.2003
G1 X97.9 Y97.9 E1999.40764
G1 X97.9 Y122.1 E2000.61498
G1 X110 Y122.1 E2001.21865
G0 F15000 X110 Y122.5
;TYPE:WALL-OUTER
G1 F2123.6 X122.5 Y122.5 E2001.84228
G1 X122.5 Y97.5 E2003.08954
G1 X97.5 Y97.5 E2004.33679
G1 X97.5 Y122.5 E2005.58405
G1 X110 Y122.5 E2006.20767
G0 F15000 X110 Y121.79
G0 X111.502 Y121.79
G0 X111.502 Y122.02
;TYPE:FILL
G1 F2123.6 X122.019 Y119.202 E2006.75088
G0 F15000 X121.79 Y119.202
G0 X121.82 Y121.82
G0 X122.02 Y122.02
G1 F2123.6 X97.98 Y97.98 E2008.44703
G0 F15000 X98.18 Y98.18
G0 X98.21 Y100.796
G0 X97.981 Y100.796
G1 F2123.6 X108.49 Y97.98 E2008.98982
G0 F15000 X108.49 Y98.21
G0 X113.22 Y98.21
G0 X113.22 Y97.979
G1 F2123.6 X106.778 Y122.02 E2010.23155
G0 F15000 X106.778 Y121.79
G0 X105.049 Y121.79
G0 X105.049 Y122.02
G1 F2123.6 X97.98 Y114.95 E2010.73034
G0 F15000 X98.21 Y114.95
G0 X98.21 Y113.22
G0 X97.98 Y113.22
G1 F2123.6 X122.019 Y106.779 E2011.97195
G0 F15000 X121.79 Y106.779
G0 X121.79 Y105.049
G0 X122.02 Y105.049
G1 F2123.6 X114.951 Y97.98 E2012.47071
G0 F15000 X114.951 Y98.21
G0 X100.797 Y98.21
G0 X100.797 Y97.98
G1 F2123.6 X97.981 Y108.489 E2013.0135
G0 F15000 X98.21 Y108.489
G0 X121.79 Y111.503
G0 X122.02 Y111.503
G1 F2123.6 X119.201 Y122.02 E2013.55672
G0 F15000 X119.201 Y121.49
;MESH:NONMESH
G0 F300 X119.201 Y121.49 Z31.4
G0 F15000 X110 Y121.79
G0 X110 Y122.1
;TIME_ELAPSED:1521.844215
;LAYER:104
;note -- min layer time used
;TYPE:WALL-INNER
;MESH:Non-Layer Shifted Cube.stl
G1 F2123.6 X122.1 Y122.1 E2014.16039
G1 X122.1 Y97.9 E2015.36773
G1 X97.9 Y97.9 E2016.57508
G1 X97.9 Y122.1 E2017.78242
G1 X110 Y122.1 E2018.38609
G0 F15000 X110 Y122.5
;TYPE:WALL-OUTER
G1 F2123.6 X122.5 Y122.5 E2019.00972
G1 X122.5 Y97.5 E2020.25697
G1 X97.5 Y97.5 E2021.50423
G1 X97.5 Y122.5 E2022.75148
G1 X110 Y122.5 E2023.37511
G0 F15000 X110 Y121.79
G0 X111.502 Y121.79
G0 X111.502 Y122.02
;TYPE:FILL
G1 F2123.6 X122.019 Y119.202 E2023.91831
G0 F15000 X121.79 Y119.202
G0 X121.82 Y121.82
G0 X122.02 Y122.02
G1 F2123.6 X97.98 Y97.98 E2025.61447
G0 F15000 X98.18 Y98.18
G0 X98.21 Y100.796
G0 X97.981 Y100.796
G1 F2123.6 X108.49 Y97.98 E2026.15726
G0 F15000 X108.49 Y98.21
G0 X113.22 Y98.21
G0 X113.22 Y97.979
G1 F2123.6 X106.778 Y122.02 E2027.39898
G0 F15000 X106.778 Y121.79
G0 X105.049 Y121.79
G0 X105.049 Y122.02
G1 F2123.6 X97.98 Y114.95 E2027.89777
G0 F15000 X98.21 Y114.95
G0 X98.21 Y113.22
G0 X97.98 Y113.22
G1 F2123.6 X122.019 Y106.779 E2029.13939
G0 F15000 X121.79 Y106.779
G0 X121.79 Y105.049
G0 X122.02 Y105.049
G1 F2123.6 X114.951 Y97.98 E2029.63815
G0 F15000 X114.951 Y98.21
G0 X100.797 Y98.21
G0 X100.797 Y97.98
G1 F2123.6 X97.981 Y108.489 E2030.18094
G0 F15000 X98.21 Y108.489
G0 X121.79 Y111.503
G0 X122.02 Y111.503
G1 F2123.6 X119.201 Y122.02 E2030.72416
G0 F15000 X119.201 Y121.49
;MESH:NONMESH
G0 F300 X119.201 Y121.49 Z31.7
G0 F15000 X110 Y121.79
G0 X110 Y122.1
;TIME_ELAPSED:1534.887665
;LAYER:105
;note -- min layer time used
;TYPE:WALL-INNER
;MESH:Non-Layer Shifted Cube.stl
G1 F2123.6 X122.1 Y122.1 E2031.32783
G1 X122.1 Y97.9 E2032.53517
G1 X97.9 Y97.9 E2033.74251
G1 X97.9 Y122.1 E2034.94986
G1 X110 Y122.1 E2035.55353
G0 F15000 X110 Y122.5
;TYPE:WALL-OUTER
G1 F2123.6 X122.5 Y122.5 E2036.17715
G1 X122.5 Y97.5 E2037.42441
G1 X97.5 Y97.5 E2038.67166
G1 X97.5 Y122.5 E2039.91892
G1 X110 Y122.5 E2040.54255
G0 F15000 X110 Y121.79
G0 X111.502 Y121.79
G0 X111.502 Y122.02
;TYPE:FILL
G1 F2123.6 X122.019 Y119.202 E2041.08575
G0 F15000 X121.79 Y119.202
G0 X121.82 Y121.82
G0 X122.02 Y122.02
G1 F2123.6 X97.98 Y97.98 E2042.7819
G0 F15000 X98.18 Y98.18
G0 X98.21 Y100.796
G0 X97.981 Y100.796
G1 F2123.6 X108.49 Y97.98 E2043.3247
G0 F15000 X108.49 Y98.21
G0 X113.22 Y98.21
G0 X113.22 Y97.979
G1 F2123.6 X106.778 Y122.02 E2044.56642
G0 F15000 X106.778 Y121.79
G0 X105.049 Y121.79
G0 X105.049 Y122.02
G1 F2123.6 X97.98 Y114.95 E2045.06521
G0 F15000 X98.21 Y114.95
G0 X98.21 Y113.22
G0 X97.98 Y113.22
G1 F2123.6 X122.019 Y106.779 E2046.30683
G0 F15000 X121.79 Y106.779
G0 X121.79 Y105.049
G0 X122.02 Y105.049
G1 F2123.6 X114.951 Y97.98 E2046.80558
G0 F15000 X114.951 Y98.21
G0 X100.797 Y98.21
G0 X100.797 Y97.98
G1 F2123.6 X97.981 Y108.489 E2047.34838
G0 F15000 X98.21 Y108.489
G0 X121.79 Y111.503
G0 X122.02 Y111.503
G1 F2123.6 X119.201 Y122.02 E2047.89159
G0 F15000 X119.201 Y121.49
;MESH:NONMESH
G0 F300 X119.201 Y121.49 Z32
G0 F15000 X110 Y121.79
G0 X110 Y122.1
;TIME_ELAPSED:1547.931114
;LAYER:106
;note -- min layer time used
;TYPE:WALL-INNER
;MESH:Non-Layer Shifted Cube.stl
G1 F2123.6 X122.1 Y122.1 E2048.49526
G1 X122.1 Y97.9 E2049.70261
G1 X97.9 Y97.9 E2050.90995
G1 X97.9 Y122.1 E2052.11729
G1 X110 Y122.1 E2052.72096
G0 F15000 X110 Y122.5
;TYPE:WALL-OUTER
G1 F2123.6 X122.5 Y122.5 E2053.34459
G1 X122.5 Y97.5 E2054.59185
G1 X97.5 Y97.5 E2055.8391
G1 X97.5 Y122.5 E2057.08636
G1 X110 Y122.5 E2057.70998
G0 F15000 X110 Y121.79
G0 X111.502 Y121.79
G0 X111.502 Y122.02
;TYPE:FILL
G1 F2123.6 X122.019 Y119.202 E2058.25319
G0 F15000 X121.79 Y119.202
G0 X121.82 Y121.82
G0 X122.02 Y122.02
G1 F2123.6 X97.98 Y97.98 E2059.94934
G0 F15000 X98.18 Y98.18
G0 X98.21 Y100.796
G0 X97.981 Y100.796
G1 F2123.6 X108.49 Y97.98 E2060.49213
G0 F15000 X108.49 Y98.21
G0 X113.22 Y98.21
G0 X113.22 Y97.979
G1 F2123.6 X106.778 Y122.02 E2061.73386
G0 F15000 X106.778 Y121.79
G0 X105.049 Y121.79
G0 X105.049 Y122.02
G1 F2123.6 X97.98 Y114.95 E2062.23265
G0 F15000 X98.21 Y114.95
G0 X98.21 Y113.22
G0 X97.98 Y113.22
G1 F2123.6 X122.019 Y106.779 E2063.47426
G0 F15000 X121.79 Y106.779
G0 X121.79 Y105.049
G0 X122.02 Y105.049
G1 F2123.6 X114.951 Y97.98 E2063.97302
G0 F15000 X114.951 Y98.21
G0 X100.797 Y98.21
G0 X100.797 Y97.98
G1 F2123.6 X97.981 Y108.489 E2064.51581
G0 F15000 X98.21 Y108.489
G0 X121.79 Y111.503
G0 X122.02 Y111.503
G1 F2123.6 X119.201 Y122.02 E2065.05903
G0 F15000 X119.201 Y121.49
;MESH:NONMESH
G0 F300 X119.201 Y121.49 Z32.3
G0 F15000 X110 Y121.79
G0 X110 Y122.1
;TIME_ELAPSED:1560.974563
;LAYER:107
;note -- min layer time used
;TYPE:WALL-INNER
;MESH:Non-Layer Shifted Cube.stl
G1 F2123.6 X122.1 Y122.1 E2065.6627
G1 X122.1 Y97.9 E2066.87004
G1 X97.9 Y97.9 E2068.07739
G1 X97.9 Y122.1 E2069.28473
G1 X110 Y122.1 E2069.8884
G0 F15000 X110 Y122.5
;TYPE:WALL-OUTER
G1 F2123.6 X122.5 Y122.5 E2070.51203
G1 X122.5 Y97.5 E2071.75928
G1 X97.5 Y97.5 E2073.00654
G1 X97.5 Y122.5 E2074.25379
G1 X110 Y122.5 E2074.87742
G0 F15000 X110 Y121.79
G0 X111.502 Y121.79
G0 X111.502 Y122.02
;TYPE:FILL
G1 F2123.6 X122.019 Y119.202 E2075.42063
G0 F15000 X121.79 Y119.202
G0 X121.82 Y121.82
G0 X122.02 Y122.02
G1 F2123.6 X97.98 Y97.98 E2077.11678
G0 F15000 X98.18 Y98.18
G0 X98.21 Y100.796
G0 X97.981 Y100.796
G1 F2123.6 X108.49 Y97.98 E2077.65957
G0 F15000 X108.49 Y98.21
G0 X113.22 Y98.21
G0 X113.22 Y97.979
G1 F2123.6 X106.778 Y122.02 E2078.90129
G0 F15000 X106.778 Y121.79
G0 X105.049 Y121.79
G0 X105.049 Y122.02
G1 F2123.6 X97.98 Y114.95 E2079.40009
G0 F15000 X98.21 Y114.95
G0 X98.21 Y113.22
G0 X97.98 Y113.22
G1 F2123.6 X122.019 Y106.779 E2080.6417
G0 F15000 X121.79 Y106.779
G0 X121.79 Y105.049
G0 X122.02 Y105.049
G1 F2123.6 X114.951 Y97.98 E2081.14046
G0 F15000 X114.951 Y98.21
G0 X100.797 Y98.21
G0 X100.797 Y97.98
G1 F2123.6 X97.981 Y108.489 E2081.68325
G0 F15000 X98.21 Y108.489
G0 X121.79 Y111.503
G0 X122.02 Y111.503
G1 F2123.6 X119.201 Y122.02 E2082.22647
G0 F15000 X119.201 Y121.49
;MESH:NONMESH
G0 F300 X119.201 Y121.49 Z32.6
G0 F15000 X110 Y121.79
G0 X110 Y122.1
;TIME_ELAPSED:1574.018012
;LAYER:108
;note -- min layer time used
;TYPE:WALL-INNER
;MESH:Non-Layer Shifted Cube.stl
G1 F2123.6 X122.1 Y122.1 E2082.83014
G1 X122.1 Y97.9 E2084.03748
G1 X97.9 Y97.9 E2085.24482
G1 X97.9 Y122.1 E2086.45217
G1 X110 Y122.1 E2087.05584
G0 F15000 X110 Y122.5
;TYPE:WALL-OUTER
G1 F2123.6 X122.5 Y122.5 E2087.67947
G1 X122.5 Y97.5 E2088.92672
G1 X97.5 Y97.5 E2090.17398
G1 X97.5 Y122.5 E2091.42123
G1 X110 Y122.5 E2092.04486
G0 F15000 X110 Y121.79
G0 X111.502 Y121.79
G0 X111.502 Y122.02
;TYPE:FILL
G1 F2123.6 X122.019 Y119.202 E2092.58806
G0 F15000 X121.79 Y119.202
G0 X121.82 Y121.82
G0 X122.02 Y122.02
G1 F2123.6 X97.98 Y97.98 E2094.28421
G0 F15000 X98.18 Y98.18
G0 X98.21 Y100.796
G0 X97.981 Y100.796
G1 F2123.6 X108.49 Y97.98 E2094.82701
G0 F15000 X108.49 Y98.21
G0 X113.22 Y98.21
G0 X113.22 Y97.979
G1 F2123.6 X106.778 Y122.02 E2096.06873
G0 F15000 X106.778 Y121.79
G0 X105.049 Y121.79
G0 X105.049 Y122.02
G1 F2123.6 X97.98 Y114.95 E2096.56752
G0 F15000 X98.21 Y114.95
G0 X98.21 Y113.22
G0 X97.98 Y113.22
G1 F2123.6 X122.019 Y106.779 E2097.80914
G0 F15000 X121.79 Y106.779
G0 X121.79 Y105.049
G0 X122.02 Y105.049
G1 F2123.6 X114.951 Y97.98 E2098.30789
G0 F15000 X114.951 Y98.21
G0 X100.797 Y98.21
G0 X100.797 Y97.98
G1 F2123.6 X97.981 Y108.489 E2098.85069
G0 F15000 X98.21 Y108.489
G0 X121.79 Y111.503
G0 X122.02 Y111.503
G1 F2123.6 X119.201 Y122.02 E2099.3939
G0 F15000 X119.201 Y121.49
;MESH:NONMESH
G0 F300 X119.201 Y121.49 Z32.9
G0 F15000 X110 Y121.79
G0 X110 Y122.1
;TIME_ELAPSED:1587.061462
;LAYER:109
;note -- min layer time used
;TYPE:WALL-INNER
;MESH:Non-Layer Shifted Cube.stl
G1 F2123.6 X122.1 Y122.1 E2099.99757
G1 X122.1 Y97.9 E2101.20492
G1 X97.9 Y97.9 E2102.41226
G1 X97.9 Y122.1 E2103.6196
G1 X110 Y122.1 E2104.22328
G0 F15000 X110 Y122.5
;TYPE:WALL-OUTER
G1 F2123.6 X122.5 Y122.5 E2104.8469
G1 X122.5 Y97.5 E2106.09416
G1 X97.5 Y97.5 E2107.34141
G1 X97.5 Y122.5 E2108.58867
G1 X110 Y122.5 E2109.2123
G0 F15000 X110 Y121.79
G0 X111.502 Y121.79
G0 X111.502 Y122.02
;TYPE:FILL
G1 F2123.6 X122.019 Y119.202 E2109.7555
G0 F15000 X121.79 Y119.202
G0 X121.82 Y121.82
G0 X122.02 Y122.02
G1 F2123.6 X97.98 Y97.98 E2111.45165
G0 F15000 X98.18 Y98.18
G0 X98.21 Y100.796
G0 X97.981 Y100.796
G1 F2123.6 X108.49 Y97.98 E2111.99444
G0 F15000 X108.49 Y98.21
G0 X113.22 Y98.21
G0 X113.22 Y97.979
G1 F2123.6 X106.778 Y122.02 E2113.23617
G0 F15000 X106.778 Y121.79
G0 X105.049 Y121.79
G0 X105.049 Y122.02
G1 F2123.6 X97.98 Y114.95 E2113.73496
G0 F15000 X98.21 Y114.95
G0 X98.21 Y113.22
G0 X97.98 Y113.22
G1 F2123.6 X122.019 Y106.779 E2114.97657
G0 F15000 X121.79 Y106.779
G0 X121.79 Y105.049
G0 X122.02 Y105.049
G1 F2123.6 X114.951 Y97.98 E2115.47533
G0 F15000 X114.951 Y98.21
G0 X100.797 Y98.21
G0 X100.797 Y97.98
G1 F2123.6 X97.981 Y108.489 E2116.01812
G0 F15000 X98.21 Y108.489
G0 X121.79 Y111.503
G0 X122.02 Y111.503
G1 F2123.6 X119.201 Y122.02 E2116.56134
G0 F15000 X119.201 Y121.49
;MESH:NONMESH
G0 F300 X119.201 Y121.49 Z33.2
G0 F15000 X110 Y121.79
G0 X110 Y122.1
;TIME_ELAPSED:1600.104911
;LAYER:110
;note -- min layer time used
;TYPE:WALL-INNER
;MESH:Non-Layer Shifted Cube.stl
G1 F2123.6 X122.1 Y122.1 E2117.16501
G1 X122.1 Y97.9 E2118.37235
G1 X97.9 Y97.9 E2119.5797
G1 X97.9 Y122.1 E2120.78704
G1 X110 Y122.1 E2121.39071
G0 F15000 X110 Y122.5
;TYPE:WALL-OUTER
G1 F2123.6 X122.5 Y122.5 E2122.01434
G1 X122.5 Y97.5 E2123.26159
G1 X97.5 Y97.5 E2124.50885
G1 X97.5 Y122.5 E2125.7561
G1 X110 Y122.5 E2126.37973
G0 F15000 X110 Y121.79
G0 X111.502 Y121.79
G0 X111.502 Y122.02
;TYPE:FILL
G1 F2123.6 X122.019 Y119.202 E2126.92294
G0 F15000 X121.79 Y119.202
G0 X121.82 Y121.82
G0 X122.02 Y122.02
G1 F2123.6 X97.98 Y97.98 E2128.61909
G0 F15000 X98.18 Y98.18
G0 X98.21 Y100.796
G0 X97.981 Y100.796
G1 F2123.6 X108.49 Y97.98 E2129.16188
G0 F15000 X108.49 Y98.21
G0 X113.22 Y98.21
G0 X113.22 Y97.979
G1 F2123.6 X106.778 Y122.02 E2130.40361
G0 F15000 X106.778 Y121.79
G0 X105.049 Y121.79
G0 X105.049 Y122.02
G1 F2123.6 X97.98 Y114.95 E2130.9024
G0 F15000 X98.21 Y114.95
G0 X98.21 Y113.22
G0 X97.98 Y113.22
G1 F2123.6 X122.019 Y106.779 E2132.14401
G0 F15000 X121.79 Y106.779
G0 X121.79 Y105.049
G0 X122.02 Y105.049
G1 F2123.6 X114.951 Y97.98 E2132.64277
G0 F15000 X114.951 Y98.21
G0 X100.797 Y98.21
G0 X100.797 Y97.98
G1 F2123.6 X97.981 Y108.489 E2133.18556
G0 F15000 X98.21 Y108.489
G0 X121.79 Y111.503
G0 X122.02 Y111.503
G1 F2123.6 X119.201 Y122.02 E2133.72878
G0 F15000 X119.201 Y121.49
;MESH:NONMESH
G0 F300 X119.201 Y121.49 Z33.5
G0 F15000 X110 Y121.79
G0 X110 Y122.1
;TIME_ELAPSED:1613.148360
;LAYER:111
;note -- min layer time used
;TYPE:WALL-INNER
;MESH:Non-Layer Shifted Cube.stl
G1 F2123.6 X122.1 Y122.1 E2134.33245
G1 X122.1 Y97.9 E2135.53979
G1 X97.9 Y97.9 E2136.74713
G1 X97.9 Y122.1 E2137.95448
G1 X110 Y122.1 E2138.55815
G0 F15000 X110 Y122.5
;TYPE:WALL-OUTER
G1 F2123.6 X122.5 Y122.5 E2139.18178
G1 X122.5 Y97.5 E2140.42903
G1 X97.5 Y97.5 E2141.67629
G1 X97.5 Y122.5 E2142.92354
G1 X110 Y122.5 E2143.54717
G0 F15000 X110 Y121.79
G0 X111.502 Y121.79
G0 X111.502 Y122.02
;TYPE:FILL
G1 F2123.6 X122.019 Y119.202 E2144.09037
G0 F15000 X121.79 Y119.202
G0 X121.82 Y121.82
G0 X122.02 Y122.02
G1 F2123.6 X97.98 Y97.98 E2145.78653
G0 F15000 X98.18 Y98.18
G0 X98.21 Y100.796
G0 X97.981 Y100.796
G1 F2123.6 X108.49 Y97.98 E2146.32932
G0 F15000 X108.49 Y98.21
G0 X113.22 Y98.21
G0 X113.22 Y97.979
G1 F2123.6 X106.778 Y122.02 E2147.57104
G0 F15000 X106.778 Y121.79
G0 X105.049 Y121.79
G0 X105.049 Y122.02
G1 F2123.6 X97.98 Y114.95 E2148.06983
G0 F15000 X98.21 Y114.95
G0 X98.21 Y113.22
G0 X97.98 Y113.22
G1 F2123.6 X122.019 Y106.779 E2149.31145
G0 F15000 X121.79 Y106.779
G0 X121.79 Y105.049
G0 X122.02 Y105.049
G1 F2123.6 X114.951 Y97.98 E2149.8102
G0 F15000 X114.951 Y98.21
G0 X100.797 Y98.21
G0 X100.797 Y97.98
G1 F2123.6 X97.981 Y108.489 E2150.353
G0 F15000 X98.21 Y108.489
G0 X121.79 Y111.503
G0 X122.02 Y111.503
G1 F2123.6 X119.201 Y122.02 E2150.89621
G0 F15000 X119.201 Y121.49
;MESH:NONMESH
G0 F300 X119.201 Y121.49 Z33.8
G0 F15000 X110 Y121.79
G0 X110 Y122.1
;TIME_ELAPSED:1626.191810
;LAYER:112
;note -- min layer time used
;TYPE:WALL-INNER
;MESH:Non-Layer Shifted Cube.stl
G1 F2123.6 X122.1 Y122.1 E2151.49989
G1 X122.1 Y97.9 E2152.70723
G1 X97.9 Y97.9 E2153.91457
G1 X97.9 Y122.1 E2155.12191
G1 X110 Y122.1 E2155.72559
G0 F15000 X110 Y122.5
;TYPE:WALL-OUTER
G1 F2123.6 X122.5 Y122.5 E2156.34921
G1 X122.5 Y97.5 E2157.59647
G1 X97.5 Y97.5 E2158.84372
G1 X97.5 Y122.5 E2160.09098
G1 X110 Y122.5 E2160.71461
G0 F15000 X110 Y121.79
G0 X111.502 Y121.79
G0 X111.502 Y122.02
;TYPE:FILL
G1 F2123.6 X122.019 Y119.202 E2161.25781
G0 F15000 X121.79 Y119.202
G0 X121.82 Y121.82
G0 X122.02 Y122.02
G1 F2123.6 X97.98 Y97.98 E2162.95396
G0 F15000 X98.18 Y98.18
G0 X98.21 Y100.796
G0 X97.981 Y100.796
G1 F2123.6 X108.49 Y97.98 E2163.49676
G0 F15000 X108.49 Y98.21
G0 X113.22 Y98.21
G0 X113.22 Y97.979
G1 F2123.6 X106.778 Y122.02 E2164.73848
G0 F15000 X106.778 Y121.79
G0 X105.049 Y121.79
G0 X105.049 Y122.02
G1 F2123.6 X97.98 Y114.95 E2165.23727
G0 F15000 X98.21 Y114.95
G0 X98.21 Y113.22
G0 X97.98 Y113.22
G1 F2123.6 X122.019 Y106.779 E2166.47889
G0 F15000 X121.79 Y106.779
G0 X121.79 Y105.049
G0 X122.02 Y105.049
G1 F2123.6 X114.951 Y97.98 E2166.97764
G0 F15000 X114.951 Y98.21
G0 X100.797 Y98.21
G0 X100.797 Y97.98
G1 F2123.6 X97.981 Y108.489 E2167.52043
G0 F15000 X98.21 Y108.489
G0 X121.79 Y111.503
G0 X122.02 Y111.503
G1 F2123.6 X119.201 Y122.02 E2168.06365
G0 F15000 X119.201 Y121.49
;MESH:NONMESH
G0 F300 X119.201 Y121.49 Z34.1
G0 F15000 X110 Y121.79
G0 X110 Y122.1
;TIME_ELAPSED:1639.235259
;LAYER:113
;note -- min layer time used
;TYPE:WALL-INNER
;MESH:Non-Layer Shifted Cube.stl
G1 F2123.6 X122.1 Y122.1 E2168.66732
G1 X122.1 Y97.9 E2169.87467
G1 X97.9 Y97.9 E2171.08201
G1 X97.9 Y122.1 E2172.28935
G1 X110 Y122.1 E2172.89302
G0 F15000 X110 Y122.5
;TYPE:WALL-OUTER
G1 F2123.6 X122.5 Y122.5 E2173.51665
G1 X122.5 Y97.5 E2174.76391
G1 X97.5 Y97.5 E2176.01116
G1 X97.5 Y122.5 E2177.25842
G1 X110 Y122.5 E2177.88204
G0 F15000 X110 Y121.79
G0 X111.502 Y121.79
G0 X111.502 Y122.02
;TYPE:FILL
G1 F2123.6 X122.019 Y119.202 E2178.42525
G0 F15000 X121.79 Y119.202
G0 X121.82 Y121.82
G0 X122.02 Y122.02
G1 F2123.6 X97.98 Y97.98 E2180.1214
G0 F15000 X98.18 Y98.18
G0 X98.21 Y100.796
G0 X97.981 Y100.796
G1 F2123.6 X108.49 Y97.98 E2180.66419
G0 F15000 X108.49 Y98.21
G0 X113.22 Y98.21
G0 X113.22 Y97.979
G1 F2123.6 X106.778 Y122.02 E2181.90592
G0 F15000 X106.778 Y121.79
G0 X105.049 Y121.79
G0 X105.049 Y122.02
G1 F2123.6 X97.98 Y114.95 E2182.40471
G0 F15000 X98.21 Y114.95
G0 X98.21 Y113.22
G0 X97.98 Y113.22
G1 F2123.6 X122.019 Y106.779 E2183.64632
G0 F15000 X121.79 Y106.779
G0 X121.79 Y105.049
G0 X122.02 Y105.049
G1 F2123.6 X114.951 Y97.98 E2184.14508
G0 F15000 X114.951 Y98.21
G0 X100.797 Y98.21
G0 X100.797 Y97.98
G1 F2123.6 X97.981 Y108.489 E2184.68787
G0 F15000 X98.21 Y108.489
G0 X121.79 Y111.503
G0 X122.02 Y111.503
G1 F2123.6 X119.201 Y122.02 E2185.23109
G0 F15000 X119.201 Y121.49
;MESH:NONMESH
G0 F300 X119.201 Y121.49 Z34.4
G0 F15000 X110 Y121.79
G0 X110 Y122.1
;TIME_ELAPSED:1652.278708
;LAYER:114
;note -- min layer time used
;TYPE:WALL-INNER
;MESH:Non-Layer Shifted Cube.stl
G1 F2123.6 X122.1 Y122.1 E2185.83476
G1 X122.1 Y97.9 E2187.0421
G1 X97.9 Y97.9 E2188.24945
G1 X97.9 Y122.1 E2189.45679
G1 X110 Y122.1 E2190.06046
G0 F15000 X110 Y122.5
;TYPE:WALL-OUTER
G1 F2123.6 X122.5 Y122.5 E2190.68409
G1 X122.5 Y97.5 E2191.93134
G1 X97.5 Y97.5 E2193.1786
G1 X97.5 Y122.5 E2194.42585
G1 X110 Y122.5 E2195.04948
G0 F15000 X110 Y121.79
G0 X111.502 Y121.79
G0 X111.502 Y122.02
;TYPE:FILL
G1 F2123.6 X122.019 Y119.202 E2195.59268
G0 F15000 X121.79 Y119.202
G0 X121.82 Y121.82
G0 X122.02 Y122.02
G1 F2123.6 X97.98 Y97.98 E2197.28884
G0 F15000 X98.18 Y98.18
G0 X98.21 Y100.796
G0 X97.981 Y100.796
G1 F2123.6 X108.49 Y97.98 E2197.83163
G0 F15000 X108.49 Y98.21
G0 X113.22 Y98.21
G0 X113.22 Y97.979
G1 F2123.6 X106.778 Y122.02 E2199.07335
G0 F15000 X106.778 Y121.79
G0 X105.049 Y121.79
G0 X105.049 Y122.02
G1 F2123.6 X97.98 Y114.95 E2199.57215
G0 F15000 X98.21 Y114.95
G0 X98.21 Y113.22
G0 X97.98 Y113.22
G1 F2123.6 X122.019 Y106.779 E2200.81376
G0 F15000 X121.79 Y106.779
G0 X121.79 Y105.049
G0 X122.02 Y105.049
G1 F2123.6 X114.951 Y97.98 E2201.31252
G0 F15000 X114.951 Y98.21
G0 X100.797 Y98.21
G0 X100.797 Y97.98
G1 F2123.6 X97.981 Y108.489 E2201.85531
G0 F15000 X98.21 Y108.489
G0 X121.79 Y111.503
G0 X122.02 Y111.503
G1 F2123.6 X119.201 Y122.02 E2202.39853
G0 F15000 X119.201 Y121.49
;MESH:NONMESH
G0 F300 X119.201 Y121.49 Z34.7
G0 F15000 X110 Y121.79
G0 X110 Y122.1
;TIME_ELAPSED:1665.322158
;LAYER:115
;note -- min layer time used
;TYPE:WALL-INNER
;MESH:Non-Layer Shifted Cube.stl
G1 F2123.6 X122.1 Y122.1 E2203.0022
G1 X122.1 Y97.9 E2204.20954
G1 X97.9 Y97.9 E2205.41688
G1 X97.9 Y122.1 E2206.62423
G1 X110 Y122.1 E2207.2279
G0 F15000 X110 Y122.5
;TYPE:WALL-OUTER
G1 F2123.6 X122.5 Y122.5 E2207.85152
G1 X122.5 Y97.5 E2209.09878
G1 X97.5 Y97.5 E2210.34604
G1 X97.5 Y122.5 E2211.59329
G1 X110 Y122.5 E2212.21692
G0 F15000 X110 Y121.79
G0 X111.502 Y121.79
G0 X111.502 Y122.02
;TYPE:FILL
G1 F2123.6 X122.019 Y119.202 E2212.76012
G0 F15000 X121.79 Y119.202
G0 X121.82 Y121.82
G0 X122.02 Y122.02
G1 F2123.6 X97.98 Y97.98 E2214.45627
G0 F15000 X98.18 Y98.18
G0 X98.21 Y100.796
G0 X97.981 Y100.796
G1 F2123.6 X108.49 Y97.98 E2214.99907
G0 F15000 X108.49 Y98.21
G0 X113.22 Y98.21
G0 X113.22 Y97.979
G1 F2123.6 X106.778 Y122.02 E2216.24079
G0 F15000 X106.778 Y121.79
G0 X105.049 Y121.79
G0 X105.049 Y122.02
G1 F2123.6 X97.98 Y114.95 E2216.73958
G0 F15000 X98.21 Y114.95
G0 X98.21 Y113.22
G0 X97.98 Y113.22
G1 F2123.6 X122.019 Y106.779 E2217.9812
G0 F15000 X121.79 Y106.779
G0 X121.79 Y105.049
G0 X122.02 Y105.049
G1 F2123.6 X114.951 Y97.98 E2218.47995
G0 F15000 X114.951 Y98.21
G0 X100.797 Y98.21
G0 X100.797 Y97.98
G1 F2123.6 X97.981 Y108.489 E2219.02275
G0 F15000 X98.21 Y108.489
G0 X121.79 Y111.503
G0 X122.02 Y111.503
G1 F2123.6 X119.201 Y122.02 E2219.56596
G0 F15000 X119.201 Y121.49
;MESH:NONMESH
G0 F300 X119.201 Y121.49 Z35
G0 F15000 X110 Y121.79
G0 X110 Y122.1
;TIME_ELAPSED:1678.365607
;LAYER:116
;note -- min layer time used
;TYPE:WALL-INNER
;MESH:Non-Layer Shifted Cube.stl
G1 F2123.6 X122.1 Y122.1 E2220.16963
G1 X122.1 Y97.9 E2221.37698
G1 X97.9 Y97.9 E2222.58432
G1 X97.9 Y122.1 E2223.79166
G1 X110 Y122.1 E2224.39533
G0 F15000 X110 Y122.5
;TYPE:WALL-OUTER
G1 F2123.6 X122.5 Y122.5 E2225.01896
G1 X122.5 Y97.5 E2226.26622
G1 X97.5 Y97.5 E2227.51347
G1 X97.5 Y122.5 E2228.76073
G1 X110 Y122.5 E2229.38435
G0 F15000 X110 Y121.79
G0 X111.502 Y121.79
G0 X111.502 Y122.02
;TYPE:FILL
G1 F2123.6 X122.019 Y119.202 E2229.92756
G0 F15000 X121.79 Y119.202
G0 X121.82 Y121.82
G0 X122.02 Y122.02
G1 F2123.6 X97.98 Y97.98 E2231.62371
G0 F15000 X98.18 Y98.18
G0 X98.21 Y100.796
G0 X97.981 Y100.796
G1 F2123.6 X108.49 Y97.98 E2232.1665
G0 F15000 X108.49 Y98.21
G0 X113.22 Y98.21
G0 X113.22 Y97.979
G1 F2123.6 X106.778 Y122.02 E2233.40823
G0 F15000 X106.778 Y121.79
G0 X105.049 Y121.79
G0 X105.049 Y122.02
G1 F2123.6 X97.98 Y114.95 E2233.90702
G0 F15000 X98.21 Y114.95
G0 X98.21 Y113.22
G0 X97.98 Y113.22
G1 F2123.6 X122.019 Y106.779 E2235.14863
G0 F15000 X121.79 Y106.779
G0 X121.79 Y105.049
G0 X122.02 Y105.049
G1 F2123.6 X114.951 Y97.98 E2235.64739
G0 F15000 X114.951 Y98.21
G0 X100.797 Y98.21
G0 X100.797 Y97.98
G1 F2123.6 X97.981 Y108.489 E2236.19018
G0 F15000 X98.21 Y108.489
G0 X121.79 Y111.503
G0 X122.02 Y111.503
G1 F2123.6 X119.201 Y122.02 E2236.7334
G0 F15000 X119.201 Y121.49
;MESH:NONMESH
G0 F300 X119.201 Y121.49 Z35.3
G0 F15000 X110 Y121.79
G0 X110 Y122.1
;TIME_ELAPSED:1691.409056
;LAYER:117
;note -- min layer time used
;TYPE:WALL-INNER
;MESH:Non-Layer Shifted Cube.stl
G1 F2123.6 X122.1 Y122.1 E2237.33707
G1 X122.1 Y97.9 E2238.54441
G1 X97.9 Y97.9 E2239.75176
G1 X97.9 Y122.1 E2240.9591
G1 X110 Y122.1 E2241.56277
G0 F15000 X110 Y122.5
;TYPE:WALL-OUTER
G1 F2123.6 X122.5 Y122.5 E2242.1864
G1 X122.5 Y97.5 E2243.43365
G1 X97.5 Y97.5 E2244.68091
G1 X97.5 Y122.5 E2245.92816
G1 X110 Y122.5 E2246.55179
G0 F15000 X110 Y121.79
G0 X111.502 Y121.79
G0 X111.502 Y122.02
;TYPE:FILL
G1 F2123.6 X122.019 Y119.202 E2247.095
G0 F15000 X121.79 Y119.202
G0 X121.82 Y121.82
G0 X122.02 Y122.02
G1 F2123.6 X97.98 Y97.98 E2248.79115
G0 F15000 X98.18 Y98.18
G0 X98.21 Y100.796
G0 X97.981 Y100.796
G1 F2123.6 X108.49 Y97.98 E2249.33394
G0 F15000 X108.49 Y98.21
G0 X113.22 Y98.21
G0 X113.22 Y97.979
G1 F2123.6 X106.778 Y122.02 E2250.57566
G0 F15000 X106.778 Y121.79
G0 X105.049 Y121.79
G0 X105.049 Y122.02
G1 F2123.6 X97.98 Y114.95 E2251.07446
G0 F15000 X98.21 Y114.95
G0 X98.21 Y113.22
G0 X97.98 Y113.22
G1 F2123.6 X122.019 Y106.779 E2252.31607
G0 F15000 X121.79 Y106.779
G0 X121.79 Y105.049
G0 X122.02 Y105.049
G1 F2123.6 X114.951 Y97.98 E2252.81483
G0 F15000 X114.951 Y98.21
G0 X100.797 Y98.21
G0 X100.797 Y97.98
G1 F2123.6 X97.981 Y108.489 E2253.35762
G0 F15000 X98.21 Y108.489
G0 X121.79 Y111.503
G0 X122.02 Y111.503
G1 F2123.6 X119.201 Y122.02 E2253.90084
G0 F15000 X119.201 Y121.49
;MESH:NONMESH
G0 F300 X119.201 Y121.49 Z35.6
G0 F15000 X110 Y121.79
G0 X110 Y122.1
;TIME_ELAPSED:1704.452505
;LAYER:118
;note -- min layer time used
;TYPE:WALL-INNER
;MESH:Non-Layer Shifted Cube.stl
G1 F2123.6 X122.1 Y122.1 E2254.50451
G1 X122.1 Y97.9 E2255.71185
G1 X97.9 Y97.9 E2256.91919
G1 X97.9 Y122.1 E2258.12654
G1 X110 Y122.1 E2258.73021
G0 F15000 X110 Y122.5
;TYPE:WALL-OUTER
G1 F2123.6 X122.5 Y122.5 E2259.35384
G1 X122.5 Y97.5 E2260.60109
G1 X97.5 Y97.5 E2261.84835
G1 X97.5 Y122.5 E2263.0956
G1 X110 Y122.5 E2263.71923
G0 F15000 X110 Y121.79
G0 X111.502 Y121.79
G0 X111.502 Y122.02
;TYPE:FILL
G1 F2123.6 X122.019 Y119.202 E2264.26243
G0 F15000 X121.79 Y119.202
G0 X121.82 Y121.82
G0 X122.02 Y122.02
G1 F2123.6 X97.98 Y97.98 E2265.95858
G0 F15000 X98.18 Y98.18
G0 X98.21 Y100.796
G0 X97.981 Y100.796
G1 F2123.6 X108.49 Y97.98 E2266.50138
G0 F15000 X108.49 Y98.21
G0 X113.22 Y98.21
G0 X113.22 Y97.979
G1 F2123.6 X106.778 Y122.02 E2267.7431
G0 F15000 X106.778 Y121.79
G0 X105.049 Y121.79
G0 X105.049 Y122.02
G1 F2123.6 X97.98 Y114.95 E2268.24189
G0 F15000 X98.21 Y114.95
G0 X98.21 Y113.22
G0 X97.98 Y113.22
G1 F2123.6 X122.019 Y106.779 E2269.48351
G0 F15000 X121.79 Y106.779
G0 X121.79 Y105.049
G0 X122.02 Y105.049
G1 F2123.6 X114.951 Y97.98 E2269.98226
G0 F15000 X114.951 Y98.21
G0 X100.797 Y98.21
G0 X100.797 Y97.98
G1 F2123.6 X97.981 Y108.489 E2270.52506
G0 F15000 X98.21 Y108.489
G0 X121.79 Y111.503
G0 X122.02 Y111.503
G1 F2123.6 X119.201 Y122.02 E2271.06827
G0 F15000 X119.201 Y121.49
;MESH:NONMESH
G0 F300 X119.201 Y121.49 Z35.9
G0 F15000 X110 Y121.79
G0 X110 Y122.1
;TIME_ELAPSED:1717.495955
;LAYER:119
;note -- min layer time used
;TYPE:WALL-INNER
;MESH:Non-Layer Shifted Cube.stl
G1 F2123.6 X122.1 Y122.1 E2271.67195
G1 X122.1 Y97.9 E2272.87929
G1 X97.9 Y97.9 E2274.08663
G1 X97.9 Y122.1 E2275.29397
G1 X110 Y122.1 E2275.89765
G0 F15000 X110 Y122.5
;TYPE:WALL-OUTER
G1 F2123.6 X122.5 Y122.5 E2276.52127
G1 X122.5 Y97.5 E2277.76853
G1 X97.5 Y97.5 E2279.01578
G1 X97.5 Y122.5 E2280.26304
G1 X110 Y122.5 E2280.88667
G0 F15000 X110 Y121.79
G0 X111.502 Y121.79
G0 X111.502 Y122.02
;TYPE:FILL
G1 F2123.6 X122.019 Y119.202 E2281.42987
G0 F15000 X121.79 Y119.202
G0 X121.82 Y121.82
G0 X122.02 Y122.02
G1 F2123.6 X97.98 Y97.98 E2283.12602
G0 F15000 X98.18 Y98.18
G0 X98.21 Y100.796
G0 X97.981 Y100.796
G1 F2123.6 X108.49 Y97.98 E2283.66881
G0 F15000 X108.49 Y98.21
G0 X113.22 Y98.21
G0 X113.22 Y97.979
G1 F2123.6 X106.778 Y122.02 E2284.91054
G0 F15000 X106.778 Y121.79
G0 X105.049 Y121.79
G0 X105.049 Y122.02
G1 F2123.6 X97.98 Y114.95 E2285.40933
G0 F15000 X98.21 Y114.95
G0 X98.21 Y113.22
G0 X97.98 Y113.22
G1 F2123.6 X122.019 Y106.779 E2286.65094
G0 F15000 X121.79 Y106.779
G0 X121.79 Y105.049
G0 X122.02 Y105.049
G1 F2123.6 X114.951 Y97.98 E2287.1497
G0 F15000 X114.951 Y98.21
G0 X100.797 Y98.21
G0 X100.797 Y97.98
G1 F2123.6 X97.981 Y108.489 E2287.69249
G0 F15000 X98.21 Y108.489
G0 X121.79 Y111.503
G0 X122.02 Y111.503
G1 F2123.6 X119.201 Y122.02 E2288.23571
G0 F15000 X119.201 Y121.49
;MESH:NONMESH
G0 F300 X119.201 Y121.49 Z36.2
G0 F15000 X110 Y121.79
G0 X110 Y122.1
;TIME_ELAPSED:1730.539404
;LAYER:120
;note -- min layer time used
;TYPE:WALL-INNER
;MESH:Non-Layer Shifted Cube.stl
G1 F2123.6 X122.1 Y122.1 E2288.83938
G1 X122.1 Y97.9 E2290.04673
G1 X97.9 Y97.9 E2291.25407
G1 X97.9 Y122.1 E2292.46141
G1 X110 Y122.1 E2293.06508
G0 F15000 X110 Y122.5
;TYPE:WALL-OUTER
G1 F2123.6 X122.5 Y122.5 E2293.68871
G1 X122.5 Y97.5 E2294.93597
G1 X97.5 Y97.5 E2296.18322
G1 X97.5 Y122.5 E2297.43048
G1 X110 Y122.5 E2298.0541
G0 F15000 X110 Y121.79
G0 X111.502 Y121.79
G0 X111.502 Y122.02
;TYPE:FILL
G1 F2123.6 X122.019 Y119.202 E2298.59731
G0 F15000 X121.79 Y119.202
G0 X121.82 Y121.82
G0 X122.02 Y122.02
G1 F2123.6 X97.98 Y97.98 E2300.29346
G0 F15000 X98.18 Y98.18
G0 X98.21 Y100.796
G0 X97.981 Y100.796
G1 F2123.6 X108.49 Y97.98 E2300.83625
G0 F15000 X108.49 Y98.21
G0 X113.22 Y98.21
G0 X113.22 Y97.979
G1 F2123.6 X106.778 Y122.02 E2302.07798
G0 F15000 X106.778 Y121.79
G0 X105.049 Y121.79
G0 X105.049 Y122.02
G1 F2123.6 X97.98 Y114.95 E2302.57677
G0 F15000 X98.21 Y114.95
G0 X98.21 Y113.22
G0 X97.98 Y113.22
G1 F2123.6 X122.019 Y106.779 E2303.81838
G0 F15000 X121.79 Y106.779
G0 X121.79 Y105.049
G0 X122.02 Y105.049
G1 F2123.6 X114.951 Y97.98 E2304.31714
G0 F15000 X114.951 Y98.21
G0 X100.797 Y98.21
G0 X100.797 Y97.98
G1 F2123.6 X97.981 Y108.489 E2304.85993
G0 F15000 X98.21 Y108.489
G0 X121.79 Y111.503
G0 X122.02 Y111.503
G1 F2123.6 X119.201 Y122.02 E2305.40315
G0 F15000 X119.201 Y121.49
;MESH:NONMESH
G0 F300 X119.201 Y121.49 Z36.5
G0 F15000 X110 Y121.79
G0 X110 Y122.1
;TIME_ELAPSED:1743.582853
;LAYER:121
;note -- min layer time used
;TYPE:WALL-INNER
;MESH:Non-Layer Shifted Cube.stl
G1 F2123.6 X122.1 Y122.1 E2306.00682
G1 X122.1 Y97.9 E2307.21416
G1 X97.9 Y97.9 E2308.42151
G1 X97.9 Y122.1 E2309.62885
G1 X110 Y122.1 E2310.23252
G0 F15000 X110 Y122.5
;TYPE:WALL-OUTER
G1 F2123.6 X122.5 Y122.5 E2310.85615
G1 X122.5 Y97.5 E2312.1034
G1 X97.5 Y97.5 E2313.35066
G1 X97.5 Y122.5 E2314.59791
G1 X110 Y122.5 E2315.22154
G0 F15000 X110 Y121.79
G0 X111.502 Y121.79
G0 X111.502 Y122.02
;TYPE:FILL
G1 F2123.6 X122.019 Y119.202 E2315.76474
G0 F15000 X121.79 Y119.202
G0 X121.82 Y121.82
G0 X122.02 Y122.02
G1 F2123.6 X97.98 Y97.98 E2317.4609
G0 F15000 X98.18 Y98.18
G0 X98.21 Y100.796
G0 X97.981 Y100.796
G1 F2123.6 X108.49 Y97.98 E2318.00369
G0 F15000 X108.49 Y98.21
G0 X113.22 Y98.21
G0 X113.22 Y97.979
G1 F2123.6 X106.778 Y122.02 E2319.24541
G0 F15000 X106.778 Y121.79
G0 X105.049 Y121.79
G0 X105.049 Y122.02
G1 F2123.6 X97.98 Y114.95 E2319.7442
G0 F15000 X98.21 Y114.95
G0 X98.21 Y113.22
G0 X97.98 Y113.22
G1 F2123.6 X122.019 Y106.779 E2320.98582
G0 F15000 X121.79 Y106.779
G0 X121.79 Y105.049
G0 X122.02 Y105.049
G1 F2123.6 X114.951 Y97.98 E2321.48458
G0 F15000 X114.951 Y98.21
G0 X100.797 Y98.21
G0 X100.797 Y97.98
G1 F2123.6 X97.981 Y108.489 E2322.02737
G0 F15000 X98.21 Y108.489
G0 X121.79 Y111.503
G0 X122.02 Y111.503
G1 F2123.6 X119.201 Y122.02 E2322.57059
G0 F15000 X119.201 Y121.49
;MESH:NONMESH
G0 F300 X119.201 Y121.49 Z36.8
G0 F15000 X110 Y121.79
G0 X110 Y122.1
;TIME_ELAPSED:1756.626303
;LAYER:122
;note -- min layer time used
;TYPE:WALL-INNER
;MESH:Non-Layer Shifted Cube.stl
G1 F3529.8 X122.1 Y122.1 E2323.17426
G1 X122.1 Y97.9 E2324.3816
G1 X97.9 Y97.9 E2325.58894
G1 X97.9 Y122.1 E2326.79629
G1 X110 Y122.1 E2327.39996
G0 F15000 X110 Y122.5
;TYPE:WALL-OUTER
G1 F3529.8 X122.5 Y122.5 E2328.02358
G1 X122.5 Y97.5 E2329.27084
G1 X97.5 Y97.5 E2330.51809
G1 X97.5 Y122.5 E2331.76535
G1 X110 Y122.5 E2332.38898
G0 F15000 X110 Y121.79
G0 X111.502 Y121.79
G0 X111.502 Y122.02
;TYPE:FILL
G1 F3529.8 X114.563 Y121.2 E2332.54708
G1 X106.998 Y121.2 E2332.9245
G1 X106.778 Y122.02 E2332.96685
G0 F15000 X106.997 Y121.2
G0 X105.049 Y121.79
G0 X105.049 Y122.02
G1 F3529.8 X104.23 Y121.2 E2333.02467
G1 X104.29 Y121.261
G1 X98.1 Y121.426 E2333.3336
G0 F15000 X98.1 Y121.026
G1 F3529.8 X103.9 Y120.871 E2333.62307
G0 F15000 X103.121 Y120.092
G1 F3529.8 X98.1 Y120.226 E2333.87366
G0 F15000 X98.1 Y119.826
G1 F3529.8 X102.731 Y119.702 E2334.10478
G0 F15000 X101.952 Y118.923
G1 F3529.8 X98.1 Y119.026 E2334.29703
G0 F15000 X98.1 Y118.625
G1 F3529.8 X101.562 Y118.533 E2334.46981
G0 F15000 X101.172 Y118.143
G1 F3529.8 X98.101 Y118.225 E2334.62307
G0 F15000 X98.1 Y117.425
G1 F3529.8 X100.392 Y117.364 E2334.73746
G0 F15000 X100.003 Y116.974
G1 F3529.8 X98.101 Y117.025 E2334.83239
G0 F15000 X98.1 Y116.225
G1 F3529.8 X99.224 Y116.195 E2334.88849
G0 F15000 X98.23 Y115.2
G1 F3529.8 X104.23 Y121.2 E2335.31182
G1 X106.997 Y121.2 E2335.44986
G1 X108.605 Y115.2 E2335.75977
G1 X98.23 Y115.2 E2336.27738
G1 X97.98 Y114.95 E2336.29502
G1 X98.1 Y114.8
G1 X108.712 Y114.8 E2336.82445
G0 F15000 X108.605 Y115.2
G1 F3529.8 X112.999 Y98.8 E2337.67151
G1 X105.428 Y98.8 E2338.04923
G1 X100.578 Y98.8 E2338.2912
G1 X100.797 Y97.98 E2338.33354
G0 F15000 X100.578 Y98.8
G0 X98.801 Y98.8
G0 X98.18 Y98.18
G0 X97.98 Y97.98
G1 F3529.8 X98.8 Y98.801 E2338.39143
G1 X98.8 Y100.577 E2338.48004
G1 X105.43 Y98.8 E2338.82248
G1 X105.428 Y98.8
G1 X108.49 Y97.98 E2338.98063
G0 F15000 X108.49 Y98.21
G0 X112.999 Y98.8
G1 F3529.8 X113.22 Y97.979 E2339.02305
G0 F15000 X113.6 Y98.1
G1 F3529.8 X113.6 Y109.036 E2339.56865
G0 F15000 X114 Y108.928
G1 F3529.8 X114 Y98.1 E2340.10886
G0 F15000 X114.8 Y98.1
G1 F3529.8 X114.8 Y108.714 E2340.63839
G0 F15000 X115.2 Y108.607
G1 F3529.8 X121.2 Y106.998 E2340.94831
G1 X121.2 Y114.563 E2341.32573
G1 X119.42 Y121.2 E2341.66855
G1 X119.421 Y121.2
G1 X114.563 Y121.2 E2341.91092
G1 X121.2 Y119.421 E2342.25373
G1 X121.2 Y121.199 E2342.34243
G1 X98.801 Y98.8 E2343.9228
G1 X100.577 Y98.8 E2344.01141
G1 X98.8 Y105.432 E2344.35395
G1 X98.8 Y100.577 E2344.59617
G1 X97.981 Y100.796 E2344.63847
G0 F15000 X98.8 Y100.577
G0 X98.8 Y105.431
G0 X98.21 Y108.489
G0 X97.981 Y108.489
G1 F3529.8 X98.8 Y105.431 E2344.79641
G1 X98.8 Y113.001 E2345.17408
G1 X115.2 Y108.607 E2346.02113
G1 X115.2 Y98.23 E2346.53884
G1 X121.2 Y104.23 E2346.96218
G0 F15000 X120.572 Y103.6
G1 F3529.8 X121.9 Y103.6 E2347.02843
G0 F15000 X121.9 Y103.2
G1 F3529.8 X120.172 Y103.2 E2347.11464
G0 F15000 X119.772 Y102.8
G1 F3529.8 X121.9 Y102.8 E2347.22081
G0 F15000 X121.9 Y102
G1 F3529.8 X118.972 Y102 E2347.36689
G0 F15000 X118.572 Y101.6
G1 F3529.8 X121.9 Y101.6 E2347.53292
G0 F15000 X121.9 Y100.8
G1 F3529.8 X117.772 Y100.8 E2347.73887
G0 F15000 X117.372 Y100.4
G1 F3529.8 X121.9 Y100.4 E2347.96477
G0 F15000 X121.9 Y100
G1 F3529.8 X116.972 Y100 E2348.21063
G0 F15000 X116.172 Y99.2
G1 F3529.8 X121.9 Y99.2 E2348.4964
G0 F15000 X121.9 Y98.8
G1 F3529.8 X115.772 Y98.8 E2348.80213
G0 F15000 X115.2 Y98.23
G1 F3529.8 X114.951 Y97.98 E2348.81973
G0 F15000 X114.951 Y98.21
G0 X121.79 Y105.049
G0 X122.02 Y105.049
G1 F3529.8 X121.2 Y104.23 E2348.87755
G1 X121.2 Y106.998 E2349.01565
G1 X122.019 Y106.779 E2349.05794
G0 F15000 X121.79 Y106.779
G0 X121.79 Y111.503
G0 X122.02 Y111.503
G1 F3529.8 X121.2 Y114.562 E2349.21594
G1 X121.2 Y119.422 E2349.45841
G1 X122.019 Y119.202 E2349.50072
G0 F15000 X121.79 Y119.202
G0 X121.82 Y121.82
G0 X122.02 Y122.02
G1 F3529.8 X121.199 Y121.2 E2349.55861
G1 X119.421 Y121.2 E2349.64732
G1 X119.201 Y122.02 E2349.68967
G0 F15000 X119.201 Y121.79
G0 X108.927 Y114
G1 F3529.8 X98.1 Y114 E2350.22983
G0 F15000 X98.1 Y113.6
G1 F3529.8 X109.034 Y113.6 E2350.77533
G0 F15000 X98.8 Y113.001
G1 F3529.8 X97.98 Y113.22 E2350.81768
G0 F15000 X98.51 Y113.22
;MESH:NONMESH
G0 F300 X98.51 Y113.22 Z37.1
G0 F15000 X110 Y121.79
G0 X110 Y122.1
;TIME_ELAPSED:1776.773226
;LAYER:123
;TYPE:WALL-INNER
;MESH:Non-Layer Shifted Cube.stl
G1 F4500 X122.1 Y122.1 E2351.42135
G1 X122.1 Y97.9 E2352.62869
G1 X97.9 Y97.9 E2353.83603
G1 X97.9 Y122.1 E2355.04338
G1 X110 Y122.1 E2355.64705
G0 F15000 X110 Y122.5
;TYPE:WALL-OUTER
G1 F4500 X122.5 Y122.5 E2356.27068
G1 X122.5 Y97.5 E2357.51793
G1 X97.5 Y97.5 E2358.76519
G1 X97.5 Y122.5 E2360.01244
G1 X110 Y122.5 E2360.63607
G0 F15000 X110 Y121.74
;TYPE:SKIN
G1 F4500 X98.26 Y121.74 E2361.22178
G1 X98.26 Y98.26 E2362.3932
G1 X121.74 Y98.26 E2363.56462
G1 X121.74 Y121.74 E2364.73605
G1 X110 Y121.74 E2365.32176
G0 F15000 X110 Y122
G0 X121.139 Y122
G0 X121.139 Y121.54
G1 F4500 X121.54 Y121.139 E2365.35005
G0 F15000 X121.54 Y120.574
G1 F4500 X120.573 Y121.54 E2365.41824
G0 F15000 X120.007 Y121.54
G1 F4500 X121.54 Y120.008 E2365.52637
G0 F15000 X121.54 Y119.442
G1 F4500 X119.442 Y121.54 E2365.67439
G0 F15000 X118.876 Y121.54
G1 F4500 X121.54 Y118.877 E2365.86232
G0 F15000 X121.54 Y118.311
G1 F4500 X118.31 Y121.54 E2366.09017
G0 F15000 X117.745 Y121.54
G1 F4500 X121.54 Y117.745 E2366.35793
G0 F15000 X121.54 Y117.18
G1 F4500 X117.179 Y121.54 E2366.66559
G0 F15000 X116.613 Y121.54
G1 F4500 X121.54 Y116.614 E2367.01318
G0 F15000 X121.54 Y116.048
G1 F4500 X116.048 Y121.54 E2367.40067
G0 F15000 X115.482 Y121.54
G1 F4500 X121.54 Y115.483 E2367.82806
G0 F15000 X121.54 Y114.917
G1 F4500 X114.916 Y121.54 E2368.29538
G0 F15000 X114.35 Y121.54
G1 F4500 X121.54 Y114.351 E2368.80264
G0 F15000 X121.54 Y113.786
G1 F4500 X113.785 Y121.54 E2369.34976
G0 F15000 X113.219 Y121.54
G1 F4500 X121.54 Y113.22 E2369.93682
G0 F15000 X121.54 Y112.654
G1 F4500 X112.653 Y121.54 E2370.56381
G0 F15000 X112.088 Y121.54
G1 F4500 X121.54 Y112.088 E2371.2307
G0 F15000 X121.54 Y111.523
G1 F4500 X111.522 Y121.54 E2371.93749
G0 F15000 X110.956 Y121.54
G1 F4500 X121.54 Y110.957 E2372.68421
G0 F15000 X121.54 Y110.391
G1 F4500 X110.391 Y121.54 E2373.47083
G0 F15000 X109.825 Y121.54
G1 F4500 X121.54 Y109.826 E2374.29736
G0 F15000 X121.54 Y109.26
G1 F4500 X109.259 Y121.54 E2375.16381
G0 F15000 X108.694 Y121.54
G1 F4500 X121.54 Y108.694 E2376.07017
G0 F15000 X121.54 Y108.129
G1 F4500 X108.128 Y121.54 E2377.01642
G0 F15000 X107.562 Y121.54
G1 F4500 X121.54 Y107.563 E2378.00261
G0 F15000 X121.54 Y106.997
G1 F4500 X106.997 Y121.54 E2379.02869
G0 F15000 X106.431 Y121.54
G1 F4500 X121.54 Y106.432 E2380.09468
G0 F15000 X121.54 Y105.866
G1 F4500 X105.865 Y121.54 E2381.2006
G0 F15000 X105.3 Y121.54
G1 F4500 X121.54 Y105.3 E2382.34642
G0 F15000 X121.54 Y104.735
G1 F4500 X104.734 Y121.54 E2383.53214
G0 F15000 X104.168 Y121.54
G1 F4500 X121.54 Y104.169 E2384.75779
G0 F15000 X121.54 Y103.603
G1 F4500 X103.602 Y121.54 E2386.02338
G0 F15000 X103.037 Y121.54
G1 F4500 X121.54 Y103.037 E2387.32887
G0 F15000 X121.54 Y102.472
G1 F4500 X102.471 Y121.54 E2388.67425
G0 F15000 X101.905 Y121.54
G1 F4500 X121.54 Y101.906 E2390.05957
G0 F15000 X121.54 Y101.34
G1 F4500 X101.34 Y121.54 E2391.48479
G0 F15000 X100.774 Y121.54
G1 F4500 X121.54 Y100.775 E2392.94991
G0 F15000 X121.54 Y100.209
G1 F4500 X100.208 Y121.54 E2394.45496
G0 F15000 X99.643 Y121.54
G1 F4500 X121.54 Y99.643 E2395.99991
G0 F15000 X121.54 Y99.078
G1 F4500 X99.077 Y121.54 E2397.58477
G0 F15000 X98.511 Y121.54
G1 F4500 X121.54 Y98.512 E2399.20955
G0 F15000 X121.026 Y98.46
G1 F4500 X98.46 Y121.026 E2400.8017
G0 F15000 X98.46 Y120.461
G1 F4500 X120.461 Y98.46 E2402.35399
G0 F15000 X119.895 Y98.46
G1 F4500 X98.46 Y119.895 E2403.86635
G0 F15000 X98.46 Y119.329
G1 F4500 X119.329 Y98.46 E2405.33877
G0 F15000 X118.764 Y98.46
G1 F4500 X98.46 Y118.764 E2406.77133
G0 F15000 X98.46 Y118.198
G1 F4500 X118.198 Y98.46 E2408.16395
G0 F15000 X117.632 Y98.46
G1 F4500 X98.46 Y117.632 E2409.51664
G0 F15000 X98.46 Y117.066
G1 F4500 X117.066 Y98.46 E2410.82939
G0 F15000 X116.501 Y98.46
G1 F4500 X98.46 Y116.501 E2412.10228
G0 F15000 X98.46 Y115.935
G1 F4500 X115.935 Y98.46 E2413.33524
G0 F15000 X115.369 Y98.46
G1 F4500 X98.46 Y115.369 E2414.52826
G0 F15000 X98.46 Y114.804
G1 F4500 X114.804 Y98.46 E2415.68141
G0 F15000 X114.238 Y98.46
G1 F4500 X98.46 Y114.238 E2416.79464
G0 F15000 X98.46 Y113.672
G1 F4500 X113.672 Y98.46 E2417.86793
G0 F15000 X113.107 Y98.46
G1 F4500 X98.46 Y113.107 E2418.90135
G0 F15000 X98.46 Y112.541
G1 F4500 X112.541 Y98.46 E2419.89484
G0 F15000 X111.975 Y98.46
G1 F4500 X98.46 Y111.975 E2420.8484
G0 F15000 X98.46 Y111.41
G1 F4500 X111.41 Y98.46 E2421.76209
G0 F15000 X110.844 Y98.46
G1 F4500 X98.46 Y110.844 E2422.63585
G0 F15000 X98.46 Y110.278
G1 F4500 X110.278 Y98.46 E2423.46967
G0 F15000 X109.713 Y98.46
G1 F4500 X98.46 Y109.713 E2424.26363
G0 F15000 X98.46 Y109.147
G1 F4500 X109.147 Y98.46 E2425.01766
G0 F15000 X108.581 Y98.46
G1 F4500 X98.46 Y108.581 E2425.73175
G0 F15000 X98.46 Y108.016
G1 F4500 X108.016 Y98.46 E2426.40598
G0 F15000 X107.45 Y98.46
G1 F4500 X98.46 Y107.45 E2427.04027
G0 F15000 X98.46 Y106.884
G1 F4500 X106.884 Y98.46 E2427.63463
G0 F15000 X106.318 Y98.46
G1 F4500 X98.46 Y106.318 E2428.18905
G0 F15000 X98.46 Y105.753
G1 F4500 X105.753 Y98.46 E2428.70361
G0 F15000 X105.187 Y98.46
G1 F4500 X98.46 Y105.187 E2429.17824
G0 F15000 X98.46 Y104.621
G1 F4500 X104.621 Y98.46 E2429.61293
G0 F15000 X104.056 Y98.46
G1 F4500 X98.46 Y104.056 E2430.00776
G0 F15000 X98.46 Y103.49
G1 F4500 X103.49 Y98.46 E2430.36265
G0 F15000 X102.924 Y98.46
G1 F4500 X98.46 Y102.924 E2430.67761
G0 F15000 X98.46 Y102.359
G1 F4500 X102.359 Y98.46 E2430.95271
G0 F15000 X101.793 Y98.46
G1 F4500 X98.46 Y101.793 E2431.18787
G0 F15000 X98.46 Y101.227
G1 F4500 X101.227 Y98.46 E2431.3831
G0 F15000 X100.662 Y98.46
G1 F4500 X98.46 Y100.662 E2431.53846
G0 F15000 X98.46 Y100.096
G1 F4500 X100.096 Y98.46 E2431.65389
G0 F15000 X99.53 Y98.46
G1 F4500 X98.46 Y99.53 E2431.72938
G0 F15000 X98.46 Y98.965
G1 F4500 X98.965 Y98.46 E2431.76501
G1 F1500 E2425.26501
;MESH:NONMESH
G0 F300 X98.965 Y98.46 Z37.4
G0 F15000 X98.965 Y98
G0 X98.072 Y98.072
G0 X98.072 Y121.928
G0 X110 Y122.1
;TIME_ELAPSED:1815.225044
;LAYER:124
;TYPE:WALL-INNER
;MESH:Non-Layer Shifted Cube.stl
G1 F1500 E2431.76501
G1 F4500 X122.1 Y122.1 E2432.36868
G1 X122.1 Y97.9 E2433.57603
G1 X97.9 Y97.9 E2434.78337
G1 X97.9 Y122.1 E2435.99071
G1 X110 Y122.1 E2436.59438
G0 F15000 X110 Y122.5
;TYPE:WALL-OUTER
G1 F4500 X122.5 Y122.5 E2437.21801
G1 X122.5 Y97.5 E2438.46527
G1 X97.5 Y97.5 E2439.71252
G1 X97.5 Y122.5 E2440.95978
G1 X110 Y122.5 E2441.5834
G0 F15000 X110 Y121.74
;TYPE:SKIN
G1 F4500 X98.26 Y121.74 E2442.16911
G1 X98.26 Y98.26 E2443.34054
G1 X121.74 Y98.26 E2444.51196
G1 X121.74 Y121.74 E2445.68338
G1 X110 Y121.74 E2446.26909
G0 F15000 X110 Y122
G0 X98.912 Y122
G0 X98.912 Y121.54
G1 F4500 X98.46 Y121.087 E2446.30102
G0 F15000 X98.46 Y120.521
G1 F4500 X99.478 Y121.54 E2446.37288
G0 F15000 X100.044 Y121.54
G1 F4500 X98.46 Y119.956 E2446.48464
G0 F15000 X98.46 Y119.39
G1 F4500 X100.609 Y121.54 E2446.6363
G0 F15000 X101.175 Y121.54
G1 F4500 X98.46 Y118.824 E2446.82789
G0 F15000 X98.46 Y118.259
G1 F4500 X101.741 Y121.54 E2447.05938
G0 F15000 X102.306 Y121.54
G1 F4500 X98.46 Y117.693 E2447.33077
G0 F15000 X98.46 Y117.127
G1 F4500 X102.872 Y121.54 E2447.6421
G0 F15000 X103.438 Y121.54
G1 F4500 X98.46 Y116.562 E2447.99332
G0 F15000 X98.46 Y115.996
G1 F4500 X104.003 Y121.54 E2448.38445
G0 F15000 X104.569 Y121.54
G1 F4500 X98.46 Y115.43 E2448.81551
G0 F15000 X98.46 Y114.865
G1 F4500 X105.135 Y121.54 E2449.28646
G0 F15000 X105.7 Y121.54
G1 F4500 X98.46 Y114.299 E2449.79732
G0 F15000 X98.46 Y113.733
G1 F4500 X106.266 Y121.54 E2450.34811
G0 F15000 X106.832 Y121.54
G1 F4500 X98.46 Y113.167 E2450.93884
G0 F15000 X98.46 Y112.602
G1 F4500 X107.397 Y121.54 E2451.56943
G0 F15000 X107.963 Y121.54
G1 F4500 X98.46 Y112.036 E2452.23995
G0 F15000 X98.46 Y111.47
G1 F4500 X108.529 Y121.54 E2452.95041
G0 F15000 X109.095 Y121.54
G1 F4500 X98.46 Y110.905 E2453.70076
G0 F15000 X98.46 Y110.339
G1 F4500 X109.66 Y121.54 E2454.49102
G0 F15000 X110.226 Y121.54
G1 F4500 X98.46 Y109.773 E2455.32121
G0 F15000 X98.46 Y109.208
G1 F4500 X110.792 Y121.54 E2456.1913
G0 F15000 X111.357 Y121.54
G1 F4500 X98.46 Y108.642 E2457.10129
G0 F15000 X98.46 Y108.076
G1 F4500 X111.923 Y121.54 E2458.05121
G0 F15000 X112.489 Y121.54
G1 F4500 X98.46 Y107.511 E2459.04103
G0 F15000 X98.46 Y106.945
G1 F4500 X113.054 Y121.54 E2460.07075
G0 F15000 X113.62 Y121.54
G1 F4500 X98.46 Y106.379 E2461.14041
G0 F15000 X98.46 Y105.814
G1 F4500 X114.186 Y121.54 E2462.24996
G0 F15000 X114.751 Y121.54
G1 F4500 X98.46 Y105.248 E2463.39941
G0 F15000 X98.46 Y104.682
G1 F4500 X115.317 Y121.54 E2464.5888
G0 F15000 X115.883 Y121.54
G1 F4500 X98.46 Y104.117 E2465.81809
G0 F15000 X98.46 Y103.551
G1 F4500 X116.448 Y121.54 E2467.08727
G0 F15000 X117.014 Y121.54
G1 F4500 X98.46 Y102.985 E2468.39639
G0 F15000 X98.46 Y102.419
G1 F4500 X117.58 Y121.54 E2469.74545
G0 F15000 X118.146 Y121.54
G1 F4500 X98.46 Y101.854 E2471.1344
G0 F15000 X98.46 Y101.288
G1 F4500 X118.711 Y121.54 E2472.56326
G0 F15000 X119.277 Y121.54
G1 F4500 X98.46 Y100.722 E2474.03204
G0 F15000 X98.46 Y100.157
G1 F4500 X119.843 Y121.54 E2475.54073
G0 F15000 X120.408 Y121.54
G1 F4500 X98.46 Y99.591 E2477.08931
G0 F15000 X98.46 Y99.025
G1 F4500 X120.974 Y121.54 E2478.67783
G0 F15000 X121.54 Y121.54
G1 F4500 X98.46 Y98.46 E2480.30625
G0 F15000 X99.025 Y98.46
G1 F4500 X121.54 Y120.975 E2481.89481
G0 F15000 X121.54 Y120.409
G1 F4500 X99.591 Y98.46 E2483.44343
G0 F15000 X100.157 Y98.46
G1 F4500 X121.54 Y119.843 E2484.95211
G0 F15000 X121.54 Y119.278
G1 F4500 X100.722 Y98.46 E2486.42094
G0 F15000 X101.288 Y98.46
G1 F4500 X121.54 Y118.712 E2487.84982
G0 F15000 X121.54 Y118.146
G1 F4500 X101.854 Y98.46 E2489.23878
G0 F15000 X102.419 Y98.46
G1 F4500 X121.54 Y117.581 E2490.58787
G0 F15000 X121.54 Y117.015
G1 F4500 X102.985 Y98.46 E2491.89702
G0 F15000 X103.551 Y98.46
G1 F4500 X121.54 Y116.449 E2493.16624
G0 F15000 X121.54 Y115.883
G1 F4500 X104.117 Y98.46 E2494.39553
G0 F15000 X104.682 Y98.46
G1 F4500 X121.54 Y115.318 E2495.58495
G0 F15000 X121.54 Y114.752
G1 F4500 X105.248 Y98.46 E2496.73444
G0 F15000 X105.814 Y98.46
G1 F4500 X121.54 Y114.186 E2497.844
G0 F15000 X121.54 Y113.621
G1 F4500 X106.379 Y98.46 E2498.91369
G0 F15000 X106.945 Y98.46
G1 F4500 X121.54 Y113.055 E2499.94344
G0 F15000 X121.54 Y112.489
G1 F4500 X107.511 Y98.46 E2500.93326
G0 F15000 X108.076 Y98.46
G1 F4500 X121.54 Y111.924 E2501.88322
G0 F15000 X121.54 Y111.358
G1 F4500 X108.642 Y98.46 E2502.79325
G0 F15000 X109.208 Y98.46
G1 F4500 X121.54 Y110.792 E2503.66334
G0 F15000 X121.54 Y110.227
G1 F4500 X109.773 Y98.46 E2504.49356
G0 F15000 X110.339 Y98.46
G1 F4500 X121.54 Y109.661 E2505.28385
G0 F15000 X121.54 Y109.095
G1 F4500 X110.905 Y98.46 E2506.03421
G0 F15000 X111.47 Y98.46
G1 F4500 X121.54 Y108.53 E2506.7447
G0 F15000 X121.54 Y107.964
G1 F4500 X112.036 Y98.46 E2507.41526
G0 F15000 X112.602 Y98.46
G1 F4500 X121.54 Y107.398 E2508.04588
G0 F15000 X121.54 Y106.833
G1 F4500 X113.167 Y98.46 E2508.63664
G0 F15000 X113.733 Y98.46
G1 F4500 X121.54 Y106.267 E2509.18747
G0 F15000 X121.54 Y105.701
G1 F4500 X114.299 Y98.46 E2509.69836
G0 F15000 X114.865 Y98.46
G1 F4500 X121.54 Y105.135 E2510.16932
G0 F15000 X121.54 Y104.57
G1 F4500 X115.43 Y98.46 E2510.60041
G0 F15000 X115.996 Y98.46
G1 F4500 X121.54 Y104.004 E2510.99157
G0 F15000 X121.54 Y103.438
G1 F4500 X116.562 Y98.46 E2511.3428
G0 F15000 X117.127 Y98.46
G1 F4500 X121.54 Y102.873 E2511.65416
G0 F15000 X121.54 Y102.307
G1 F4500 X117.693 Y98.46 E2511.92558
G0 F15000 X118.259 Y98.46
G1 F4500 X121.54 Y101.741 E2512.15708
G0 F15000 X121.54 Y101.176
G1 F4500 X118.824 Y98.46 E2512.34871
G0 F15000 X119.39 Y98.46
G1 F4500 X121.54 Y100.61 E2512.5004
G0 F15000 X121.54 Y100.044
G1 F4500 X119.956 Y98.46 E2512.61216
G0 F15000 X120.521 Y98.46
G1 F4500 X121.54 Y99.479 E2512.68406
G0 F15000 X121.54 Y98.913
G1 F4500 X121.087 Y98.46 E2512.71602
G1 F1500 E2506.21602
;MESH:NONMESH
G0 F300 X121.087 Y98.46 Z37.7
G0 F15000 X121.087 Y98
G0 X121.928 Y98.072
G0 X121.928 Y121.928
G0 X110 Y122.1
;TIME_ELAPSED:1853.952993
;LAYER:125
;TYPE:WALL-INNER
;MESH:Non-Layer Shifted Cube.stl
G1 F1500 E2512.71602
G1 F4500 X122.1 Y122.1 E2513.31969
G1 X122.1 Y97.9 E2514.52703
G1 X97.9 Y97.9 E2515.73437
G1 X97.9 Y122.1 E2516.94172
G1 X110 Y122.1 E2517.54539
G0 F15000 X110 Y122.5
;TYPE:WALL-OUTER
G1 F4500 X122.5 Y122.5 E2518.16902
G1 X122.5 Y97.5 E2519.41627
G1 X97.5 Y97.5 E2520.66353
G1 X97.5 Y122.5 E2521.91078
G1 X110 Y122.5 E2522.53441
G0 F15000 X110 Y121.74
;TYPE:SKIN
G1 F4500 X98.26 Y121.74 E2523.12012
G1 X98.26 Y98.26 E2524.29154
G1 X121.74 Y98.26 E2525.46296
G1 X121.74 Y121.74 E2526.63439
G1 X110 Y121.74 E2527.2201
G0 F15000 X110 Y122
G0 X121.139 Y122
G0 X121.139 Y121.54
G1 F4500 X121.54 Y121.139 E2527.24839
G0 F15000 X121.54 Y120.574
G1 F4500 X120.573 Y121.54 E2527.31658
G0 F15000 X120.007 Y121.54
G1 F4500 X121.54 Y120.008 E2527.42471
G0 F15000 X121.54 Y119.442
G1 F4500 X119.442 Y121.54 E2527.57273
G0 F15000 X118.876 Y121.54
G1 F4500 X121.54 Y118.877 E2527.76066
G0 F15000 X121.54 Y118.311
G1 F4500 X118.31 Y121.54 E2527.98852
G0 F15000 X117.745 Y121.54
G1 F4500 X121.54 Y117.745 E2528.25627
G0 F15000 X121.54 Y117.18
G1 F4500 X117.179 Y121.54 E2528.56393
G0 F15000 X116.613 Y121.54
G1 F4500 X121.54 Y116.614 E2528.91152
G0 F15000 X121.54 Y116.048
G1 F4500 X116.048 Y121.54 E2529.29901
G0 F15000 X115.482 Y121.54
G1 F4500 X121.54 Y115.483 E2529.7264
G0 F15000 X121.54 Y114.917
G1 F4500 X114.916 Y121.54 E2530.19372
G0 F15000 X114.35 Y121.54
G1 F4500 X121.54 Y114.351 E2530.70098
G0 F15000 X121.54 Y113.786
G1 F4500 X113.785 Y121.54 E2531.2481
G0 F15000 X113.219 Y121.54
G1 F4500 X121.54 Y113.22 E2531.83516
G0 F15000 X121.54 Y112.654
G1 F4500 X112.653 Y121.54 E2532.46215
G0 F15000 X112.088 Y121.54
G1 F4500 X121.54 Y112.088 E2533.12904
G0 F15000 X121.54 Y111.523
G1 F4500 X111.522 Y121.54 E2533.83583
G0 F15000 X110.956 Y121.54
G1 F4500 X121.54 Y110.957 E2534.58255
G0 F15000 X121.54 Y110.391
G1 F4500 X110.391 Y121.54 E2535.36917
G0 F15000 X109.825 Y121.54
G1 F4500 X121.54 Y109.826 E2536.1957
G0 F15000 X121.54 Y109.26
G1 F4500 X109.259 Y121.54 E2537.06215
G0 F15000 X108.694 Y121.54
G1 F4500 X121.54 Y108.694 E2537.96851
G0 F15000 X121.54 Y108.129
G1 F4500 X108.128 Y121.54 E2538.91476
G0 F15000 X107.562 Y121.54
G1 F4500 X121.54 Y107.563 E2539.90095
G0 F15000 X121.54 Y106.997
G1 F4500 X106.997 Y121.54 E2540.92704
G0 F15000 X106.431 Y121.54
G1 F4500 X121.54 Y106.432 E2541.99302
G0 F15000 X121.54 Y105.866
G1 F4500 X105.865 Y121.54 E2543.09894
G0 F15000 X105.3 Y121.54
G1 F4500 X121.54 Y105.3 E2544.24476
G0 F15000 X121.54 Y104.735
G1 F4500 X104.734 Y121.54 E2545.43048
G0 F15000 X104.168 Y121.54
G1 F4500 X121.54 Y104.169 E2546.65613
G0 F15000 X121.54 Y103.603
G1 F4500 X103.602 Y121.54 E2547.92172
G0 F15000 X103.037 Y121.54
G1 F4500 X121.54 Y103.037 E2549.22721
G0 F15000 X121.54 Y102.472
G1 F4500 X102.471 Y121.54 E2550.57259
G0 F15000 X101.905 Y121.54
G1 F4500 X121.54 Y101.906 E2551.95791
G0 F15000 X121.54 Y101.34
G1 F4500 X101.34 Y121.54 E2553.38313
G0 F15000 X100.774 Y121.54
G1 F4500 X121.54 Y100.775 E2554.84825
G0 F15000 X121.54 Y100.209
G1 F4500 X100.208 Y121.54 E2556.3533
G0 F15000 X99.643 Y121.54
G1 F4500 X121.54 Y99.643 E2557.89826
G0 F15000 X121.54 Y99.078
G1 F4500 X99.077 Y121.54 E2559.48311
G0 F15000 X98.511 Y121.54
G1 F4500 X121.54 Y98.512 E2561.10789
G0 F15000 X121.026 Y98.46
G1 F4500 X98.46 Y121.026 E2562.70004
G0 F15000 X98.46 Y120.461
G1 F4500 X120.461 Y98.46 E2564.25233
G0 F15000 X119.895 Y98.46
G1 F4500 X98.46 Y119.895 E2565.76469
G0 F15000 X98.46 Y119.329
G1 F4500 X119.329 Y98.46 E2567.23711
G0 F15000 X118.764 Y98.46
G1 F4500 X98.46 Y118.764 E2568.66967
G0 F15000 X98.46 Y118.198
G1 F4500 X118.198 Y98.46 E2570.06229
G0 F15000 X117.632 Y98.46
G1 F4500 X98.46 Y117.632 E2571.41498
G0 F15000 X98.46 Y117.066
G1 F4500 X117.066 Y98.46 E2572.72773
G0 F15000 X116.501 Y98.46
G1 F4500 X98.46 Y116.501 E2574.00062
G0 F15000 X98.46 Y115.935
G1 F4500 X115.935 Y98.46 E2575.23358
G0 F15000 X115.369 Y98.46
G1 F4500 X98.46 Y115.369 E2576.4266
G0 F15000 X98.46 Y114.804
G1 F4500 X114.804 Y98.46 E2577.57975
G0 F15000 X114.238 Y98.46
G1 F4500 X98.46 Y114.238 E2578.69298
G0 F15000 X98.46 Y113.672
G1 F4500 X113.672 Y98.46 E2579.76627
G0 F15000 X113.107 Y98.46
G1 F4500 X98.46 Y113.107 E2580.79969
G0 F15000 X98.46 Y112.541
G1 F4500 X112.541 Y98.46 E2581.79318
G0 F15000 X111.975 Y98.46
G1 F4500 X98.46 Y111.975 E2582.74674
G0 F15000 X98.46 Y111.41
G1 F4500 X111.41 Y98.46 E2583.66043
G0 F15000 X110.844 Y98.46
G1 F4500 X98.46 Y110.844 E2584.53419
G0 F15000 X98.46 Y110.278
G1 F4500 X110.278 Y98.46 E2585.36801
G0 F15000 X109.713 Y98.46
G1 F4500 X98.46 Y109.713 E2586.16197
G0 F15000 X98.46 Y109.147
G1 F4500 X109.147 Y98.46 E2586.916
G0 F15000 X108.581 Y98.46
G1 F4500 X98.46 Y108.581 E2587.63009
G0 F15000 X98.46 Y108.016
G1 F4500 X108.016 Y98.46 E2588.30432
G0 F15000 X107.45 Y98.46
G1 F4500 X98.46 Y107.45 E2588.93861
G0 F15000 X98.46 Y106.884
G1 F4500 X106.884 Y98.46 E2589.53297
G0 F15000 X106.318 Y98.46
G1 F4500 X98.46 Y106.318 E2590.08739
G0 F15000 X98.46 Y105.753
G1 F4500 X105.753 Y98.46 E2590.60195
G0 F15000 X105.187 Y98.46
G1 F4500 X98.46 Y105.187 E2591.07658
G0 F15000 X98.46 Y104.621
G1 F4500 X104.621 Y98.46 E2591.51127
G0 F15000 X104.056 Y98.46
G1 F4500 X98.46 Y104.056 E2591.9061
G0 F15000 X98.46 Y103.49
G1 F4500 X103.49 Y98.46 E2592.26099
G0 F15000 X102.924 Y98.46
G1 F4500 X98.46 Y102.924 E2592.57595
G0 F15000 X98.46 Y102.359
G1 F4500 X102.359 Y98.46 E2592.85105
G0 F15000 X101.793 Y98.46
G1 F4500 X98.46 Y101.793 E2593.08621
G0 F15000 X98.46 Y101.227
G1 F4500 X101.227 Y98.46 E2593.28144
G0 F15000 X100.662 Y98.46
G1 F4500 X98.46 Y100.662 E2593.4368
G0 F15000 X98.46 Y100.096
G1 F4500 X100.096 Y98.46 E2593.55223
G0 F15000 X99.53 Y98.46
G1 F4500 X98.46 Y99.53 E2593.62772
G0 F15000 X98.46 Y98.965
G1 F4500 X98.965 Y98.46 E2593.66335
G1 F1500 E2587.16335
;MESH:NONMESH
G0 F300 X98.965 Y98.46 Z38
G0 F15000 X98.965 Y98
G0 X98.072 Y98.072
G0 X98.072 Y121.928
G0 X110 Y122.1
;TIME_ELAPSED:1892.680311
;LAYER:126
;TYPE:WALL-INNER
;MESH:Non-Layer Shifted Cube.stl
G1 F1500 E2593.66335
G1 F4500 X122.1 Y122.1 E2594.26702
G1 X122.1 Y97.9 E2595.47437
G1 X97.9 Y97.9 E2596.68171
G1 X97.9 Y122.1 E2597.88905
G1 X110 Y122.1 E2598.49272
G0 F15000 X110 Y122.5
;TYPE:WALL-OUTER
G1 F4500 X122.5 Y122.5 E2599.11635
G1 X122.5 Y97.5 E2600.36361
G1 X97.5 Y97.5 E2601.61086
G1 X97.5 Y122.5 E2602.85812
G1 X110 Y122.5 E2603.48174
G0 F15000 X110 Y121.74
;TYPE:SKIN
G1 F4500 X98.26 Y121.74 E2604.06746
G1 X98.26 Y98.26 E2605.23888
G1 X121.74 Y98.26 E2606.4103
G1 X121.74 Y121.74 E2607.58172
G1 X110 Y121.74 E2608.16743
G0 F15000 X110 Y122
G0 X98.912 Y122
G0 X98.912 Y121.54
G1 F4500 X98.46 Y121.087 E2608.19936
G0 F15000 X98.46 Y120.521
G1 F4500 X99.478 Y121.54 E2608.27122
G0 F15000 X100.044 Y121.54
G1 F4500 X98.46 Y119.956 E2608.38298
G0 F15000 X98.46 Y119.39
G1 F4500 X100.609 Y121.54 E2608.53464
G0 F15000 X101.175 Y121.54
G1 F4500 X98.46 Y118.824 E2608.72623
G0 F15000 X98.46 Y118.259
G1 F4500 X101.741 Y121.54 E2608.95772
G0 F15000 X102.306 Y121.54
G1 F4500 X98.46 Y117.693 E2609.22911
G0 F15000 X98.46 Y117.127
G1 F4500 X102.872 Y121.54 E2609.54044
G0 F15000 X103.438 Y121.54
G1 F4500 X98.46 Y116.562 E2609.89166
G0 F15000 X98.46 Y115.996
G1 F4500 X104.003 Y121.54 E2610.28279
G0 F15000 X104.569 Y121.54
G1 F4500 X98.46 Y115.43 E2610.71385
G0 F15000 X98.46 Y114.865
G1 F4500 X105.135 Y121.54 E2611.1848
G0 F15000 X105.7 Y121.54
G1 F4500 X98.46 Y114.299 E2611.69566
G0 F15000 X98.46 Y113.733
G1 F4500 X106.266 Y121.54 E2612.24645
G0 F15000 X106.832 Y121.54
G1 F4500 X98.46 Y113.167 E2612.83718
G0 F15000 X98.46 Y112.602
G1 F4500 X107.397 Y121.54 E2613.46777
G0 F15000 X107.963 Y121.54
G1 F4500 X98.46 Y112.036 E2614.13829
G0 F15000 X98.46 Y111.47
G1 F4500 X108.529 Y121.54 E2614.84875
G0 F15000 X109.095 Y121.54
G1 F4500 X98.46 Y110.905 E2615.5991
G0 F15000 X98.46 Y110.339
G1 F4500 X109.66 Y121.54 E2616.38936
G0 F15000 X110.226 Y121.54
G1 F4500 X98.46 Y109.773 E2617.21955
G0 F15000 X98.46 Y109.208
G1 F4500 X110.792 Y121.54 E2618.08964
G0 F15000 X111.357 Y121.54
G1 F4500 X98.46 Y108.642 E2618.99963
G0 F15000 X98.46 Y108.076
G1 F4500 X111.923 Y121.54 E2619.94955
G0 F15000 X112.489 Y121.54
G1 F4500 X98.46 Y107.511 E2620.93937
G0 F15000 X98.46 Y106.945
G1 F4500 X113.054 Y121.54 E2621.96909
G0 F15000 X113.62 Y121.54
G1 F4500 X98.46 Y106.379 E2623.03875
G0 F15000 X98.46 Y105.814
G1 F4500 X114.186 Y121.54 E2624.1483
G0 F15000 X114.751 Y121.54
G1 F4500 X98.46 Y105.248 E2625.29775
G0 F15000 X98.46 Y104.682
G1 F4500 X115.317 Y121.54 E2626.48714
G0 F15000 X115.883 Y121.54
G1 F4500 X98.46 Y104.117 E2627.71643
G0 F15000 X98.46 Y103.551
G1 F4500 X116.448 Y121.54 E2628.98561
G0 F15000 X117.014 Y121.54
G1 F4500 X98.46 Y102.985 E2630.29473
G0 F15000 X98.46 Y102.419
G1 F4500 X117.58 Y121.54 E2631.64379
G0 F15000 X118.146 Y121.54
G1 F4500 X98.46 Y101.854 E2633.03274
G0 F15000 X98.46 Y101.288
G1 F4500 X118.711 Y121.54 E2634.4616
G0 F15000 X119.277 Y121.54
G1 F4500 X98.46 Y100.722 E2635.93038
G0 F15000 X98.46 Y100.157
G1 F4500 X119.843 Y121.54 E2637.43907
G0 F15000 X120.408 Y121.54
G1 F4500 X98.46 Y99.591 E2638.98765
G0 F15000 X98.46 Y99.025
G1 F4500 X120.974 Y121.54 E2640.57617
G0 F15000 X121.54 Y121.54
G1 F4500 X98.46 Y98.46 E2642.20459
G0 F15000 X99.025 Y98.46
G1 F4500 X121.54 Y120.975 E2643.79315
G0 F15000 X121.54 Y120.409
G1 F4500 X99.591 Y98.46 E2645.34177
G0 F15000 X100.157 Y98.46
G1 F4500 X121.54 Y119.843 E2646.85045
G0 F15000 X121.54 Y119.278
G1 F4500 X100.722 Y98.46 E2648.31928
G0 F15000 X101.288 Y98.46
G1 F4500 X121.54 Y118.712 E2649.74816
G0 F15000 X121.54 Y118.146
G1 F4500 X101.854 Y98.46 E2651.13712
G0 F15000 X102.419 Y98.46
G1 F4500 X121.54 Y117.581 E2652.48621
G0 F15000 X121.54 Y117.015
G1 F4500 X102.985 Y98.46 E2653.79536
G0 F15000 X103.551 Y98.46
G1 F4500 X121.54 Y116.449 E2655.06458
G0 F15000 X121.54 Y115.883
G1 F4500 X104.117 Y98.46 E2656.29387
G0 F15000 X104.682 Y98.46
G1 F4500 X121.54 Y115.318 E2657.48329
G0 F15000 X121.54 Y114.752
G1 F4500 X105.248 Y98.46 E2658.63278
G0 F15000 X105.814 Y98.46
G1 F4500 X121.54 Y114.186 E2659.74234
G0 F15000 X121.54 Y113.621
G1 F4500 X106.379 Y98.46 E2660.81203
G0 F15000 X106.945 Y98.46
G1 F4500 X121.54 Y113.055 E2661.84178
G0 F15000 X121.54 Y112.489
G1 F4500 X107.511 Y98.46 E2662.8316
G0 F15000 X108.076 Y98.46
G1 F4500 X121.54 Y111.924 E2663.78156
G0 F15000 X121.54 Y111.358
G1 F4500 X108.642 Y98.46 E2664.69159
G0 F15000 X109.208 Y98.46
G1 F4500 X121.54 Y110.792 E2665.56168
G0 F15000 X121.54 Y110.227
G1 F4500 X109.773 Y98.46 E2666.3919
G0 F15000 X110.339 Y98.46
G1 F4500 X121.54 Y109.661 E2667.18219
G0 F15000 X121.54 Y109.095
G1 F4500 X110.905 Y98.46 E2667.93255
G0 F15000 X111.47 Y98.46
G1 F4500 X121.54 Y108.53 E2668.64304
G0 F15000 X121.54 Y107.964
G1 F4500 X112.036 Y98.46 E2669.3136
G0 F15000 X112.602 Y98.46
G1 F4500 X121.54 Y107.398 E2669.94422
G0 F15000 X121.54 Y106.833
G1 F4500 X113.167 Y98.46 E2670.53498
G0 F15000 X113.733 Y98.46
G1 F4500 X121.54 Y106.267 E2671.08581
G0 F15000 X121.54 Y105.701
G1 F4500 X114.299 Y98.46 E2671.5967
G0 F15000 X114.865 Y98.46
G1 F4500 X121.54 Y105.135 E2672.06766
G0 F15000 X121.54 Y104.57
G1 F4500 X115.43 Y98.46 E2672.49875
G0 F15000 X115.996 Y98.46
G1 F4500 X121.54 Y104.004 E2672.88991
G0 F15000 X121.54 Y103.438
G1 F4500 X116.562 Y98.46 E2673.24114
G0 F15000 X117.127 Y98.46
G1 F4500 X121.54 Y102.873 E2673.5525
G0 F15000 X121.54 Y102.307
G1 F4500 X117.693 Y98.46 E2673.82392
G0 F15000 X118.259 Y98.46
G1 F4500 X121.54 Y101.741 E2674.05542
G0 F15000 X121.54 Y101.176
G1 F4500 X118.824 Y98.46 E2674.24705
G0 F15000 X119.39 Y98.46
G1 F4500 X121.54 Y100.61 E2674.39874
G0 F15000 X121.54 Y100.044
G1 F4500 X119.956 Y98.46 E2674.5105
G0 F15000 X120.521 Y98.46
G1 F4500 X121.54 Y99.479 E2674.5824
G0 F15000 X121.54 Y98.913
G1 F4500 X121.087 Y98.46 E2674.61436
;TIME_ELAPSED:1930.225858
G1 F1500 E2668.11436
M140 S0
M107
G91 ;Relative positioning
G1 E-2 F2700 ;Retract a bit
G1 E-2 Z0.2 F2400 ;Retract and raise Z
G1 X5 Y5 F3000 ;Wipe out
G1 Z10 ;Raise Z more
G90 ;Absolute positioning

G1 X0 Y220 ;Present print
M106 S0 ;Turn-off fan
M104 S0 ;Turn-off hotend
M140 S0 ;Turn-off bed

M84 X Y E ;Disable all steppers but Z

M82 ;absolute extrusion mode
M104 S0
;End of Gcode
;SETTING_3 {"global_quality": "[general]\\nversion = 4\\nname = Standard Quality
;SETTING_3  #2\\ndefinition = creality_ender3pro\\n\\n[metadata]\\ntype = qualit
;SETTING_3 y_changes\\nquality_type = standard\\nsetting_version = 25\\n\\n[valu
;SETTING_3 es]\\nadhesion_type = none\\nlayer_height = 0.3\\nsupport_structure =
;SETTING_3  tree\\n\\n", "extruder_quality": ["[general]\\nversion = 4\\nname = 
;SETTING_3 Standard Quality #2\\ndefinition = creality_ender3pro\\n\\n[metadata]
;SETTING_3 \\ntype = quality_changes\\nquality_type = standard\\nsetting_version
;SETTING_3  = 25\\nposition = 0\\n\\n[values]\\ninfill_pattern = triangles\\ninf
;SETTING_3 ill_sparse_density = 10\\nspeed_print = 150\\n\\n"]}
